python3 scripts/i18n_check.py
i18n check passed: app_en.arb has 1302 message keys in parity with the DE template.
python3 scripts/i18n_quality_check.py
i18n quality check passed: 1302 English message keys checked.
flutter analyze --no-fatal-infos
Resolving dependencies...
Downloading packages...
  _fe_analyzer_shared 93.0.0 (107.0.0 available)
  _flutterfire_internals 1.3.59 (1.3.77 available)
  agora_rtc_engine 6.5.3 (6.6.4 available)
  analyzer 10.0.1 (14.3.0 available)
  app_links 7.0.0 (7.2.1 available)
  app_links_platform_interface 2.0.2 (2.0.4 available)
  archive 4.0.9 (4.2.0 available)
  async 2.13.0 (2.13.1 available)
  audioplayers 6.6.0 (6.8.1 available)
  audioplayers_android 5.2.1 (5.3.0 available)
  audioplayers_darwin 6.4.0 (6.5.0 available)
  audioplayers_linux 4.2.1 (4.3.0 available)
  audioplayers_platform_interface 7.1.1 (7.2.0 available)
  audioplayers_web 5.2.0 (5.3.0 available)
  audioplayers_windows 4.3.0 (4.4.1 available)
  build 4.0.5 (4.0.11 available)
  build_config 1.3.0 (1.3.3 available)
  build_daemon 4.1.1 (4.1.6 available)
  build_runner 2.13.1 (2.16.1 available)
  built_value 8.12.4 (8.13.0 available)
  cached_network_image 3.4.1 (4.0.0 available)
  cached_network_image_platform_interface 4.1.1 (5.0.0 available)
  cached_network_image_web 1.3.1 (2.0.0 available)
  characters 1.4.0 (1.4.1 available)
  cli_util 0.4.2 (0.6.0 available)
  clock 1.1.2 (1.1.3 available)
  code_builder 4.11.1 (4.12.0 available)
  connectivity_plus 6.1.5 (7.3.1 available)
  connectivity_plus_platform_interface 2.0.1 (2.1.0 available)
  cross_file 0.3.5+2 (0.3.5+5 available)
  cupertino_icons 1.0.8 (1.0.9 available)
  dart_jsonwebtoken 3.3.2 (3.4.1 available)
  dart_style 3.1.7 (3.1.13 available)
  dbus 0.7.12 (0.7.15 available)
  drift 2.31.0 (2.34.4 available)
  drift_dev 2.31.0 (2.34.6 available)
  drift_flutter 0.2.8 (0.3.1 available)
  ed25519_edwards 0.3.1 (0.3.2 available)
  equatable 2.0.8 (2.1.0 available)
  firebase_core 3.15.2 (4.14.0 available)
  firebase_core_platform_interface 6.0.3 (8.1.1 available)
  firebase_core_web 2.24.1 (3.11.0 available)
  firebase_messaging 15.2.10 (16.6.0 available)
  firebase_messaging_platform_interface 4.6.10 (4.10.0 available)
  firebase_messaging_web 3.10.10 (4.2.5 available)
  fl_chart 0.69.2 (1.2.0 available)
  flutter_cache_manager 3.4.1 (3.4.2 available)
  flutter_dotenv 5.2.1 (6.0.1 available)
  flutter_lints 4.0.0 (6.0.0 available)
  flutter_local_notifications 19.5.0 (22.3.0 available)
  flutter_local_notifications_linux 6.0.0 (8.0.1 available)
  flutter_local_notifications_platform_interface 9.1.0 (12.2.0 available)
  flutter_local_notifications_windows 1.0.3 (3.1.1 available)
  flutter_map 7.0.2 (8.3.2 available)
  flutter_riverpod 2.6.1 (3.4.3 available)
  functions_client 2.5.0 (2.7.1 available)
  geolocator 13.0.4 (14.0.3 available)
  geolocator_android 4.6.2 (5.0.3 available)
  geolocator_apple 2.3.13 (2.3.14 available)
  geolocator_platform_interface 4.2.6 (4.3.0 available)
  geolocator_web 4.1.3 (4.1.4 available)
  glob 2.1.3 (2.2.0 available)
  go_router 14.8.1 (18.0.1 available)
  google_fonts 6.3.3 (8.2.1 available)
  google_sign_in_android 7.2.11 (7.2.17 available)
  google_sign_in_ios 6.3.0 (6.3.3 available)
  gotrue 2.20.0 (2.27.2 available)
  gtk 2.1.0 (2.2.0 available)
  html 0.15.6 (0.15.7 available)
  image 4.8.0 (4.9.2 available)
  intl 0.20.2 (0.20.3 available)
  io 1.0.5 (1.1.0 available)
  iris_method_channel 2.2.5 (2.2.7 available)
  json_annotation 4.11.0 (4.12.0 available)
  latlong2 0.9.1 (0.10.1 available)
  lints 4.0.0 (6.1.0 available)
  matcher 0.12.17 (0.12.20 available)
  material_color_utilities 0.11.1 (0.13.1 available)
  meta 1.17.0 (1.19.0 available)
  mgrs_dart 2.0.0 (3.0.0 available)
  mime 2.0.0 (2.1.0 available)
  mocktail 1.0.4 (1.0.5 available)
  package_config 2.2.0 (3.0.0 available)
  package_info_plus 8.3.1 (10.2.1 available)
  package_info_plus_platform_interface 3.2.1 (4.1.0 available)
  path_provider 2.1.5 (2.1.6 available)
  path_provider_android 2.2.22 (2.3.1 available)
  path_provider_foundation 2.5.1 (2.6.0 available)
  path_provider_linux 2.2.1 (2.2.2 available)
  path_provider_platform_interface 2.1.2 (2.1.3 available)
  pdf 3.12.0 (3.13.0 available)
  permission_handler 11.4.0 (13.0.2 available)
  permission_handler_android 12.1.0 (14.1.0 available)
  permission_handler_apple 9.4.7 (9.6.1 available)
  permission_handler_html 0.1.3+5 (0.1.4+1 available)
  permission_handler_platform_interface 4.3.0 (4.4.1 available)
  permission_handler_windows 0.2.1 (0.2.2 available)
  pool 1.5.2 (1.5.3 available)
  posix 6.5.0 (6.5.2 available)
  postgrest 2.7.0 (2.9.1 available)
  proj4dart 2.1.0 (3.0.0 available)
  pub_semver 2.2.0 (2.2.1 available)
  pubspec_parse 1.5.0 (1.6.0 available)
  qr 3.0.2 (4.0.0 available)
  realtime_client 2.7.3 (2.13.0 available)
  riverpod 2.6.1 (3.4.3 available)
  sentry 8.14.2 (9.29.0 available)
  sentry_flutter 8.14.2 (9.29.0 available)
  share_plus 10.1.4 (13.3.0 available)
  share_plus_platform_interface 5.0.2 (7.2.0 available)
  shared_preferences 2.5.4 (2.5.5 available)
  shared_preferences_android 2.4.21 (2.4.28 available)
  shared_preferences_foundation 2.5.6 (2.5.7 available)
  shared_preferences_platform_interface 2.4.1 (2.4.2 available)
  sign_in_with_apple 7.0.1 (8.2.0 available)
  source_gen 4.2.2 (4.3.0 available)
  sqflite 2.4.2 (2.4.3 available)
  sqflite_android 2.4.2+3 (2.4.3 available)
  sqflite_common 2.5.6 (2.5.11 available)
  sqflite_darwin 2.4.2 (2.4.3+1 available)
  sqflite_platform_interface 2.4.0 (2.4.1 available)
  sqlite3 2.9.4 (3.5.2 available)
  sqlite3_flutter_libs 0.5.42 (0.6.0+eol available)
  sqlparser 0.43.1 (0.45.0 available)
  stack_trace 1.12.1 (1.12.2 available)
  storage_client 2.5.2 (2.8.0 available)
  stream_transform 2.1.1 (2.1.2 available)
  supabase 2.10.6 (2.16.1 available)
  supabase_flutter 2.12.4 (2.17.2 available)
  synchronized 3.4.0 (3.4.1+2 available)
  test_api 0.7.7 (0.7.14 available)
! timezone 0.10.1 (overridden) (0.11.1 available)
  unicode 0.3.1 (1.1.9 available)
  url_launcher_android 6.3.28 (6.3.33 available)
  url_launcher_ios 6.4.1 (6.4.2 available)
  url_launcher_linux 3.2.2 (3.2.3 available)
  url_launcher_macos 3.2.5 (3.2.6 available)
  url_launcher_web 2.4.2 (2.4.3 available)
  url_launcher_windows 3.1.5 (3.1.6 available)
  uuid 4.5.3 (4.6.0 available)
  vector_math 2.2.0 (2.4.2 available)
  video_player 2.11.1 (2.14.0 available)
  video_player_android 2.9.4 (2.12.2 available)
  video_player_avfoundation 2.9.4 (2.11.1 available)
  video_player_platform_interface 6.6.0 (6.9.0 available)
  vm_service 15.0.2 (15.3.0 available)
  wakelock_plus 1.3.3 (1.8.0 available)
  wakelock_plus_platform_interface 1.4.0 (1.7.0 available)
  win32 5.15.0 (6.4.0 available)
  xml 6.6.1 (7.0.1 available)
  yaml 3.1.3 (3.1.4 available)
  yet_another_json_isolate 2.1.0 (2.1.1 available)
Got dependencies!
152 packages have newer versions incompatible with dependency constraints.
Try `flutter pub outdated` for more information.
Analyzing reflexjourney...                                      

   info • Statements in an if should be enclosed in a block • lib/bootstrap/bootstrap.dart:92:7 • curly_braces_in_flow_control_structures
   info • Statements in an if should be enclosed in a block • lib/bootstrap/bootstrap.dart:203:9 • curly_braces_in_flow_control_structures
   info • Parameter 'output' could be a super parameter • lib/core/logging/app_logger.dart:7:3 • use_super_parameters
   info • 'extra' is deprecated and shouldn't be used. Additional Data is deprecated in favor of structured [Contexts] and should be avoided when possible • lib/core/monitoring/sentry_service.dart:103:11 • deprecated_member_use
   info • Statements in an if should be enclosed in a block • lib/core/sync/sync_service.dart:137:9 • curly_braces_in_flow_control_structures
   info • Use 'const' with the constructor to improve performance • lib/features/assessment/domain/services/reflex_profile_pdf_radar.dart:15:29 • prefer_const_constructors
   info • Use 'const' with the constructor to improve performance • lib/features/assessment/domain/services/reflex_profile_pdf_radar.dart:17:33 • prefer_const_constructors
   info • Use 'const' for final variables initialized to a constant value • lib/features/assessment/domain/services/reflex_profile_pdf_radar.dart:47:3 • prefer_const_declarations
   info • Don't use 'BuildContext's across async gaps • lib/features/assessment/presentation/screens/reflex_profile_screen.dart:170:31 • use_build_context_synchronously
   info • Don't use 'BuildContext's across async gaps • lib/features/assessment/presentation/screens/reflex_profile_screen.dart:190:38 • use_build_context_synchronously
   info • Don't use 'BuildContext's across async gaps • lib/features/assessment/presentation/screens/reflex_profile_screen.dart:398:38 • use_build_context_synchronously
   info • Use 'const' with the constructor to improve performance • lib/features/assessment/presentation/screens/reflex_profile_screen.dart:818:23 • prefer_const_constructors
   info • Use 'const' with the constructor to improve performance • lib/features/assessment/presentation/widgets/adult_reflex_profile_result_view.dart:238:9 • prefer_const_constructors
   info • Use 'const' with the constructor to improve performance • lib/features/experience/presentation/screens/experience_feed_screen.dart:67:19 • prefer_const_constructors
   info • Use 'const' with the constructor to improve performance • lib/features/experience/presentation/widgets/experience_card.dart:49:28 • prefer_const_constructors
   info • Use 'const' with the constructor to improve performance • lib/features/trainer/presentation/screens/appointment_proposal_screen.dart:287:32 • prefer_const_constructors
   info • Don't use 'BuildContext's across async gaps • lib/features/trainer/presentation/screens/trainer_dashboard_screen.dart:1289:43 • use_build_context_synchronously
   info • Don't use 'BuildContext's across async gaps • lib/features/trainer/presentation/screens/trainer_dashboard_screen.dart:1308:33 • use_build_context_synchronously
   info • 'announce' is deprecated and shouldn't be used. Use sendAnnouncement instead. This API is incompatible with multiple windows. This feature was deprecated after v3.35.0-0.1.pre • lib/features/training/presentation/screens/training_exercise_screen.dart:175:22 • deprecated_member_use
   info • 'withOpacity' is deprecated and shouldn't be used. Use .withValues() to avoid precision loss • lib/features/training/presentation/screens/training_exercise_screen.dart:283:50 • deprecated_member_use
   info • 'withOpacity' is deprecated and shouldn't be used. Use .withValues() to avoid precision loss • lib/features/training/presentation/screens/training_exercise_screen.dart:284:52 • deprecated_member_use
   info • 'withOpacity' is deprecated and shouldn't be used. Use .withValues() to avoid precision loss • lib/features/training/presentation/screens/training_exercise_screen.dart:326:40 • deprecated_member_use
   info • 'withOpacity' is deprecated and shouldn't be used. Use .withValues() to avoid precision loss • lib/features/training/presentation/screens/training_exercise_screen.dart:361:44 • deprecated_member_use
   info • 'withOpacity' is deprecated and shouldn't be used. Use .withValues() to avoid precision loss • lib/features/training/presentation/screens/training_exercise_screen.dart:373:44 • deprecated_member_use
   info • 'withOpacity' is deprecated and shouldn't be used. Use .withValues() to avoid precision loss • lib/features/training/presentation/screens/training_exercise_screen.dart:384:60 • deprecated_member_use
   info • 'withOpacity' is deprecated and shouldn't be used. Use .withValues() to avoid precision loss • lib/features/training/presentation/screens/training_exercise_screen.dart:387:62 • deprecated_member_use
   info • 'withOpacity' is deprecated and shouldn't be used. Use .withValues() to avoid precision loss • lib/features/training/presentation/screens/training_exercise_screen.dart:547:56 • deprecated_member_use
   info • 'withOpacity' is deprecated and shouldn't be used. Use .withValues() to avoid precision loss • lib/features/training/presentation/screens/training_movement_screen.dart:62:50 • deprecated_member_use
   info • 'withOpacity' is deprecated and shouldn't be used. Use .withValues() to avoid precision loss • lib/features/training/presentation/screens/training_movement_screen.dart:63:52 • deprecated_member_use
   info • 'withOpacity' is deprecated and shouldn't be used. Use .withValues() to avoid precision loss • lib/features/training/presentation/screens/training_movement_screen.dart:84:32 • deprecated_member_use
   info • 'withOpacity' is deprecated and shouldn't be used. Use .withValues() to avoid precision loss • lib/features/training/presentation/screens/training_movement_screen.dart:89:49 • deprecated_member_use
   info • 'withOpacity' is deprecated and shouldn't be used. Use .withValues() to avoid precision loss • lib/features/training/presentation/screens/training_movement_screen.dart:130:61 • deprecated_member_use
   info • 'withOpacity' is deprecated and shouldn't be used. Use .withValues() to avoid precision loss • lib/features/training/presentation/screens/training_movement_screen.dart:136:40 • deprecated_member_use
   info • 'withOpacity' is deprecated and shouldn't be used. Use .withValues() to avoid precision loss • lib/features/training/presentation/screens/training_movement_screen.dart:168:44 • deprecated_member_use
   info • 'withOpacity' is deprecated and shouldn't be used. Use .withValues() to avoid precision loss • lib/features/training/presentation/screens/training_movement_screen.dart:171:46 • deprecated_member_use
   info • 'withOpacity' is deprecated and shouldn't be used. Use .withValues() to avoid precision loss • lib/features/training/presentation/screens/training_movement_screen.dart:217:56 • deprecated_member_use
   info • 'withOpacity' is deprecated and shouldn't be used. Use .withValues() to avoid precision loss • lib/features/training/presentation/screens/training_outro_screen.dart:70:34 • deprecated_member_use
   info • 'withOpacity' is deprecated and shouldn't be used. Use .withValues() to avoid precision loss • lib/features/training/presentation/screens/training_outro_screen.dart:86:32 • deprecated_member_use
   info • 'withOpacity' is deprecated and shouldn't be used. Use .withValues() to avoid precision loss • lib/features/training/presentation/screens/training_outro_screen.dart:112:42 • deprecated_member_use
   info • 'withOpacity' is deprecated and shouldn't be used. Use .withValues() to avoid precision loss • lib/features/training/presentation/screens/training_outro_screen.dart:133:62 • deprecated_member_use
   info • 'withOpacity' is deprecated and shouldn't be used. Use .withValues() to avoid precision loss • lib/features/training/presentation/screens/training_outro_screen.dart:136:64 • deprecated_member_use
   info • 'withOpacity' is deprecated and shouldn't be used. Use .withValues() to avoid precision loss • lib/features/training/presentation/screens/training_outro_screen.dart:240:57 • deprecated_member_use
   info • 'withOpacity' is deprecated and shouldn't be used. Use .withValues() to avoid precision loss • lib/features/training/presentation/screens/training_position_screen.dart:61:50 • deprecated_member_use
   info • 'withOpacity' is deprecated and shouldn't be used. Use .withValues() to avoid precision loss • lib/features/training/presentation/screens/training_position_screen.dart:62:52 • deprecated_member_use
   info • 'withOpacity' is deprecated and shouldn't be used. Use .withValues() to avoid precision loss • lib/features/training/presentation/screens/training_position_screen.dart:81:30 • deprecated_member_use
   info • 'withOpacity' is deprecated and shouldn't be used. Use .withValues() to avoid precision loss • lib/features/training/presentation/screens/training_position_screen.dart:86:47 • deprecated_member_use
   info • 'withOpacity' is deprecated and shouldn't be used. Use .withValues() to avoid precision loss • lib/features/training/presentation/screens/training_position_screen.dart:126:61 • deprecated_member_use
   info • 'withOpacity' is deprecated and shouldn't be used. Use .withValues() to avoid precision loss • lib/features/training/presentation/screens/training_position_screen.dart:132:40 • deprecated_member_use
   info • 'withOpacity' is deprecated and shouldn't be used. Use .withValues() to avoid precision loss • lib/features/training/presentation/screens/training_preparation_screen.dart:38:50 • deprecated_member_use
   info • 'withOpacity' is deprecated and shouldn't be used. Use .withValues() to avoid precision loss • lib/features/training/presentation/screens/training_preparation_screen.dart:39:52 • deprecated_member_use
   info • 'withOpacity' is deprecated and shouldn't be used. Use .withValues() to avoid precision loss • lib/features/training/presentation/screens/training_preparation_screen.dart:54:26 • deprecated_member_use
   info • 'withOpacity' is deprecated and shouldn't be used. Use .withValues() to avoid precision loss • lib/features/training/presentation/screens/training_preparation_screen.dart:76:58 • deprecated_member_use
   info • 'withOpacity' is deprecated and shouldn't be used. Use .withValues() to avoid precision loss • lib/features/training/presentation/widgets/animated_progress_bar.dart:94:35 • deprecated_member_use
   info • 'withOpacity' is deprecated and shouldn't be used. Use .withValues() to avoid precision loss • lib/features/training/presentation/widgets/animated_progress_bar.dart:102:39 • deprecated_member_use
   info • 'withOpacity' is deprecated and shouldn't be used. Use .withValues() to avoid precision loss • lib/features/training/presentation/widgets/animated_progress_bar.dart:126:56 • deprecated_member_use
   info • 'withOpacity' is deprecated and shouldn't be used. Use .withValues() to avoid precision loss • lib/features/training/presentation/widgets/animated_progress_bar.dart:201:32 • deprecated_member_use
   info • 'withOpacity' is deprecated and shouldn't be used. Use .withValues() to avoid precision loss • lib/features/training/presentation/widgets/animated_progress_bar.dart:208:32 • deprecated_member_use
   info • 'withOpacity' is deprecated and shouldn't be used. Use .withValues() to avoid precision loss • lib/features/training/presentation/widgets/animated_progress_bar.dart:276:60 • deprecated_member_use
   info • Use 'const' with the constructor to improve performance • lib/features/training/presentation/widgets/animated_progress_bar.dart:284:17 • prefer_const_constructors
   info • Statements in an if should be enclosed in a block • lib/features/training/presentation/widgets/animated_progress_bar.dart:297:7 • curly_braces_in_flow_control_structures
   info • Statements in an if should be enclosed in a block • lib/features/training/presentation/widgets/animated_progress_bar.dart:300:7 • curly_braces_in_flow_control_structures
   info • 'withOpacity' is deprecated and shouldn't be used. Use .withValues() to avoid precision loss • lib/features/training/presentation/widgets/animated_trophy.dart:87:36 • deprecated_member_use
   info • 'withOpacity' is deprecated and shouldn't be used. Use .withValues() to avoid precision loss • lib/features/training/presentation/widgets/arc_swap_visualizer.dart:123:37 • deprecated_member_use
   info • 'withOpacity' is deprecated and shouldn't be used. Use .withValues() to avoid precision loss • lib/features/training/presentation/widgets/arc_swap_visualizer.dart:124:24 • deprecated_member_use
   info • 'withOpacity' is deprecated and shouldn't be used. Use .withValues() to avoid precision loss • lib/features/training/presentation/widgets/arc_swap_visualizer.dart:127:37 • deprecated_member_use
   info • 'withOpacity' is deprecated and shouldn't be used. Use .withValues() to avoid precision loss • lib/features/training/presentation/widgets/arc_swap_visualizer.dart:128:24 • deprecated_member_use
   info • 'withOpacity' is deprecated and shouldn't be used. Use .withValues() to avoid precision loss • lib/features/training/presentation/widgets/arc_swap_visualizer.dart:299:45 • deprecated_member_use
   info • Use 'const' with the constructor to improve performance • lib/features/training/presentation/widgets/exercise_movement_widget.dart:214:21 • prefer_const_constructors
   info • Use 'const' with the constructor to improve performance • lib/features/training/presentation/widgets/exercise_movement_widget.dart:219:21 • prefer_const_constructors
   info • Use 'const' with the constructor to improve performance • lib/features/training/presentation/widgets/exercise_movement_widget.dart:287:36 • prefer_const_constructors
   info • Use 'const' with the constructor to improve performance • lib/features/training/presentation/widgets/exercise_movement_widget.dart:329:22 • prefer_const_constructors
   info • Use 'const' with the constructor to improve performance • lib/features/training/presentation/widgets/exercise_rest_widget.dart:71:20 • prefer_const_constructors
   info • Use 'const' with the constructor to improve performance • lib/features/training/presentation/widgets/exercise_rest_widget.dart:77:20 • prefer_const_constructors
   info • 'withOpacity' is deprecated and shouldn't be used. Use .withValues() to avoid precision loss • lib/features/training/presentation/widgets/parallel_lines_visualizer.dart:174:37 • deprecated_member_use
   info • 'withOpacity' is deprecated and shouldn't be used. Use .withValues() to avoid precision loss • lib/features/training/presentation/widgets/parallel_lines_visualizer.dart:175:24 • deprecated_member_use
   info • 'withOpacity' is deprecated and shouldn't be used. Use .withValues() to avoid precision loss • lib/features/training/presentation/widgets/parallel_lines_visualizer.dart:178:37 • deprecated_member_use
   info • 'withOpacity' is deprecated and shouldn't be used. Use .withValues() to avoid precision loss • lib/features/training/presentation/widgets/parallel_lines_visualizer.dart:179:24 • deprecated_member_use
   info • 'withOpacity' is deprecated and shouldn't be used. Use .withValues() to avoid precision loss • lib/features/training/presentation/widgets/parallel_lines_visualizer.dart:301:45 • deprecated_member_use
   info • 'withOpacity' is deprecated and shouldn't be used. Use .withValues() to avoid precision loss • lib/features/training/presentation/widgets/premium_glassmorphic_card.dart:38:46 • deprecated_member_use
   info • 'withOpacity' is deprecated and shouldn't be used. Use .withValues() to avoid precision loss • lib/features/training/presentation/widgets/premium_glassmorphic_card.dart:42:62 • deprecated_member_use
   info • 'withOpacity' is deprecated and shouldn't be used. Use .withValues() to avoid precision loss • lib/features/training/presentation/widgets/premium_glassmorphic_card.dart:47:50 • deprecated_member_use
   info • 'withOpacity' is deprecated and shouldn't be used. Use .withValues() to avoid precision loss • lib/features/training/presentation/widgets/rhythm_visualizer.dart:419:37 • deprecated_member_use
   info • 'withOpacity' is deprecated and shouldn't be used. Use .withValues() to avoid precision loss • lib/features/training/presentation/widgets/rhythm_visualizer.dart:420:24 • deprecated_member_use
   info • 'withOpacity' is deprecated and shouldn't be used. Use .withValues() to avoid precision loss • lib/features/training/presentation/widgets/rhythm_visualizer.dart:423:37 • deprecated_member_use
   info • 'withOpacity' is deprecated and shouldn't be used. Use .withValues() to avoid precision loss • lib/features/training/presentation/widgets/rhythm_visualizer.dart:424:24 • deprecated_member_use
   info • 'withOpacity' is deprecated and shouldn't be used. Use .withValues() to avoid precision loss • lib/features/training/presentation/widgets/rhythm_visualizer.dart:471:42 • deprecated_member_use
   info • 'withOpacity' is deprecated and shouldn't be used. Use .withValues() to avoid precision loss • lib/features/training/presentation/widgets/rhythm_visualizer.dart:671:59 • deprecated_member_use
   info • 'withOpacity' is deprecated and shouldn't be used. Use .withValues() to avoid precision loss • lib/features/training/presentation/widgets/rhythm_visualizer.dart:686:59 • deprecated_member_use
   info • 'withOpacity' is deprecated and shouldn't be used. Use .withValues() to avoid precision loss • lib/features/training/presentation/widgets/rhythm_visualizer.dart:752:41 • deprecated_member_use
   info • 'withOpacity' is deprecated and shouldn't be used. Use .withValues() to avoid precision loss • lib/features/training/presentation/widgets/rhythm_visualizer.dart:795:23 • deprecated_member_use
   info • 'groupValue' is deprecated and shouldn't be used. Use a RadioGroup ancestor to manage group value instead. This feature was deprecated after v3.32.0-0.0.pre • lib/features/training/presentation/widgets/training_anchor_sheet.dart:121:17 • deprecated_member_use
   info • 'onChanged' is deprecated and shouldn't be used. Use RadioGroup to handle value change instead. This feature was deprecated after v3.32.0-0.0.pre • lib/features/training/presentation/widgets/training_anchor_sheet.dart:122:17 • deprecated_member_use
   info • 'withOpacity' is deprecated and shouldn't be used. Use .withValues() to avoid precision loss • lib/features/training/presentation/widgets/training_disclaimer_dialog.dart:108:44 • deprecated_member_use
   info • 'withOpacity' is deprecated and shouldn't be used. Use .withValues() to avoid precision loss • lib/features/training/presentation/widgets/training_disclaimer_dialog.dart:111:46 • deprecated_member_use
   info • 'withOpacity' is deprecated and shouldn't be used. Use .withValues() to avoid precision loss • lib/features/training/presentation/widgets/training_disclaimer_dialog.dart:179:62 • deprecated_member_use
   info • 'surfaceVariant' is deprecated and shouldn't be used. Use surfaceContainerHighest instead. This feature was deprecated after v3.18.0-0.1.pre • lib/features/training/presentation/widgets/training_disclaimer_dialog.dart:225:37 • deprecated_member_use
   info • 'withOpacity' is deprecated and shouldn't be used. Use .withValues() to avoid precision loss • lib/features/training/presentation/widgets/training_disclaimer_dialog.dart:237:58 • deprecated_member_use
   info • 'dialogBackgroundColor' is deprecated and shouldn't be used. Use DialogThemeData.backgroundColor instead. This feature was deprecated after v3.27.0-0.1.pre • lib/features/training/presentation/widgets/training_disclaimer_dialog.dart:262:25 • deprecated_member_use
   info • 'withOpacity' is deprecated and shouldn't be used. Use .withValues() to avoid precision loss • lib/features/training/presentation/widgets/training_disclaimer_dialog.dart:262:47 • deprecated_member_use
   info • 'dialogBackgroundColor' is deprecated and shouldn't be used. Use DialogThemeData.backgroundColor instead. This feature was deprecated after v3.27.0-0.1.pre • lib/features/training/presentation/widgets/training_disclaimer_dialog.dart:263:25 • deprecated_member_use
   info • 'dialogBackgroundColor' is deprecated and shouldn't be used. Use DialogThemeData.backgroundColor instead. This feature was deprecated after v3.27.0-0.1.pre • lib/features/training/presentation/widgets/training_disclaimer_dialog.dart:264:25 • deprecated_member_use
   info • Use 'const' with the constructor to improve performance • lib/main_local.dart:25:21 • prefer_const_constructors
   info • 'extra' is deprecated and shouldn't be used. Additional Data is deprecated in favor of structured [Contexts] and should be avoided when possible • test/core/monitoring/sentry_service_test.dart:20:9 • deprecated_member_use
   info • Use 'const' literals as arguments to constructors of '@immutable' classes • test/core/monitoring/sentry_service_test.dart:20:16 • prefer_const_literals_to_create_immutables
   info • 'extra' is deprecated and shouldn't be used. Additional Data is deprecated in favor of structured [Contexts] and should be avoided when possible • test/core/monitoring/sentry_service_test.dart:25:24 • deprecated_member_use
   info • Use 'const' with the constructor to improve performance • test/evidence/adult_reflexprofil_evidence_test.dart:70:10 • prefer_const_constructors
   info • Unnecessary 'const' keyword • test/features/assessment/presentation/additional_answers_panel_test.dart:42:35 • unnecessary_const
   info • 'hasFlag' is deprecated and shouldn't be used. Use flagsCollection instead. This feature was deprecated after v3.32.0-0.0.pre • test/features/assessment/presentation/adult_answer_choice_grid_test.dart:39:19 • deprecated_member_use
   info • Use 'const' with the constructor to improve performance • test/features/assessment/presentation/adult_progress_profile_card_test.dart:13:42 • prefer_const_constructors
   info • Use 'const' with the constructor to improve performance • test/features/assessment/presentation/adult_reflex_profile_result_view_test.dart:41:10 • prefer_const_constructors
   info • Use 'const' with the constructor to improve performance • test/features/assessment/presentation/adult_reflex_profile_result_view_test.dart:332:22 • prefer_const_constructors
   info • Use 'const' with the constructor to improve performance • test/features/assessment/presentation/adult_top_pattern_lines_test.dart:9:19 • prefer_const_constructors
   info • Use 'const' with the constructor to improve performance • test/features/invite/presentation/impact_tree_card_semantics_test.dart:11:7 • prefer_const_constructors
   info • Use 'const' with the constructor to improve performance • test/features/invite/presentation/impact_tree_card_semantics_test.dart:44:7 • prefer_const_constructors
   info • Use 'const' with the constructor to improve performance • test/features/invite/presentation/invite_redeem_screen_test.dart:79:18 • prefer_const_constructors
   info • The import of 'package:flutter/services.dart' is unnecessary because all of the used elements are also provided by the import of 'package:flutter/material.dart' • test/features/training/presentation/screens/immersive_session_announcement_readiness_test.dart:11:8 • unnecessary_import
   info • The import of 'dart:typed_data' is unnecessary because all of the used elements are also provided by the import of 'package:flutter/foundation.dart' • test/support/asset_bundles.dart:3:8 • unnecessary_import

117 issues found. (ran in 11.5s)
flutter test
Resolving dependencies...
Downloading packages...
  _fe_analyzer_shared 93.0.0 (107.0.0 available)
  _flutterfire_internals 1.3.59 (1.3.77 available)
  agora_rtc_engine 6.5.3 (6.6.4 available)
  analyzer 10.0.1 (14.3.0 available)
  app_links 7.0.0 (7.2.1 available)
  app_links_platform_interface 2.0.2 (2.0.4 available)
  archive 4.0.9 (4.2.0 available)
  async 2.13.0 (2.13.1 available)
  audioplayers 6.6.0 (6.8.1 available)
  audioplayers_android 5.2.1 (5.3.0 available)
  audioplayers_darwin 6.4.0 (6.5.0 available)
  audioplayers_linux 4.2.1 (4.3.0 available)
  audioplayers_platform_interface 7.1.1 (7.2.0 available)
  audioplayers_web 5.2.0 (5.3.0 available)
  audioplayers_windows 4.3.0 (4.4.1 available)
  build 4.0.5 (4.0.11 available)
  build_config 1.3.0 (1.3.3 available)
  build_daemon 4.1.1 (4.1.6 available)
  build_runner 2.13.1 (2.16.1 available)
  built_value 8.12.4 (8.13.0 available)
  cached_network_image 3.4.1 (4.0.0 available)
  cached_network_image_platform_interface 4.1.1 (5.0.0 available)
  cached_network_image_web 1.3.1 (2.0.0 available)
  characters 1.4.0 (1.4.1 available)
  cli_util 0.4.2 (0.6.0 available)
  clock 1.1.2 (1.1.3 available)
  code_builder 4.11.1 (4.12.0 available)
  connectivity_plus 6.1.5 (7.3.1 available)
  connectivity_plus_platform_interface 2.0.1 (2.1.0 available)
  cross_file 0.3.5+2 (0.3.5+5 available)
  cupertino_icons 1.0.8 (1.0.9 available)
  dart_jsonwebtoken 3.3.2 (3.4.1 available)
  dart_style 3.1.7 (3.1.13 available)
  dbus 0.7.12 (0.7.15 available)
  drift 2.31.0 (2.34.4 available)
  drift_dev 2.31.0 (2.34.6 available)
  drift_flutter 0.2.8 (0.3.1 available)
  ed25519_edwards 0.3.1 (0.3.2 available)
  equatable 2.0.8 (2.1.0 available)
  firebase_core 3.15.2 (4.14.0 available)
  firebase_core_platform_interface 6.0.3 (8.1.1 available)
  firebase_core_web 2.24.1 (3.11.0 available)
  firebase_messaging 15.2.10 (16.6.0 available)
  firebase_messaging_platform_interface 4.6.10 (4.10.0 available)
  firebase_messaging_web 3.10.10 (4.2.5 available)
  fl_chart 0.69.2 (1.2.0 available)
  flutter_cache_manager 3.4.1 (3.4.2 available)
  flutter_dotenv 5.2.1 (6.0.1 available)
  flutter_lints 4.0.0 (6.0.0 available)
  flutter_local_notifications 19.5.0 (22.3.0 available)
  flutter_local_notifications_linux 6.0.0 (8.0.1 available)
  flutter_local_notifications_platform_interface 9.1.0 (12.2.0 available)
  flutter_local_notifications_windows 1.0.3 (3.1.1 available)
  flutter_map 7.0.2 (8.3.2 available)
  flutter_riverpod 2.6.1 (3.4.3 available)
  functions_client 2.5.0 (2.7.1 available)
  geolocator 13.0.4 (14.0.3 available)
  geolocator_android 4.6.2 (5.0.3 available)
  geolocator_apple 2.3.13 (2.3.14 available)
  geolocator_platform_interface 4.2.6 (4.3.0 available)
  geolocator_web 4.1.3 (4.1.4 available)
  glob 2.1.3 (2.2.0 available)
  go_router 14.8.1 (18.0.1 available)
  google_fonts 6.3.3 (8.2.1 available)
  google_sign_in_android 7.2.11 (7.2.17 available)
  google_sign_in_ios 6.3.0 (6.3.3 available)
  gotrue 2.20.0 (2.27.2 available)
  gtk 2.1.0 (2.2.0 available)
  html 0.15.6 (0.15.7 available)
  image 4.8.0 (4.9.2 available)
  intl 0.20.2 (0.20.3 available)
  io 1.0.5 (1.1.0 available)
  iris_method_channel 2.2.5 (2.2.7 available)
  json_annotation 4.11.0 (4.12.0 available)
  latlong2 0.9.1 (0.10.1 available)
  lints 4.0.0 (6.1.0 available)
  matcher 0.12.17 (0.12.20 available)
  material_color_utilities 0.11.1 (0.13.1 available)
  meta 1.17.0 (1.19.0 available)
  mgrs_dart 2.0.0 (3.0.0 available)
  mime 2.0.0 (2.1.0 available)
  mocktail 1.0.4 (1.0.5 available)
  package_config 2.2.0 (3.0.0 available)
  package_info_plus 8.3.1 (10.2.1 available)
  package_info_plus_platform_interface 3.2.1 (4.1.0 available)
  path_provider 2.1.5 (2.1.6 available)
  path_provider_android 2.2.22 (2.3.1 available)
  path_provider_foundation 2.5.1 (2.6.0 available)
  path_provider_linux 2.2.1 (2.2.2 available)
  path_provider_platform_interface 2.1.2 (2.1.3 available)
  pdf 3.12.0 (3.13.0 available)
  permission_handler 11.4.0 (13.0.2 available)
  permission_handler_android 12.1.0 (14.1.0 available)
  permission_handler_apple 9.4.7 (9.6.1 available)
  permission_handler_html 0.1.3+5 (0.1.4+1 available)
  permission_handler_platform_interface 4.3.0 (4.4.1 available)
  permission_handler_windows 0.2.1 (0.2.2 available)
  pool 1.5.2 (1.5.3 available)
  posix 6.5.0 (6.5.2 available)
  postgrest 2.7.0 (2.9.1 available)
  proj4dart 2.1.0 (3.0.0 available)
  pub_semver 2.2.0 (2.2.1 available)
  pubspec_parse 1.5.0 (1.6.0 available)
  qr 3.0.2 (4.0.0 available)
  realtime_client 2.7.3 (2.13.0 available)
  riverpod 2.6.1 (3.4.3 available)
  sentry 8.14.2 (9.29.0 available)
  sentry_flutter 8.14.2 (9.29.0 available)
  share_plus 10.1.4 (13.3.0 available)
  share_plus_platform_interface 5.0.2 (7.2.0 available)
  shared_preferences 2.5.4 (2.5.5 available)
  shared_preferences_android 2.4.21 (2.4.28 available)
  shared_preferences_foundation 2.5.6 (2.5.7 available)
  shared_preferences_platform_interface 2.4.1 (2.4.2 available)
  sign_in_with_apple 7.0.1 (8.2.0 available)
  source_gen 4.2.2 (4.3.0 available)
  sqflite 2.4.2 (2.4.3 available)
  sqflite_android 2.4.2+3 (2.4.3 available)
  sqflite_common 2.5.6 (2.5.11 available)
  sqflite_darwin 2.4.2 (2.4.3+1 available)
  sqflite_platform_interface 2.4.0 (2.4.1 available)
  sqlite3 2.9.4 (3.5.2 available)
  sqlite3_flutter_libs 0.5.42 (0.6.0+eol available)
  sqlparser 0.43.1 (0.45.0 available)
  stack_trace 1.12.1 (1.12.2 available)
  storage_client 2.5.2 (2.8.0 available)
  stream_transform 2.1.1 (2.1.2 available)
  supabase 2.10.6 (2.16.1 available)
  supabase_flutter 2.12.4 (2.17.2 available)
  synchronized 3.4.0 (3.4.1+2 available)
  test_api 0.7.7 (0.7.14 available)
! timezone 0.10.1 (overridden) (0.11.1 available)
  unicode 0.3.1 (1.1.9 available)
  url_launcher_android 6.3.28 (6.3.33 available)
  url_launcher_ios 6.4.1 (6.4.2 available)
  url_launcher_linux 3.2.2 (3.2.3 available)
  url_launcher_macos 3.2.5 (3.2.6 available)
  url_launcher_web 2.4.2 (2.4.3 available)
  url_launcher_windows 3.1.5 (3.1.6 available)
  uuid 4.5.3 (4.6.0 available)
  vector_math 2.2.0 (2.4.2 available)
  video_player 2.11.1 (2.14.0 available)
  video_player_android 2.9.4 (2.12.2 available)
  video_player_avfoundation 2.9.4 (2.11.1 available)
  video_player_platform_interface 6.6.0 (6.9.0 available)
  vm_service 15.0.2 (15.3.0 available)
  wakelock_plus 1.3.3 (1.8.0 available)
  wakelock_plus_platform_interface 1.4.0 (1.7.0 available)
  win32 5.15.0 (6.4.0 available)
  xml 6.6.1 (7.0.1 available)
  yaml 3.1.3 (3.1.4 available)
  yet_another_json_isolate 2.1.0 (2.1.1 available)
Got dependencies!
152 packages have newer versions incompatible with dependency constraints.
Try `flutter pub outdated` for more information.
00:00 +0: loading /Users/alexandermessinger/dev/claudvibes/reflexjourney/test/core/database/persistent_open_test.dart                                                                                  00:01 +0: loading /Users/alexandermessinger/dev/claudvibes/reflexjourney/test/core/database/persistent_open_test.dart                                                                                  00:01 +0: /Users/alexandermessinger/dev/claudvibes/reflexjourney/test/core/database/persistent_open_test.dart: storage failure aborts startup instead of accepting nonpersistent writes                00:01 +1: /Users/alexandermessinger/dev/claudvibes/reflexjourney/test/core/database/persistent_open_test.dart: storage failure aborts startup instead of accepting nonpersistent writes                00:01 +1: loading /Users/alexandermessinger/dev/claudvibes/reflexjourney/test/core/database/backup_exclusion_test.dart                                                                                 00:01 +1: /Users/alexandermessinger/dev/claudvibes/reflexjourney/test/core/database/backup_exclusion_test.dart: short-circuits true on non-iOS platforms without a channel call                        00:02 +1: /Users/alexandermessinger/dev/claudvibes/reflexjourney/test/core/database/backup_exclusion_test.dart: short-circuits true on non-iOS platforms without a channel call                        00:02 +2: /Users/alexandermessinger/dev/claudvibes/reflexjourney/test/core/database/backup_exclusion_test.dart: short-circuits true on non-iOS platforms without a channel call                        00:02 +2: /Users/alexandermessinger/dev/claudvibes/reflexjourney/test/core/database/backup_exclusion_test.dart: passes the path over the channel on iOS and returns its result                         00:02 +3: /Users/alexandermessinger/dev/claudvibes/reflexjourney/test/core/database/backup_exclusion_test.dart: passes the path over the channel on iOS and returns its result                         00:02 +3: /Users/alexandermessinger/dev/claudvibes/reflexjourney/test/core/database/backup_exclusion_test.dart: returns false instead of throwing when the channel fails                               00:02 +3: /Users/alexandermessinger/dev/claudvibes/reflexjourney/test/core/database/backup_exclusion_test.dart: returns false instead of throwing when the channel fails                               
BackupExclusion: could not set exclusion flag: PlatformException(exclusion_failed, null, null, null)
00:02 +4: /Users/alexandermessinger/dev/claudvibes/reflexjourney/test/core/database/backup_exclusion_test.dart: returns false instead of throwing when the channel fails                               00:02 +4: loading /Users/alexandermessinger/dev/claudvibes/reflexjourney/test/core/l10n/localized_content_test.dart                                                                                    00:02 +4: /Users/alexandermessinger/dev/claudvibes/reflexjourney/test/core/l10n/localized_content_test.dart: German picks the German variant                                                           00:02 +5: /Users/alexandermessinger/dev/claudvibes/reflexjourney/test/core/l10n/localized_content_test.dart: German picks the German variant                                                           00:02 +5: /Users/alexandermessinger/dev/claudvibes/reflexjourney/test/core/l10n/localized_content_test.dart: English picks the English variant                                                         00:02 +6: /Users/alexandermessinger/dev/claudvibes/reflexjourney/test/core/l10n/localized_content_test.dart: English picks the English variant                                                         00:02 +6: /Users/alexandermessinger/dev/claudvibes/reflexjourney/test/core/l10n/localized_content_test.dart: unknown locales resolve like the international default (English)                          00:02 +7: /Users/alexandermessinger/dev/claudvibes/reflexjourney/test/core/l10n/localized_content_test.dart: unknown locales resolve like the international default (English)                          00:02 +7: /Users/alexandermessinger/dev/claudvibes/reflexjourney/test/core/l10n/localized_content_test.dart: works for non-string content                                                              00:02 +8: /Users/alexandermessinger/dev/claudvibes/reflexjourney/test/core/l10n/localized_content_test.dart: works for non-string content                                                              00:02 +8: loading /Users/alexandermessinger/dev/claudvibes/reflexjourney/test/core/l10n/app_languages_test.dart                                                                                        00:02 +8: /Users/alexandermessinger/dev/claudvibes/reflexjourney/test/core/l10n/app_languages_test.dart: registry lists German first and English second                                                00:02 +9: /Users/alexandermessinger/dev/claudvibes/reflexjourney/test/core/l10n/app_languages_test.dart: registry lists German first and English second                                                00:02 +9: /Users/alexandermessinger/dev/claudvibes/reflexjourney/test/core/l10n/app_languages_test.dart: locales derive from the registry                                                              00:02 +10: /Users/alexandermessinger/dev/claudvibes/reflexjourney/test/core/l10n/app_languages_test.dart: locales derive from the registry                                                             00:02 +10: /Users/alexandermessinger/dev/claudvibes/reflexjourney/test/core/l10n/app_languages_test.dart: isSupported accepts registry codes only                                                      00:02 +11: /Users/alexandermessinger/dev/claudvibes/reflexjourney/test/core/l10n/app_languages_test.dart: isSupported accepts registry codes only                                                      00:02 +11: /Users/alexandermessinger/dev/claudvibes/reflexjourney/test/core/l10n/app_languages_test.dart: resolveInitial: supported device language wins, otherwise English                            00:02 +12: /Users/alexandermessinger/dev/claudvibes/reflexjourney/test/core/l10n/app_languages_test.dart: resolveInitial: supported device language wins, otherwise English                            00:02 +12: /Users/alexandermessinger/dev/claudvibes/reflexjourney/test/core/l10n/app_languages_test.dart: normalize falls back to the source language                                                  00:02 +13: /Users/alexandermessinger/dev/claudvibes/reflexjourney/test/core/l10n/app_languages_test.dart: normalize falls back to the source language                                                  00:02 +13: /Users/alexandermessinger/dev/claudvibes/reflexjourney/test/core/l10n/app_languages_test.dart: byCode returns the registry entry                                                            00:02 +14: /Users/alexandermessinger/dev/claudvibes/reflexjourney/test/core/l10n/app_languages_test.dart: byCode returns the registry entry                                                            00:02 +14: loading /Users/alexandermessinger/dev/claudvibes/reflexjourney/test/core/training/training_session_checkpoint_store_test.dart                                                               00:02 +14: /Users/alexandermessinger/dev/claudvibes/reflexjourney/test/core/training/training_session_checkpoint_store_test.dart: round-trips exact remaining state                                    00:02 +15: /Users/alexandermessinger/dev/claudvibes/reflexjourney/test/core/training/training_session_checkpoint_store_test.dart: round-trips exact remaining state                                    00:02 +15: /Users/alexandermessinger/dev/claudvibes/reflexjourney/test/core/training/training_session_checkpoint_store_test.dart: is isolated by profile, package and content version                  00:02 +16: /Users/alexandermessinger/dev/claudvibes/reflexjourney/test/core/training/training_session_checkpoint_store_test.dart: is isolated by profile, package and content version                  00:02 +16: /Users/alexandermessinger/dev/claudvibes/reflexjourney/test/core/training/training_session_checkpoint_store_test.dart: completed state remains until persistence succeeds                   00:02 +17: /Users/alexandermessinger/dev/claudvibes/reflexjourney/test/core/training/training_session_checkpoint_store_test.dart: completed state remains until persistence succeeds                   00:02 +17: /Users/alexandermessinger/dev/claudvibes/reflexjourney/test/core/training/training_session_checkpoint_store_test.dart: surfaces a platform-rejected checkpoint write                        00:02 +18: /Users/alexandermessinger/dev/claudvibes/reflexjourney/test/core/training/training_session_checkpoint_store_test.dart: surfaces a platform-rejected checkpoint write                        00:02 +18: /Users/alexandermessinger/dev/claudvibes/reflexjourney/test/core/training/training_session_checkpoint_store_test.dart: surfaces a platform-rejected checkpoint clear                        00:02 +19: /Users/alexandermessinger/dev/claudvibes/reflexjourney/test/core/training/training_session_checkpoint_store_test.dart: surfaces a platform-rejected checkpoint clear                        00:02 +19: /Users/alexandermessinger/dev/claudvibes/reflexjourney/test/core/training/training_session_checkpoint_store_test.dart: a failed best-effort write does not poison later checkpoints         00:02 +20: /Users/alexandermessinger/dev/claudvibes/reflexjourney/test/core/training/training_session_checkpoint_store_test.dart: a failed best-effort write does not poison later checkpoints         00:02 +20: /Users/alexandermessinger/dev/claudvibes/reflexjourney/test/core/training/training_session_checkpoint_store_test.dart: a required completed checkpoint can be retried after failure         00:02 +21: /Users/alexandermessinger/dev/claudvibes/reflexjourney/test/core/training/training_session_checkpoint_store_test.dart: a required completed checkpoint can be retried after failure         00:02 +21: loading /Users/alexandermessinger/dev/claudvibes/reflexjourney/test/core/training/in_app_music_settings_test.dart                                                                           00:02 +21: /Users/alexandermessinger/dev/claudvibes/reflexjourney/test/core/training/in_app_music_settings_test.dart: InAppMusicSettings selectedTrack returns null when not set                       00:02 +22: /Users/alexandermessinger/dev/claudvibes/reflexjourney/test/core/training/in_app_music_settings_test.dart: InAppMusicSettings selectedTrack returns null when not set                       00:02 +22: /Users/alexandermessinger/dev/claudvibes/reflexjourney/test/core/training/in_app_music_settings_test.dart: InAppMusicSettings persists selected track                                       00:02 +23: /Users/alexandermessinger/dev/claudvibes/reflexjourney/test/core/training/in_app_music_settings_test.dart: InAppMusicSettings persists selected track                                       00:02 +23: /Users/alexandermessinger/dev/claudvibes/reflexjourney/test/core/training/in_app_music_settings_test.dart: InAppMusicSettings volume defaults to 0.7                                        00:02 +24: /Users/alexandermessinger/dev/claudvibes/reflexjourney/test/core/training/in_app_music_settings_test.dart: InAppMusicSettings volume defaults to 0.7                                        00:02 +24: /Users/alexandermessinger/dev/claudvibes/reflexjourney/test/core/training/in_app_music_settings_test.dart: InAppMusicSettings clears track when set to null                                 00:02 +25: /Users/alexandermessinger/dev/claudvibes/reflexjourney/test/core/training/in_app_music_settings_test.dart: InAppMusicSettings clears track when set to null                                 00:02 +25: /Users/alexandermessinger/dev/claudvibes/reflexjourney/test/core/training/in_app_music_settings_test.dart: InAppMusicSettings persists volume                                               00:02 +26: /Users/alexandermessinger/dev/claudvibes/reflexjourney/test/core/training/in_app_music_settings_test.dart: InAppMusicSettings persists volume                                               00:02 +26: /Users/alexandermessinger/dev/claudvibes/reflexjourney/test/core/training/in_app_music_settings_test.dart: InAppMusicSettings clamps volume to 0.0..1.0                                     00:02 +27: /Users/alexandermessinger/dev/claudvibes/reflexjourney/test/core/training/in_app_music_settings_test.dart: InAppMusicSettings clamps volume to 0.0..1.0                                     00:02 +27: loading /Users/alexandermessinger/dev/claudvibes/reflexjourney/test/core/training/training_familiarity_settings_test.dart                                                                   00:02 +27: /Users/alexandermessinger/dev/claudvibes/reflexjourney/test/core/training/training_familiarity_settings_test.dart: progression is scoped by profile, package and content version            00:02 +28: /Users/alexandermessinger/dev/claudvibes/reflexjourney/test/core/training/training_familiarity_settings_test.dart: progression is scoped by profile, package and content version            00:02 +28: /Users/alexandermessinger/dev/claudvibes/reflexjourney/test/core/training/training_familiarity_settings_test.dart: records the same persisted session only once                             00:02 +29: /Users/alexandermessinger/dev/claudvibes/reflexjourney/test/core/training/training_familiarity_settings_test.dart: records the same persisted session only once                             00:02 +29: /Users/alexandermessinger/dev/claudvibes/reflexjourney/test/core/training/training_familiarity_settings_test.dart: parallel retries of the same persisted session remain idempotent         00:02 +30: /Users/alexandermessinger/dev/claudvibes/reflexjourney/test/core/training/training_familiarity_settings_test.dart: parallel retries of the same persisted session remain idempotent         00:02 +30: /Users/alexandermessinger/dev/claudvibes/reflexjourney/test/core/training/training_familiarity_settings_test.dart: parallel distinct persisted sessions are both retained                   00:02 +31: /Users/alexandermessinger/dev/claudvibes/reflexjourney/test/core/training/training_familiarity_settings_test.dart: parallel distinct persisted sessions are both retained                   00:02 +31: /Users/alexandermessinger/dev/claudvibes/reflexjourney/test/core/training/training_familiarity_settings_test.dart: does not report completion when the platform rejects the ledger write    00:02 +32: /Users/alexandermessinger/dev/claudvibes/reflexjourney/test/core/training/training_familiarity_settings_test.dart: does not report completion when the platform rejects the ledger write    00:02 +32: /Users/alexandermessinger/dev/claudvibes/reflexjourney/test/core/training/training_familiarity_settings_test.dart: a rejected ledger write is retried instead of trusted from RAM           00:02 +33: /Users/alexandermessinger/dev/claudvibes/reflexjourney/test/core/training/training_familiarity_settings_test.dart: a rejected ledger write is retried instead of trusted from RAM           00:02 +33: /Users/alexandermessinger/dev/claudvibes/reflexjourney/test/core/training/training_familiarity_settings_test.dart: recommends routine only after two completed sessions                     00:02 +34: /Users/alexandermessinger/dev/claudvibes/reflexjourney/test/core/training/training_familiarity_settings_test.dart: recommends routine only after two completed sessions                     00:03 +34: /Users/alexandermessinger/dev/claudvibes/reflexjourney/test/core/training/training_familiarity_settings_test.dart: recommends routine only after two completed sessions                     00:04 +34: /Users/alexandermessinger/dev/claudvibes/reflexjourney/test/core/training/training_familiarity_settings_test.dart: recommends routine only after two completed sessions                     00:05 +34: /Users/alexandermessinger/dev/claudvibes/reflexjourney/test/core/training/training_familiarity_settings_test.dart: recommends routine only after two completed sessions                     00:06 +34: /Users/alexandermessinger/dev/claudvibes/reflexjourney/test/core/training/training_familiarity_settings_test.dart: recommends routine only after two completed sessions                     00:07 +34: /Users/alexandermessinger/dev/claudvibes/reflexjourney/test/core/training/training_familiarity_settings_test.dart: recommends routine only after two completed sessions                     00:07 +34: loading /Users/alexandermessinger/dev/claudvibes/reflexjourney/test/core/training/transition_duration_settings_test.dart                                                                    00:07 +34: /Users/alexandermessinger/dev/claudvibes/reflexjourney/test/core/training/transition_duration_settings_test.dart: TransitionDurationSettings returns default 10 when not set                00:07 +35: /Users/alexandermessinger/dev/claudvibes/reflexjourney/test/core/training/transition_duration_settings_test.dart: TransitionDurationSettings returns default 10 when not set                00:07 +35: /Users/alexandermessinger/dev/claudvibes/reflexjourney/test/core/training/transition_duration_settings_test.dart: TransitionDurationSettings returns persisted value                        00:07 +36: /Users/alexandermessinger/dev/claudvibes/reflexjourney/test/core/training/transition_duration_settings_test.dart: TransitionDurationSettings returns persisted value                        00:07 +36: /Users/alexandermessinger/dev/claudvibes/reflexjourney/test/core/training/transition_duration_settings_test.dart: TransitionDurationSettings clamps to valid range 5..30                    00:07 +37: /Users/alexandermessinger/dev/claudvibes/reflexjourney/test/core/training/transition_duration_settings_test.dart: TransitionDurationSettings clamps to valid range 5..30                    00:07 +37: loading /Users/alexandermessinger/dev/claudvibes/reflexjourney/test/core/training/training_feedback_settings_test.dart                                                                      00:07 +37: /Users/alexandermessinger/dev/claudvibes/reflexjourney/test/core/training/training_feedback_settings_test.dart: ... migration defaults to voice and cues and writes the canonical string key00:07 +38: /Users/alexandermessinger/dev/claudvibes/reflexjourney/test/core/training/training_feedback_settings_test.dart: ... migration defaults to voice and cues and writes the canonical string key00:07 +38: loading /Users/alexandermessinger/dev/claudvibes/reflexjourney/test/core/training/adaptive_tempo_settings_test.dart                                                                         00:07 +38: /Users/alexandermessinger/dev/claudvibes/reflexjourney/test/core/training/adaptive_tempo_settings_test.dart: scopes tempo by profile, package, content and exercise                         00:07 +39: /Users/alexandermessinger/dev/claudvibes/reflexjourney/test/core/training/adaptive_tempo_settings_test.dart: scopes tempo by profile, package, content and exercise                         00:07 +40: /Users/alexandermessinger/dev/claudvibes/reflexjourney/test/core/training/adaptive_tempo_settings_test.dart: scopes tempo by profile, package, content and exercise                         00:07 +41: /Users/alexandermessinger/dev/claudvibes/reflexjourney/test/core/training/adaptive_tempo_settings_test.dart: scopes tempo by profile, package, content and exercise                         00:07 +42: /Users/alexandermessinger/dev/claudvibes/reflexjourney/test/core/training/adaptive_tempo_settings_test.dart: scopes tempo by profile, package, content and exercise                         00:07 +43: /Users/alexandermessinger/dev/claudvibes/reflexjourney/test/core/training/adaptive_tempo_settings_test.dart: scopes tempo by profile, package, content and exercise                         00:07 +44: /Users/alexandermessinger/dev/claudvibes/reflexjourney/test/core/training/training_feedback_settings_test.dart: ... SettingsNotifier serializes migration before an immediate user write    00:07 +45: /Users/alexandermessinger/dev/claudvibes/reflexjourney/test/core/training/adaptive_tempo_settings_test.dart: reads the legacy sequence key as a compatibility fallback                      00:07 +46: /Users/alexandermessinger/dev/claudvibes/reflexjourney/test/core/training/training_feedback_settings_test.dart: feedback policy matrix has exact channel permissions                        00:07 +47: /Users/alexandermessinger/dev/claudvibes/reflexjourney/test/core/training/training_feedback_settings_test.dart: feedback policy matrix has exact channel permissions                        00:07 +47: loading /Users/alexandermessinger/dev/claudvibes/reflexjourney/test/core/training/training_anchor_test.dart                                                                                 00:07 +47: /Users/alexandermessinger/dev/claudvibes/reflexjourney/test/core/training/training_anchor_test.dart: adults are offered four anchors, waking up first                                       00:07 +48: /Users/alexandermessinger/dev/claudvibes/reflexjourney/test/core/training/training_anchor_test.dart: adults are offered four anchors, waking up first                                       00:07 +48: /Users/alexandermessinger/dev/claudvibes/reflexjourney/test/core/training/training_anchor_test.dart: families are offered their own four anchors                                            00:07 +49: /Users/alexandermessinger/dev/claudvibes/reflexjourney/test/core/training/training_anchor_test.dart: families are offered their own four anchors                                            00:07 +49: /Users/alexandermessinger/dev/claudvibes/reflexjourney/test/core/training/training_anchor_test.dart: only adults get a recommendation (A2)                                                  00:07 +50: /Users/alexandermessinger/dev/claudvibes/reflexjourney/test/core/training/training_anchor_test.dart: only adults get a recommendation (A2)                                                  00:07 +50: /Users/alexandermessinger/dev/claudvibes/reflexjourney/test/core/training/training_anchor_test.dart: every offered anchor proposes a time inside the day                                    00:07 +51: /Users/alexandermessinger/dev/claudvibes/reflexjourney/test/core/training/training_anchor_test.dart: every offered anchor proposes a time inside the day                                    00:07 +51: /Users/alexandermessinger/dev/claudvibes/reflexjourney/test/core/training/training_anchor_test.dart: the proposed times follow the order of the day                                         00:07 +52: /Users/alexandermessinger/dev/claudvibes/reflexjourney/test/core/training/training_anchor_test.dart: the proposed times follow the order of the day                                         00:07 +52: /Users/alexandermessinger/dev/claudvibes/reflexjourney/test/core/training/training_anchor_test.dart: the sleep hint belongs to the late anchors only                                        00:07 +53: /Users/alexandermessinger/dev/claudvibes/reflexjourney/test/core/training/training_anchor_test.dart: the sleep hint belongs to the late anchors only                                        00:07 +53: /Users/alexandermessinger/dev/claudvibes/reflexjourney/test/core/training/training_anchor_test.dart: unknown or missing names decode to null                                                00:07 +54: /Users/alexandermessinger/dev/claudvibes/reflexjourney/test/core/training/training_anchor_test.dart: unknown or missing names decode to null                                                00:07 +54: loading /Users/alexandermessinger/dev/claudvibes/reflexjourney/test/core/training/training_tempo_defaults_test.dart                                                                         00:07 +54: /Users/alexandermessinger/dev/claudvibes/reflexjourney/test/core/training/training_tempo_defaults_test.dart: training tempo defaults regression exercise 1 defaults to 3.0s                 00:07 +55: /Users/alexandermessinger/dev/claudvibes/reflexjourney/test/core/training/training_tempo_defaults_test.dart: training tempo defaults regression exercise 1 defaults to 3.0s                 00:07 +55: /Users/alexandermessinger/dev/claudvibes/reflexjourney/test/core/training/training_tempo_defaults_test.dart: training tempo defaults regression exercise 6 defaults to 7.0s                 00:07 +56: /Users/alexandermessinger/dev/claudvibes/reflexjourney/test/core/training/training_tempo_defaults_test.dart: training tempo defaults regression exercise 6 defaults to 7.0s                 00:07 +56: /Users/alexandermessinger/dev/claudvibes/reflexjourney/test/core/training/training_tempo_defaults_test.dart: ... tempo defaults regression early exercise clamps low persisted tempo to 1.0s00:07 +57: /Users/alexandermessinger/dev/claudvibes/reflexjourney/test/core/training/training_tempo_defaults_test.dart: ... tempo defaults regression early exercise clamps low persisted tempo to 1.0s00:07 +57: /Users/alexandermessinger/dev/claudvibes/reflexjourney/test/core/training/training_tempo_defaults_test.dart: ... defaults regression early exercise clamps high persisted tempo to 7.0s     00:07 +58: /Users/alexandermessinger/dev/claudvibes/reflexjourney/test/core/training/training_tempo_defaults_test.dart: ... defaults regression early exercise clamps high persisted tempo to 7.0s     00:07 +58: /Users/alexandermessinger/dev/claudvibes/reflexjourney/test/core/training/training_tempo_defaults_test.dart: ... tempo defaults regression late exercise clamps low persisted tempo to 2.0s 00:07 +59: /Users/alexandermessinger/dev/claudvibes/reflexjourney/test/core/training/training_tempo_defaults_test.dart: ... tempo defaults regression late exercise clamps low persisted tempo to 2.0s 00:07 +59: /Users/alexandermessinger/dev/claudvibes/reflexjourney/test/core/training/training_tempo_defaults_test.dart: training tempo defaults regression late exercise keeps valid persisted tempo   00:07 +60: /Users/alexandermessinger/dev/claudvibes/reflexjourney/test/core/training/training_tempo_defaults_test.dart: training tempo defaults regression late exercise keeps valid persisted tempo   00:07 +60: loading /Users/alexandermessinger/dev/claudvibes/reflexjourney/test/core/training/training_anchor_settings_test.dart                                                                        00:07 +60: /Users/alexandermessinger/dev/claudvibes/reflexjourney/test/core/training/training_anchor_settings_test.dart: nothing is stored before the question is answered                             00:07 +61: /Users/alexandermessinger/dev/claudvibes/reflexjourney/test/core/training/training_anchor_settings_test.dart: nothing is stored before the question is answered                             00:07 +61: /Users/alexandermessinger/dev/claudvibes/reflexjourney/test/core/training/training_anchor_settings_test.dart: a stored anchor survives a reload                                             00:07 +62: /Users/alexandermessinger/dev/claudvibes/reflexjourney/test/core/training/training_anchor_settings_test.dart: a stored anchor survives a reload                                             00:07 +62: /Users/alexandermessinger/dev/claudvibes/reflexjourney/test/core/training/training_anchor_settings_test.dart: asks after exactly one completed session                                      00:07 +63: /Users/alexandermessinger/dev/claudvibes/reflexjourney/test/core/training/training_anchor_settings_test.dart: asks after exactly one completed session                                      00:07 +63: /Users/alexandermessinger/dev/claudvibes/reflexjourney/test/core/training/training_anchor_settings_test.dart: does not ask before the first session                                         00:07 +64: /Users/alexandermessinger/dev/claudvibes/reflexjourney/test/core/training/training_anchor_settings_test.dart: does not ask before the first session                                         00:07 +64: /Users/alexandermessinger/dev/claudvibes/reflexjourney/test/core/training/training_anchor_settings_test.dart: does not ask again once the question was put                                  00:07 +65: /Users/alexandermessinger/dev/claudvibes/reflexjourney/test/core/training/training_anchor_settings_test.dart: does not ask again once the question was put                                  00:07 +65: /Users/alexandermessinger/dev/claudvibes/reflexjourney/test/core/training/training_anchor_settings_test.dart: a missed moment is not made up later                                          00:07 +66: /Users/alexandermessinger/dev/claudvibes/reflexjourney/test/core/training/training_anchor_settings_test.dart: a missed moment is not made up later                                          00:08 +66: /Users/alexandermessinger/dev/claudvibes/reflexjourney/test/core/training/training_anchor_settings_test.dart: a missed moment is not made up later                                          00:08 +66: loading /Users/alexandermessinger/dev/claudvibes/reflexjourney/test/core/training/training_announcement_manifest_test.dart                                                                  00:08 +66: /Users/alexandermessinger/dev/claudvibes/reflexjourney/test/core/training/training_announcement_manifest_test.dart: bundled manifest is the exact 48-event DE/EN recording contract         00:08 +67: /Users/alexandermessinger/dev/claudvibes/reflexjourney/test/core/training/training_announcement_manifest_test.dart: bundled manifest is the exact 48-event DE/EN recording contract         00:08 +67: /Users/alexandermessinger/dev/claudvibes/reflexjourney/test/core/training/training_announcement_manifest_test.dart: locale resolution is exact, base-language aware, and deterministic      00:08 +68: /Users/alexandermessinger/dev/claudvibes/reflexjourney/test/core/training/training_announcement_manifest_test.dart: locale resolution is exact, base-language aware, and deterministic      00:08 +68: /Users/alexandermessinger/dev/claudvibes/reflexjourney/test/core/training/training_announcement_manifest_test.dart: full-catalog preflight reports all 48 entries unassigned per locale     00:08 +69: /Users/alexandermessinger/dev/claudvibes/reflexjourney/test/core/training/training_announcement_manifest_test.dart: full-catalog preflight reports all 48 entries unassigned per locale     00:08 +69: /Users/alexandermessinger/dev/claudvibes/reflexjourney/test/core/training/training_announcement_manifest_test.dart: solo and duo runtime scopes each require exactly 41 gated events        00:08 +70: /Users/alexandermessinger/dev/claudvibes/reflexjourney/test/core/training/training_announcement_manifest_test.dart: solo and duo runtime scopes each require exactly 41 gated events        00:08 +70: /Users/alexandermessinger/dev/claudvibes/reflexjourney/test/core/training/training_announcement_manifest_test.dart: preflight separates missing entries, invalid keys, and absent files     00:08 +71: /Users/alexandermessinger/dev/claudvibes/reflexjourney/test/core/training/training_announcement_manifest_test.dart: preflight separates missing entries, invalid keys, and absent files     00:08 +71: /Users/alexandermessinger/dev/claudvibes/reflexjourney/test/core/training/training_announcement_manifest_test.dart: bundle probe reports the manifest and rejects an absent MP3             00:08 +72: /Users/alexandermessinger/dev/claudvibes/reflexjourney/test/core/training/training_announcement_manifest_test.dart: bundle probe reports the manifest and rejects an absent MP3             00:08 +72: /Users/alexandermessinger/dev/claudvibes/reflexjourney/test/core/training/training_announcement_manifest_test.dart: parser rejects unsupported schema versions                              00:08 +73: /Users/alexandermessinger/dev/claudvibes/reflexjourney/test/core/training/training_announcement_manifest_test.dart: parser rejects unsupported schema versions                              00:09 +73: /Users/alexandermessinger/dev/claudvibes/reflexjourney/test/core/training/training_announcement_manifest_test.dart: parser rejects unsupported schema versions                              00:10 +73: /Users/alexandermessinger/dev/claudvibes/reflexjourney/test/core/training/training_announcement_manifest_test.dart: parser rejects unsupported schema versions                              00:11 +73: /Users/alexandermessinger/dev/claudvibes/reflexjourney/test/core/training/training_announcement_manifest_test.dart: parser rejects unsupported schema versions                              00:12 +73: /Users/alexandermessinger/dev/claudvibes/reflexjourney/test/core/training/training_announcement_manifest_test.dart: parser rejects unsupported schema versions                              00:13 +73: /Users/alexandermessinger/dev/claudvibes/reflexjourney/test/core/training/training_announcement_manifest_test.dart: parser rejects unsupported schema versions                              00:13 +73: loading /Users/alexandermessinger/dev/claudvibes/reflexjourney/test/core/navigation/app_shell_test.dart                                                                                     00:13 +73: /Users/alexandermessinger/dev/claudvibes/reflexjourney/test/core/navigation/app_shell_test.dart: shows user tabs for practitioners                                                          00:13 +74: /Users/alexandermessinger/dev/claudvibes/reflexjourney/test/core/navigation/app_shell_test.dart: shows user tabs for practitioners                                                          00:13 +75: /Users/alexandermessinger/dev/claudvibes/reflexjourney/test/core/navigation/app_shell_test.dart: shows user tabs for practitioners                                                          00:13 +76: /Users/alexandermessinger/dev/claudvibes/reflexjourney/test/core/navigation/app_shell_test.dart: shows user tabs for practitioners                                                          00:13 +77: /Users/alexandermessinger/dev/claudvibes/reflexjourney/test/core/navigation/app_shell_test.dart: shows user tabs for practitioners                                                          00:13 +78: /Users/alexandermessinger/dev/claudvibes/reflexjourney/test/core/navigation/app_shell_test.dart: shows user tabs for practitioners                                                          00:14 +78: /Users/alexandermessinger/dev/claudvibes/reflexjourney/test/core/navigation/app_shell_test.dart: shows user tabs for practitioners                                                          00:14 +79: /Users/alexandermessinger/dev/claudvibes/reflexjourney/test/core/navigation/app_shell_test.dart: shows user tabs for practitioners                                                          00:14 +80: /Users/alexandermessinger/dev/claudvibes/reflexjourney/test/core/navigation/launch_gate_test.dart: direkter Aufruf von /community landet auf dem Dashboard                                  00:14 +81: /Users/alexandermessinger/dev/claudvibes/reflexjourney/test/core/navigation/launch_gate_test.dart: direkter Aufruf von /community landet auf dem Dashboard                                  00:14 +82: /Users/alexandermessinger/dev/claudvibes/reflexjourney/test/core/navigation/launch_gate_test.dart: direkter Aufruf von /community landet auf dem Dashboard                                  00:14 +83: /Users/alexandermessinger/dev/claudvibes/reflexjourney/test/core/navigation/launch_gate_test.dart: direkter Aufruf von /community landet auf dem Dashboard                                  00:14 +84: /Users/alexandermessinger/dev/claudvibes/reflexjourney/test/core/navigation/launch_gate_test.dart: direkter Aufruf von /community landet auf dem Dashboard                                  00:14 +85: /Users/alexandermessinger/dev/claudvibes/reflexjourney/test/core/navigation/launch_gate_test.dart: direkter Aufruf von /community landet auf dem Dashboard                                  00:14 +86: /Users/alexandermessinger/dev/claudvibes/reflexjourney/test/core/navigation/launch_gate_test.dart: direkter Aufruf von /community landet auf dem Dashboard                                  00:14 +87: /Users/alexandermessinger/dev/claudvibes/reflexjourney/test/core/navigation/launch_gate_test.dart: direkter Aufruf von /community landet auf dem Dashboard                                  00:14 +88: /Users/alexandermessinger/dev/claudvibes/reflexjourney/test/core/navigation/launch_gate_test.dart: direkter Aufruf von /community landet auf dem Dashboard                                  00:14 +89: /Users/alexandermessinger/dev/claudvibes/reflexjourney/test/core/navigation/launch_gate_test.dart: direkter Aufruf von /community landet auf dem Dashboard                                  00:14 +90: /Users/alexandermessinger/dev/claudvibes/reflexjourney/test/core/navigation/app_shell_test.dart: Begleitung tab shows badge label when unread > 0                                           00:14 +91: /Users/alexandermessinger/dev/claudvibes/reflexjourney/test/core/navigation/launch_gate_test.dart: direkter Aufruf von /experience/:channelId landet auf dem Dashboard                      00:14 +92: /Users/alexandermessinger/dev/claudvibes/reflexjourney/test/core/navigation/app_shell_test.dart: Begleitung tab badge is hidden when unread is 0                                            00:14 +93: /Users/alexandermessinger/dev/claudvibes/reflexjourney/test/core/navigation/app_shell_test.dart: Begleitung tab badge is hidden when unread is 0                                            00:14 +93: /Users/alexandermessinger/dev/claudvibes/reflexjourney/test/core/navigation/app_shell_test.dart: tapping Begleitung tab navigates to /begleitung                                            00:14 +94: /Users/alexandermessinger/dev/claudvibes/reflexjourney/test/core/navigation/app_shell_test.dart: tapping Begleitung tab navigates to /begleitung                                            00:14 +95: /Users/alexandermessinger/dev/claudvibes/reflexjourney/test/core/navigation/app_shell_test.dart: tapping Begleitung tab navigates to /begleitung                                            00:14 +96: /Users/alexandermessinger/dev/claudvibes/reflexjourney/test/core/navigation/app_shell_test.dart: tapping Begleitung tab navigates to /begleitung                                            00:14 +97: /Users/alexandermessinger/dev/claudvibes/reflexjourney/test/core/navigation/app_shell_test.dart: tapping Begleitung tab navigates to /begleitung                                            00:14 +98: /Users/alexandermessinger/dev/claudvibes/reflexjourney/test/core/navigation/app_shell_test.dart: tapping Begleitung tab navigates to /begleitung                                            00:14 +99: /Users/alexandermessinger/dev/claudvibes/reflexjourney/test/core/storage/file_local_storage_test.dart: atomic replacement and logout remove interrupted temporary files                     00:14 +100: /Users/alexandermessinger/dev/claudvibes/reflexjourney/test/core/storage/file_local_storage_test.dart: atomic replacement and logout remove interrupted temporary files                    00:14 +101: /Users/alexandermessinger/dev/claudvibes/reflexjourney/test/core/storage/pending_invite_store_test.dart: clearCode removes pending invite                                                  00:14 +102: /Users/alexandermessinger/dev/claudvibes/reflexjourney/test/core/storage/file_local_storage_test.dart: failed backup exclusion rejects persistence but erasure remains usable              00:14 +103: /Users/alexandermessinger/dev/claudvibes/reflexjourney/test/core/storage/pending_invite_store_test.dart: last activated count is per userId                                                00:14 +104: /Users/alexandermessinger/dev/claudvibes/reflexjourney/test/core/storage/pending_invite_store_test.dart: last activated count is per userId                                                00:14 +104: /Users/alexandermessinger/dev/claudvibes/reflexjourney/test/core/storage/pending_invite_store_test.dart: overlapping mutations do not drop code or per-user counts                         00:14 +105: /Users/alexandermessinger/dev/claudvibes/reflexjourney/test/core/storage/pending_invite_store_test.dart: overlapping mutations do not drop code or per-user counts                         00:14 +105: /Users/alexandermessinger/dev/claudvibes/reflexjourney/test/core/storage/pending_invite_store_test.dart: impulse: ignored then tapped second show is not permanent                         00:14 +106: /Users/alexandermessinger/dev/claudvibes/reflexjourney/test/core/storage/pending_invite_store_test.dart: impulse: ignored then tapped second show is not permanent                         00:14 +106: /Users/alexandermessinger/dev/claudvibes/reflexjourney/test/core/storage/pending_invite_store_test.dart: impulse: two unanswered shows become permanent on next settle                     00:14 +107: /Users/alexandermessinger/dev/claudvibes/reflexjourney/test/core/storage/pending_invite_store_test.dart: impulse: two unanswered shows become permanent on next settle                     00:14 +107: /Users/alexandermessinger/dev/claudvibes/reflexjourney/test/core/storage/pending_invite_store_test.dart: impulse state is isolated per user                                                00:14 +108: /Users/alexandermessinger/dev/claudvibes/reflexjourney/test/core/storage/pending_invite_store_test.dart: impulse state is isolated per user                                                00:15 +108: /Users/alexandermessinger/dev/claudvibes/reflexjourney/test/core/storage/pending_invite_store_test.dart: impulse state is isolated per user                                                00:15 +108: loading /Users/alexandermessinger/dev/claudvibes/reflexjourney/test/core/theme/app_theme_test.dart                                                                                         00:15 +108: /Users/alexandermessinger/dev/claudvibes/reflexjourney/test/core/theme/app_theme_test.dart: (setUpAll)                                                                                     00:15 +108: /Users/alexandermessinger/dev/claudvibes/reflexjourney/test/core/theme/app_theme_test.dart: AppTheme light theme (setUpAll)                                                                00:15 +108: /Users/alexandermessinger/dev/claudvibes/reflexjourney/test/core/theme/app_theme_test.dart: AppTheme light theme scaffold background is green-tinted                                       00:15 +108: /Users/alexandermessinger/dev/claudvibes/reflexjourney/test/core/theme/app_theme_test.dart: AppTheme light theme (setUpAll)                                                                
Error: google_fonts was unable to load font Poppins-Regular because the following exception occurred:
Exception: GoogleFonts.config.allowRuntimeFetching is false but font Poppins-Regular was not found in the application assets. Ensure Poppins-Regular.ttf exists in a folder that is included in your pubspec's assets.

There is likely something wrong with your test. Please see https://github.com/flutter/packages/blob/main/packages/google_fonts/example/test for examples of how to test with google_fonts.
If troubleshooting doesn't solve the problem, please file an issue at https://github.com/flutter/flutter/issues/new/choose.

Error: google_fonts was unable to load font Poppins-SemiBold because the following exception occurred:
Exception: GoogleFonts.config.allowRuntimeFetching is false but font Poppins-SemiBold was not found in the application assets. Ensure Poppins-SemiBold.ttf exists in a folder that is included in your pubspec's assets.

There is likely something wrong with your test. Please see https://github.com/flutter/packages/blob/main/packages/google_fonts/example/test for examples of how to test with google_fonts.
If troubleshooting doesn't solve the problem, please file an issue at https://github.com/flutter/flutter/issues/new/choose.

00:15 +109: /Users/alexandermessinger/dev/claudvibes/reflexjourney/test/core/theme/app_theme_test.dart: AppTheme light theme scaffold background is green-tinted                                       00:15 +109: /Users/alexandermessinger/dev/claudvibes/reflexjourney/test/core/theme/app_theme_test.dart: AppTheme light theme scaffold background hex matches design spec                               00:15 +110: /Users/alexandermessinger/dev/claudvibes/reflexjourney/test/core/theme/app_theme_test.dart: AppTheme light theme scaffold background hex matches design spec                               00:15 +110: /Users/alexandermessinger/dev/claudvibes/reflexjourney/test/core/theme/app_theme_test.dart: AppTheme light theme elevated button background is primary green                               00:15 +111: /Users/alexandermessinger/dev/claudvibes/reflexjourney/test/core/theme/app_theme_test.dart: AppTheme light theme elevated button background is primary green                               00:15 +111: /Users/alexandermessinger/dev/claudvibes/reflexjourney/test/core/theme/app_theme_test.dart: AppTheme light theme elevated button foreground is contrast-safe on primary green              00:15 +112: /Users/alexandermessinger/dev/claudvibes/reflexjourney/test/core/theme/app_theme_test.dart: AppTheme light theme elevated button foreground is contrast-safe on primary green              00:15 +112: /Users/alexandermessinger/dev/claudvibes/reflexjourney/test/core/theme/app_theme_test.dart: AppTheme light theme filled button foreground is contrast-safe on primary green                00:15 +113: /Users/alexandermessinger/dev/claudvibes/reflexjourney/test/core/theme/app_theme_test.dart: AppTheme light theme filled button foreground is contrast-safe on primary green                00:15 +113: /Users/alexandermessinger/dev/claudvibes/reflexjourney/test/core/theme/app_theme_test.dart: AppTheme light theme color scheme onPrimary is contrast-safe on primary green                  00:15 +114: /Users/alexandermessinger/dev/claudvibes/reflexjourney/test/core/theme/app_theme_test.dart: AppTheme light theme color scheme onPrimary is contrast-safe on primary green                  00:15 +114: /Users/alexandermessinger/dev/claudvibes/reflexjourney/test/core/theme/app_theme_test.dart: AppTheme light theme elevated button radius is 14                                              00:15 +115: /Users/alexandermessinger/dev/claudvibes/reflexjourney/test/core/theme/app_theme_test.dart: AppTheme light theme elevated button radius is 14                                              00:15 +115: /Users/alexandermessinger/dev/claudvibes/reflexjourney/test/core/theme/app_theme_test.dart: AppTheme light theme card radius is 16                                                         00:15 +116: /Users/alexandermessinger/dev/claudvibes/reflexjourney/test/core/theme/app_theme_test.dart: AppTheme light theme card radius is 16                                                         00:15 +116: /Users/alexandermessinger/dev/claudvibes/reflexjourney/test/core/theme/app_theme_test.dart: AppTheme light theme app bar background is green-tinted                                        00:15 +117: /Users/alexandermessinger/dev/claudvibes/reflexjourney/test/core/theme/app_theme_test.dart: AppTheme light theme app bar background is green-tinted                                        00:15 +117: /Users/alexandermessinger/dev/claudvibes/reflexjourney/test/core/theme/app_theme_test.dart: AppTheme light theme (tearDownAll)                                                             00:15 +117: /Users/alexandermessinger/dev/claudvibes/reflexjourney/test/core/theme/app_theme_test.dart: AppTheme dark theme (setUpAll)                                                                 00:15 +117: /Users/alexandermessinger/dev/claudvibes/reflexjourney/test/core/theme/app_theme_test.dart: AppTheme dark theme scaffold background is pure neutral dark                                   00:15 +117: /Users/alexandermessinger/dev/claudvibes/reflexjourney/test/core/theme/app_theme_test.dart: AppTheme dark theme (setUpAll)                                                                 
Error: google_fonts was unable to load font Poppins-Regular because the following exception occurred:
Exception: GoogleFonts.config.allowRuntimeFetching is false but font Poppins-Regular was not found in the application assets. Ensure Poppins-Regular.ttf exists in a folder that is included in your pubspec's assets.

There is likely something wrong with your test. Please see https://github.com/flutter/packages/blob/main/packages/google_fonts/example/test for examples of how to test with google_fonts.
If troubleshooting doesn't solve the problem, please file an issue at https://github.com/flutter/flutter/issues/new/choose.

Error: google_fonts was unable to load font Poppins-SemiBold because the following exception occurred:
Exception: GoogleFonts.config.allowRuntimeFetching is false but font Poppins-SemiBold was not found in the application assets. Ensure Poppins-SemiBold.ttf exists in a folder that is included in your pubspec's assets.

There is likely something wrong with your test. Please see https://github.com/flutter/packages/blob/main/packages/google_fonts/example/test for examples of how to test with google_fonts.
If troubleshooting doesn't solve the problem, please file an issue at https://github.com/flutter/flutter/issues/new/choose.

00:15 +118: /Users/alexandermessinger/dev/claudvibes/reflexjourney/test/core/theme/app_theme_test.dart: AppTheme dark theme scaffold background is pure neutral dark                                   00:15 +118: /Users/alexandermessinger/dev/claudvibes/reflexjourney/test/core/theme/app_theme_test.dart: AppTheme dark theme elevated button background is primary green                                00:15 +119: /Users/alexandermessinger/dev/claudvibes/reflexjourney/test/core/theme/app_theme_test.dart: AppTheme dark theme elevated button background is primary green                                00:15 +119: /Users/alexandermessinger/dev/claudvibes/reflexjourney/test/core/theme/app_theme_test.dart: AppTheme dark theme elevated button foreground is contrast-safe on primary green               00:15 +120: /Users/alexandermessinger/dev/claudvibes/reflexjourney/test/core/theme/app_theme_test.dart: AppTheme dark theme elevated button foreground is contrast-safe on primary green               00:15 +120: /Users/alexandermessinger/dev/claudvibes/reflexjourney/test/core/theme/app_theme_test.dart: AppTheme dark theme filled button foreground is contrast-safe on primary green                 00:15 +121: /Users/alexandermessinger/dev/claudvibes/reflexjourney/test/core/theme/app_theme_test.dart: AppTheme dark theme filled button foreground is contrast-safe on primary green                 00:15 +121: /Users/alexandermessinger/dev/claudvibes/reflexjourney/test/core/theme/app_theme_test.dart: AppTheme dark theme color scheme onPrimary is contrast-safe on primary green                   00:15 +122: /Users/alexandermessinger/dev/claudvibes/reflexjourney/test/core/theme/app_theme_test.dart: AppTheme dark theme color scheme onPrimary is contrast-safe on primary green                   00:15 +122: /Users/alexandermessinger/dev/claudvibes/reflexjourney/test/core/theme/app_theme_test.dart: AppTheme dark theme elevated button radius is 14                                               00:15 +123: /Users/alexandermessinger/dev/claudvibes/reflexjourney/test/core/theme/app_theme_test.dart: AppTheme dark theme elevated button radius is 14                                               00:15 +123: /Users/alexandermessinger/dev/claudvibes/reflexjourney/test/core/theme/app_theme_test.dart: AppTheme dark theme app bar background is dark                                                 00:15 +124: /Users/alexandermessinger/dev/claudvibes/reflexjourney/test/core/theme/app_theme_test.dart: AppTheme dark theme app bar background is dark                                                 00:15 +124: /Users/alexandermessinger/dev/claudvibes/reflexjourney/test/core/theme/app_theme_test.dart: AppTheme dark theme card surface is dark                                                       00:15 +125: /Users/alexandermessinger/dev/claudvibes/reflexjourney/test/core/theme/app_theme_test.dart: AppTheme dark theme card surface is dark                                                       00:15 +125: /Users/alexandermessinger/dev/claudvibes/reflexjourney/test/core/theme/app_theme_test.dart: AppTheme dark theme (tearDownAll)                                                              00:15 +125: /Users/alexandermessinger/dev/claudvibes/reflexjourney/test/core/theme/app_theme_test.dart: (tearDownAll)                                                                                  00:15 +125: loading /Users/alexandermessinger/dev/claudvibes/reflexjourney/test/core/theme/app_colors_test.dart                                                                                        00:15 +125: /Users/alexandermessinger/dev/claudvibes/reflexjourney/test/core/theme/app_colors_test.dart: AppColors — green palette primary is Free Place green                                         00:15 +126: /Users/alexandermessinger/dev/claudvibes/reflexjourney/test/core/theme/app_colors_test.dart: AppColors — green palette primary is Free Place green                                         00:15 +126: /Users/alexandermessinger/dev/claudvibes/reflexjourney/test/core/theme/app_colors_test.dart: AppColors — green palette primaryDark is darker green for pressed state                       00:15 +127: /Users/alexandermessinger/dev/claudvibes/reflexjourney/test/core/theme/app_colors_test.dart: AppColors — green palette primaryDark is darker green for pressed state                       00:15 +127: /Users/alexandermessinger/dev/claudvibes/reflexjourney/test/core/theme/app_colors_test.dart: AppColors — green palette primaryLight is lighter green for decorative use                    00:15 +128: /Users/alexandermessinger/dev/claudvibes/reflexjourney/test/core/theme/app_colors_test.dart: AppColors — green palette primaryLight is lighter green for decorative use                    00:15 +128: /Users/alexandermessinger/dev/claudvibes/reflexjourney/test/core/theme/app_colors_test.dart: AppColors — green palette primaryOnDark is brightened green for dark surfaces                 00:15 +129: /Users/alexandermessinger/dev/claudvibes/reflexjourney/test/core/theme/app_colors_test.dart: AppColors — green palette primaryOnDark is brightened green for dark surfaces                 00:15 +129: /Users/alexandermessinger/dev/claudvibes/reflexjourney/test/core/theme/app_colors_test.dart: AppColors — green palette backgroundLight has subtle green tint                               00:15 +130: /Users/alexandermessinger/dev/claudvibes/reflexjourney/test/core/theme/app_colors_test.dart: AppColors — green palette backgroundLight has subtle green tint                               00:15 +130: /Users/alexandermessinger/dev/claudvibes/reflexjourney/test/core/theme/app_colors_test.dart: AppColors — green palette textPrimary is dark green-tinted black                              00:15 +131: /Users/alexandermessinger/dev/claudvibes/reflexjourney/test/core/theme/app_colors_test.dart: AppColors — green palette textPrimary is dark green-tinted black                              00:15 +131: /Users/alexandermessinger/dev/claudvibes/reflexjourney/test/core/theme/app_colors_test.dart: AppColors — green palette textSecondary is muted green-grey (WCAG AA compliant)               00:15 +132: /Users/alexandermessinger/dev/claudvibes/reflexjourney/test/core/theme/app_colors_test.dart: AppColors — green palette textSecondary is muted green-grey (WCAG AA compliant)               00:15 +132: /Users/alexandermessinger/dev/claudvibes/reflexjourney/test/core/theme/app_colors_test.dart: AppColors — green palette divider is light green-tinted border                                00:15 +133: /Users/alexandermessinger/dev/claudvibes/reflexjourney/test/core/theme/app_colors_test.dart: AppColors — green palette divider is light green-tinted border                                00:15 +133: /Users/alexandermessinger/dev/claudvibes/reflexjourney/test/core/theme/app_colors_test.dart: AppColors — green palette primary button text passes WCAG AA contrast                         00:15 +134: /Users/alexandermessinger/dev/claudvibes/reflexjourney/test/core/theme/app_colors_test.dart: AppColors — green palette primary button text passes WCAG AA contrast                         00:15 +134: /Users/alexandermessinger/dev/claudvibes/reflexjourney/test/core/theme/app_colors_test.dart: AppColors — green palette secondary text passes WCAG AA contrast on light background          00:15 +135: /Users/alexandermessinger/dev/claudvibes/reflexjourney/test/core/theme/app_colors_test.dart: AppColors — green palette secondary text passes WCAG AA contrast on light background          00:15 +135: /Users/alexandermessinger/dev/claudvibes/reflexjourney/test/core/theme/app_colors_test.dart: AppColors — green palette primary accent passes WCAG AA contrast on dark surfaces             00:15 +136: /Users/alexandermessinger/dev/claudvibes/reflexjourney/test/core/theme/app_colors_test.dart: AppColors — green palette primary accent passes WCAG AA contrast on dark surfaces             00:15 +136: /Users/alexandermessinger/dev/claudvibes/reflexjourney/test/core/theme/app_colors_test.dart: AppColors — green palette primaryOnDark passes WCAG AAA contrast on dark background           00:15 +137: /Users/alexandermessinger/dev/claudvibes/reflexjourney/test/core/theme/app_colors_test.dart: AppColors — green palette primaryOnDark passes WCAG AAA contrast on dark background           00:15 +137: loading /Users/alexandermessinger/dev/claudvibes/reflexjourney/test/core/sync/exercises_sync_service_test.dart                                                                             00:15 +137: /Users/alexandermessinger/dev/claudvibes/reflexjourney/test/core/sync/exercises_sync_service_test.dart: rejects an empty or changed Moro response before cache mutation                    00:15 +138: /Users/alexandermessinger/dev/claudvibes/reflexjourney/test/core/sync/exercises_sync_service_test.dart: rejects an empty or changed Moro response before cache mutation                    00:15 +138: /Users/alexandermessinger/dev/claudvibes/reflexjourney/test/core/sync/exercises_sync_service_test.dart: validated refresh atomically removes stale rows                                    00:16 +138: /Users/alexandermessinger/dev/claudvibes/reflexjourney/test/core/sync/exercises_sync_service_test.dart: validated refresh atomically removes stale rows                                    00:16 +139: /Users/alexandermessinger/dev/claudvibes/reflexjourney/test/core/sync/exercises_sync_service_test.dart: validated refresh atomically removes stale rows                                    00:16 +139: /Users/alexandermessinger/dev/claudvibes/reflexjourney/test/core/sync/exercises_sync_service_test.dart: validation failure leaves the previous snapshot untouched                          00:16 +140: /Users/alexandermessinger/dev/claudvibes/reflexjourney/test/core/sync/exercises_sync_service_test.dart: validation failure leaves the previous snapshot untouched                          00:16 +140: /Users/alexandermessinger/dev/claudvibes/reflexjourney/test/core/sync/exercises_sync_service_test.dart: failed replacement rolls back deletion and partial inserts                         00:16 +141: /Users/alexandermessinger/dev/claudvibes/reflexjourney/test/core/sync/exercises_sync_service_test.dart: failed replacement rolls back deletion and partial inserts                         00:16 +141: /Users/alexandermessinger/dev/claudvibes/reflexjourney/test/core/sync/exercises_sync_service_test.dart: parallel validated replacements never expose a mixed snapshot                      00:16 +142: /Users/alexandermessinger/dev/claudvibes/reflexjourney/test/core/sync/exercises_sync_service_test.dart: parallel validated replacements never expose a mixed snapshot                      00:16 +142: /Users/alexandermessinger/dev/claudvibes/reflexjourney/test/core/sync/exercises_sync_service_test.dart: syncIfNeeded repairs a non-empty partial Moro cache                                00:16 +142: /Users/alexandermessinger/dev/claudvibes/reflexjourney/test/core/sync/exercises_sync_service_test.dart: syncIfNeeded repairs a non-empty partial Moro cache                                
[I] TIME: 2026-09-06T17:47:50.797092 ExercisesSyncService: cached 7 exercises from Supabase
00:16 +143: /Users/alexandermessinger/dev/claudvibes/reflexjourney/test/core/sync/exercises_sync_service_test.dart: syncIfNeeded repairs a non-empty partial Moro cache                                00:16 +143: /Users/alexandermessinger/dev/claudvibes/reflexjourney/test/core/sync/exercises_sync_service_test.dart: syncIfNeeded repairs a cache row with malformed serialized fields                  00:16 +143: /Users/alexandermessinger/dev/claudvibes/reflexjourney/test/core/sync/exercises_sync_service_test.dart: syncIfNeeded repairs a cache row with malformed serialized fields                  
[W] TIME: 2026-09-06T17:47:50.811297 ExercisesSyncService: corrupt cached snapshot — refreshing (FormatException: Unexpected character (at character 1)
not-json
^
)
[I] TIME: 2026-09-06T17:47:50.814631 ExercisesSyncService: cached 7 exercises from Supabase
00:16 +144: /Users/alexandermessinger/dev/claudvibes/reflexjourney/test/core/sync/sync_service_test.dart: simultaneous drains reserve one worker before connectivity returns                           00:16 +144: /Users/alexandermessinger/dev/claudvibes/reflexjourney/test/core/sync/exercises_sync_service_test.dart: syncIfNeeded skips a fully validated Moro cache                                    
[D] TIME: 2026-09-06T17:47:50.823462 ExercisesSyncService: validated 7 cached rows — skipping
00:16 +145: /Users/alexandermessinger/dev/claudvibes/reflexjourney/test/core/sync/sync_service_test.dart: simultaneous drains reserve one worker before connectivity returns                           00:16 +145: /Users/alexandermessinger/dev/claudvibes/reflexjourney/test/core/sync/exercises_sync_service_test.dart: overlapping refresh requests share one remote generation                           
[I] TIME: 2026-09-06T17:47:50.831706 ExercisesSyncService: cached 7 exercises from Supabase
00:16 +146: /Users/alexandermessinger/dev/claudvibes/reflexjourney/test/core/sync/sync_service_test.dart: simultaneous drains reserve one worker before connectivity returns                           00:16 +147: /Users/alexandermessinger/dev/claudvibes/reflexjourney/test/core/sync/sync_service_test.dart: simultaneous drains reserve one worker before connectivity returns                           00:16 +147: /Users/alexandermessinger/dev/claudvibes/reflexjourney/test/core/sync/sync_service_test.dart: ordered partial writes do not lose fields by last-job coalescing                             00:16 +148: /Users/alexandermessinger/dev/claudvibes/reflexjourney/test/core/sync/sync_service_test.dart: ordered partial writes do not lose fields by last-job coalescing                             00:16 +148: /Users/alexandermessinger/dev/claudvibes/reflexjourney/test/core/sync/sync_service_test.dart: a changed stable-ID job is not acknowledged by an older response                             00:16 +149: /Users/alexandermessinger/dev/claudvibes/reflexjourney/test/core/sync/sync_service_test.dart: a changed stable-ID job is not acknowledged by an older response                             00:16 +149: /Users/alexandermessinger/dev/claudvibes/reflexjourney/test/core/sync/sync_service_test.dart: FK conflict retains offline record and intent, later writes cannot overtake                  00:16 +149: /Users/alexandermessinger/dev/claudvibes/reflexjourney/test/core/sync/sync_service_test.dart: FK conflict retains offline record and intent, later writes cannot overtake                  
[E] TIME: 2026-09-06T17:47:50.958486 Sync job retained for retry  ERROR: PostgrestException
00:16 +150: /Users/alexandermessinger/dev/claudvibes/reflexjourney/test/core/sync/sync_service_test.dart: FK conflict retains offline record and intent, later writes cannot overtake                  00:16 +150: /Users/alexandermessinger/dev/claudvibes/reflexjourney/test/core/sync/sync_service_test.dart: acknowledgement clears needsSync only after all record writes succeed                        00:16 +151: /Users/alexandermessinger/dev/claudvibes/reflexjourney/test/core/sync/sync_service_test.dart: acknowledgement clears needsSync only after all record writes succeed                        00:16 +151: /Users/alexandermessinger/dev/claudvibes/reflexjourney/test/core/sync/sync_service_test.dart: restore includes standalone journal without an enrollment and retains child scope            00:16 +151: /Users/alexandermessinger/dev/claudvibes/reflexjourney/test/core/sync/sync_service_test.dart: restore includes standalone journal without an enrollment and retains child scope            
[I] TIME: 2026-09-06T17:47:50.989630 SyncService.rehydrate: pulled 0 enrollments, 0 progress entries, 0 training sessions, 1 journal entries, 0 streak credits
00:16 +152: /Users/alexandermessinger/dev/claudvibes/reflexjourney/test/core/sync/sync_service_test.dart: restore includes standalone journal without an enrollment and retains child scope            00:16 +152: /Users/alexandermessinger/dev/claudvibes/reflexjourney/test/core/sync/sync_service_test.dart: pending delete prevents stale remote journal resurrection                                    00:16 +152: /Users/alexandermessinger/dev/claudvibes/reflexjourney/test/core/sync/sync_service_test.dart: pending delete prevents stale remote journal resurrection                                    
[I] TIME: 2026-09-06T17:47:50.997100 SyncService.rehydrate: pulled 0 enrollments, 0 progress entries, 0 training sessions, 1 journal entries, 0 streak credits
00:16 +153: /Users/alexandermessinger/dev/claudvibes/reflexjourney/test/core/sync/sync_service_test.dart: pending delete prevents stale remote journal resurrection                                    00:16 +153: /Users/alexandermessinger/dev/claudvibes/reflexjourney/test/core/sync/sync_service_test.dart: late restore response cannot repopulate account data after logout                            00:16 +154: /Users/alexandermessinger/dev/claudvibes/reflexjourney/test/core/sync/sync_service_test.dart: late restore response cannot repopulate account data after logout                            00:16 +154: /Users/alexandermessinger/dev/claudvibes/reflexjourney/test/core/sync/sync_service_test.dart: logout removes all user tables including streak credits but preserves content                00:16 +155: /Users/alexandermessinger/dev/claudvibes/reflexjourney/test/core/sync/sync_service_test.dart: logout removes all user tables including streak credits but preserves content                00:16 +155: /Users/alexandermessinger/dev/claudvibes/reflexjourney/test/core/sync/sync_service_test.dart: stale account jobs never transmit under another account                                      00:16 +156: /Users/alexandermessinger/dev/claudvibes/reflexjourney/test/core/sync/sync_service_test.dart: stale account jobs never transmit under another account                                      00:16 +156: loading /Users/alexandermessinger/dev/claudvibes/reflexjourney/test/core/sync/offline_writer_atomicity_test.dart                                                                           00:16 +156: /Users/alexandermessinger/dev/claudvibes/reflexjourney/test/core/sync/offline_writer_atomicity_test.dart: (setUpAll)                                                                       00:16 +157: /Users/alexandermessinger/dev/claudvibes/reflexjourney/test/core/sync/offline_writer_atomicity_test.dart: (setUpAll)                                                                       00:16 +158: /Users/alexandermessinger/dev/claudvibes/reflexjourney/test/core/sync/offline_writer_atomicity_test.dart: (setUpAll)                                                                       00:16 +159: /Users/alexandermessinger/dev/claudvibes/reflexjourney/test/core/sync/offline_writer_atomicity_test.dart: (setUpAll)                                                                       00:16 +159: /Users/alexandermessinger/dev/claudvibes/reflexjourney/test/core/sync/offline_writer_atomicity_test.dart: second enrollment outbox failure leaves no enrollment, progress or job           00:16 +160: /Users/alexandermessinger/dev/claudvibes/reflexjourney/test/core/sync/offline_writer_atomicity_test.dart: second enrollment outbox failure leaves no enrollment, progress or job           00:16 +160: /Users/alexandermessinger/dev/claudvibes/reflexjourney/test/core/sync/offline_writer_atomicity_test.dart: concurrent enrollment creates one record and one pair of sync intents            00:17 +160 -1: /Users/alexandermessinger/dev/claudvibes/reflexjourney/test/core/sync/offline_writer_atomicity_test.dart: concurrent enrollment creates one record and one pair of sync intents         00:17 +160 -1: /Users/alexandermessinger/dev/claudvibes/reflexjourney/test/core/sync/offline_writer_atomicity_test.dart: (setUpAll) [E]                                                                
  MissingPluginException(No implementation found for method getAll on channel plugins.flutter.io/shared_preferences)
  dart:async                                                           _Completer.completeError
  package:shared_preferences/src/shared_preferences_legacy.dart 90:19  SharedPreferences.getInstance
  ===== asynchronous gap ===========================
  dart:async                                                           _CustomZone.registerBinaryCallback
  package:shared_preferences/src/shared_preferences_legacy.dart 85:13  SharedPreferences.getInstance
  package:supabase_flutter/src/local_storage.dart 129:38               SharedPreferencesGotrueAsyncStorage._initialize
  package:supabase_flutter/src/local_storage.dart 120:5                new SharedPreferencesGotrueAsyncStorage
  package:supabase_flutter/src/supabase.dart 110:27                    Supabase.initialize
  test/core/sync/offline_writer_atomicity_test.dart 36:20              main.<fn>
  
Warning: At least one test in this suite creates an HttpClient. When running a test suite that uses
TestWidgetsFlutterBinding, all HTTP requests will return status code 400, and no network request
will actually be made. Any test expecting a real network connection and status code will fail.
To test code that needs an HttpClient, provide your own HttpClient implementation to the code under
test, so that your test can consistently provide a testable response to the code under test.
  This test failed after it had already completed.
  Make sure to use a matching library which informs the test runner
  of pending async work.
  dart:async                                                           _Completer.completeError
  package:shared_preferences/src/shared_preferences_legacy.dart 90:19  SharedPreferences.getInstance
  ===== asynchronous gap ===========================
  dart:async                                                           _CustomZone.registerBinaryCallback
  package:shared_preferences/src/shared_preferences_legacy.dart 85:13  SharedPreferences.getInstance
  package:supabase_flutter/src/local_storage.dart 129:38               SharedPreferencesGotrueAsyncStorage._initialize
  package:supabase_flutter/src/local_storage.dart 120:5                new SharedPreferencesGotrueAsyncStorage
  package:supabase_flutter/src/supabase.dart 110:27                    Supabase.initialize
  test/core/sync/offline_writer_atomicity_test.dart 36:20              main.<fn>
  
00:17 +160 -1: /Users/alexandermessinger/dev/claudvibes/reflexjourney/test/core/logging/logger_service_test.dart: LoggerService Development Environment logs debug messages in development             
┌───────────────────────────────────────────────────────────────────────────────────────────────────────────────────────
│ #0   LoggerService.debug (package:corejourney/core/logging/logger_service.dart:97:13)
│ #1   main.<anonymous closure>.<anonymous closure>.<anonymous closure>.<anonymous closure> (file:///Users/alexandermessinger/dev/claudvibes/reflexjourney/test/core/logging/logger_service_test.dart:38:24)
├┄┄┄┄┄┄┄┄┄┄┄┄┄┄┄┄┄┄┄┄┄┄┄┄┄┄┄┄┄┄┄┄┄┄┄┄┄┄┄┄┄┄┄┄┄┄┄┄┄┄┄┄┄┄┄┄┄┄┄┄┄┄┄┄┄┄┄┄┄┄┄┄┄┄┄┄┄┄┄┄┄┄┄┄┄┄┄┄┄┄┄┄┄┄┄┄┄┄┄┄┄┄┄┄┄┄┄┄┄┄┄┄┄┄┄┄┄┄┄
│ 17:47:51.761 (+0:00:00.007321)
├┄┄┄┄┄┄┄┄┄┄┄┄┄┄┄┄┄┄┄┄┄┄┄┄┄┄┄┄┄┄┄┄┄┄┄┄┄┄┄┄┄┄┄┄┄┄┄┄┄┄┄┄┄┄┄┄┄┄┄┄┄┄┄┄┄┄┄┄┄┄┄┄┄┄┄┄┄┄┄┄┄┄┄┄┄┄┄┄┄┄┄┄┄┄┄┄┄┄┄┄┄┄┄┄┄┄┄┄┄┄┄┄┄┄┄┄┄┄┄
│ 🐛 Test debug message | key=value
└───────────────────────────────────────────────────────────────────────────────────────────────────────────────────────
00:17 +161 -1: /Users/alexandermessinger/dev/claudvibes/reflexjourney/test/core/sync/offline_writer_atomicity_test.dart: concurrent enrollment creates one record and one pair of sync intents         00:17 +161 -1: /Users/alexandermessinger/dev/claudvibes/reflexjourney/test/core/logging/logger_service_test.dart: LoggerService Development Environment logs info messages in development              
[38;5;12m┌───────────────────────────────────────────────────────────────────────────────────────────────────────────────────────[0m
[38;5;12m│ #0   LoggerService.info (package:corejourney/core/logging/logger_service.dart:113:13)[0m
[38;5;12m│ #1   main.<anonymous closure>.<anonymous closure>.<anonymous closure>.<anonymous closure> (file:///Users/alexandermessinger/dev/claudvibes/reflexjourney/test/core/logging/logger_service_test.dart:45:24)[0m
[38;5;12m├┄┄┄┄┄┄┄┄┄┄┄┄┄┄┄┄┄┄┄┄┄┄┄┄┄┄┄┄┄┄┄┄┄┄┄┄┄┄┄┄┄┄┄┄┄┄┄┄┄┄┄┄┄┄┄┄┄┄┄┄┄┄┄┄┄┄┄┄┄┄┄┄┄┄┄┄┄┄┄┄┄┄┄┄┄┄┄┄┄┄┄┄┄┄┄┄┄┄┄┄┄┄┄┄┄┄┄┄┄┄┄┄┄┄┄┄┄┄┄[0m
[38;5;12m│ 17:47:51.776 (+0:00:00.022641)[0m
[38;5;12m├┄┄┄┄┄┄┄┄┄┄┄┄┄┄┄┄┄┄┄┄┄┄┄┄┄┄┄┄┄┄┄┄┄┄┄┄┄┄┄┄┄┄┄┄┄┄┄┄┄┄┄┄┄┄┄┄┄┄┄┄┄┄┄┄┄┄┄┄┄┄┄┄┄┄┄┄┄┄┄┄┄┄┄┄┄┄┄┄┄┄┄┄┄┄┄┄┄┄┄┄┄┄┄┄┄┄┄┄┄┄┄┄┄┄┄┄┄┄┄[0m
[38;5;12m│ 💡 Test info message[0m
[38;5;12m└───────────────────────────────────────────────────────────────────────────────────────────────────────────────────────[0m
00:17 +162 -1: /Users/alexandermessinger/dev/claudvibes/reflexjourney/test/core/sync/offline_writer_atomicity_test.dart: concurrent enrollment creates one record and one pair of sync intents         00:17 +162 -1: /Users/alexandermessinger/dev/claudvibes/reflexjourney/test/core/logging/logger_service_test.dart: LoggerService Development Environment logs warning messages in development           
[38;5;208m┌───────────────────────────────────────────────────────────────────────────────────────────────────────────────────────[0m
[38;5;208m│ test[0m
00:17 +163 -1: /Users/alexandermessinger/dev/claudvibes/reflexjourney/test/core/logging/logger_service_test.dart: LoggerService Development Environment logs warning messages in development           00:17 +163 -1: /Users/alexandermessinger/dev/claudvibes/reflexjourney/test/core/logging/logger_service_test.dart: LoggerService Development Environment logs warning messages in development           
[38;5;208m├┄┄┄┄┄┄┄┄┄┄┄┄┄┄┄┄┄┄┄┄┄┄┄┄┄┄┄┄┄┄┄┄┄┄┄┄┄┄┄┄┄┄┄┄┄┄┄┄┄┄┄┄┄┄┄┄┄┄┄┄┄┄┄┄┄┄┄┄┄┄┄┄┄┄┄┄┄┄┄┄┄┄┄┄┄┄┄┄┄┄┄┄┄┄┄┄┄┄┄┄┄┄┄┄┄┄┄┄┄┄┄┄┄┄┄┄┄┄┄[0m
[38;5;208m│ #0   LoggerService.warning (package:corejourney/core/logging/logger_service.dart:129:13)[0m
[38;5;208m│ #1   main.<anonymous closure>.<anonymous closure>.<anonymous closure>.<anonymous closure> (file:///Users/alexandermessinger/dev/claudvibes/reflexjourney/test/core/logging/logger_service_test.dart:52:24)[0m
[38;5;208m│ #2   _ReturnsNormally.typedMatches (package:matcher/src/core_matchers.dart:153:8)[0m
[38;5;208m│ #3   FeatureMatcher.matches (package:matcher/src/feature_matcher.dart:16:42)[0m
[38;5;208m│ #4   _expect (package:matcher/src/expect/expect.dart:138:30)[0m
[38;5;208m│ #5   expect (package:matcher/src/expect/expect.dart:56:3)[0m
[38;5;208m│ #6   expect (package:flutter_test/src/widget_tester.dart:473:18)[0m
[38;5;208m│ #7   main.<anonymous closure>.<anonymous closure>.<anonymous closure> (file:///Users/alexandermessinger/dev/claudvibes/reflexjourney/test/core/logging/logger_service_test.dart:51:9)[0m
[38;5;208m├┄┄┄┄┄┄┄┄┄┄┄┄┄┄┄┄┄┄┄┄┄┄┄┄┄┄┄┄┄┄┄┄┄┄┄┄┄┄┄┄┄┄┄┄┄┄┄┄┄┄┄┄┄┄┄┄┄┄┄┄┄┄┄┄┄┄┄┄┄┄┄┄┄┄┄┄┄┄┄┄┄┄┄┄┄┄┄┄┄┄┄┄┄┄┄┄┄┄┄┄┄┄┄┄┄┄┄┄┄┄┄┄┄┄┄┄┄┄┄[0m
[38;5;208m│ 17:47:51.781 (+0:00:00.027738)[0m
[38;5;208m├┄┄┄┄┄┄┄┄┄┄┄┄┄┄┄┄┄┄┄┄┄┄┄┄┄┄┄┄┄┄┄┄┄┄┄┄┄┄┄┄┄┄┄┄┄┄┄┄┄┄┄┄┄┄┄┄┄┄┄┄┄┄┄┄┄┄┄┄┄┄┄┄┄┄┄┄┄┄┄┄┄┄┄┄┄┄┄┄┄┄┄┄┄┄┄┄┄┄┄┄┄┄┄┄┄┄┄┄┄┄┄┄┄┄┄┄┄┄┄[0m
[38;5;208m│ ⚠️ Test warning[0m
[38;5;208m└───────────────────────────────────────────────────────────────────────────────────────────────────────────────────────[0m
00:17 +164 -1: /Users/alexandermessinger/dev/claudvibes/reflexjourney/test/core/sync/offline_writer_atomicity_test.dart: enrollment idempotency preserves distinct child subjects                      00:17 +164 -1: /Users/alexandermessinger/dev/claudvibes/reflexjourney/test/core/logging/logger_service_test.dart: LoggerService Development Environment logs error messages in development             
[38;5;196m┌───────────────────────────────────────────────────────────────────────────────────────────────────────────────────────[0m
[38;5;196m│ test[0m
[38;5;196m├┄┄┄┄┄┄┄┄┄┄┄┄┄┄┄┄┄┄┄┄┄┄┄┄┄┄┄┄┄┄┄┄┄┄┄┄┄┄┄┄┄┄┄┄┄┄┄┄┄┄┄┄┄┄┄┄┄┄┄┄┄┄┄┄┄┄┄┄┄┄┄┄┄┄┄┄┄┄┄┄┄┄┄┄┄┄┄┄┄┄┄┄┄┄┄┄┄┄┄┄┄┄┄┄┄┄┄┄┄┄┄┄┄┄┄┄┄┄┄[0m
[38;5;196m│ #0   main.<anonymous closure>.<anonymous closure>.<anonymous closure>.<anonymous closure> (file:///Users/alexandermessinger/dev/claudvibes/reflexjourney/test/core/logging/logger_service_test.dart:62:36)[0m
[38;5;196m│ #1   _ReturnsNormally.typedMatches (package:matcher/src/core_matchers.dart:153:8)[0m
[38;5;196m│ #2   FeatureMatcher.matches (package:matcher/src/feature_matcher.dart:16:42)[0m
[38;5;196m│ #3   _expect (package:matcher/src/expect/expect.dart:138:30)[0m
[38;5;196m│ #4   expect (package:matcher/src/expect/expect.dart:56:3)[0m
[38;5;196m│ #5   expect (package:flutter_test/src/widget_tester.dart:473:18)[0m
[38;5;196m│ #6   main.<anonymous closure>.<anonymous closure>.<anonymous closure> (file:///Users/alexandermessinger/dev/claudvibes/reflexjourney/test/core/logging/logger_service_test.dart:58:9)[0m
[38;5;196m│ #7   Declarer.test.<anonymous closure>.<anonymous closure> (package:test_api/src/backend/declarer.dart:242:19)[0m
[38;5;196m├┄┄┄┄┄┄┄┄┄┄┄┄┄┄┄┄┄┄┄┄┄┄┄┄┄┄┄┄┄┄┄┄┄┄┄┄┄┄┄┄┄┄┄┄┄┄┄┄┄┄┄┄┄┄┄┄┄┄┄┄┄┄┄┄┄┄┄┄┄┄┄┄┄┄┄┄┄┄┄┄┄┄┄┄┄┄┄┄┄┄┄┄┄┄┄┄┄┄┄┄┄┄┄┄┄┄┄┄┄┄┄┄┄┄┄┄┄┄┄[0m
[38;5;196m│ 17:47:51.788 (+0:00:00.034976)[0m
[38;5;196m├┄┄┄┄┄┄┄┄┄┄┄┄┄┄┄┄┄┄┄┄┄┄┄┄┄┄┄┄┄┄┄┄┄┄┄┄┄┄┄┄┄┄┄┄┄┄┄┄┄┄┄┄┄┄┄┄┄┄┄┄┄┄┄┄┄┄┄┄┄┄┄┄┄┄┄┄┄┄┄┄┄┄┄┄┄┄┄┄┄┄┄┄┄┄┄┄┄┄┄┄┄┄┄┄┄┄┄┄┄┄┄┄┄┄┄┄┄┄┄[0m
[38;5;196m│ ⛔ Test error[0m
[38;5;196m└───────────────────────────────────────────────────────────────────────────────────────────────────────────────────────[0m
00:17 +165 -1: /Users/alexandermessinger/dev/claudvibes/reflexjourney/test/core/sync/offline_writer_atomicity_test.dart: enrollment idempotency preserves distinct child subjects                      00:17 +165 -1: /Users/alexandermessinger/dev/claudvibes/reflexjourney/test/core/logging/logger_service_test.dart: LoggerService Development Environment formats message with structured data           
[38;5;12m┌───────────────────────────────────────────────────────────────────────────────────────────────────────────────────────[0m
[38;5;12m│ #0   LoggerService.info (package:corejourney/core/logging/logger_service.dart:113:13)[0m
[38;5;12m│ #1   main.<anonymous closure>.<anonymous closure>.<anonymous closure>.<anonymous closure> (file:///Users/alexandermessinger/dev/claudvibes/reflexjourney/test/core/logging/logger_service_test.dart:70:24)[0m
[38;5;12m├┄┄┄┄┄┄┄┄┄┄┄┄┄┄┄┄┄┄┄┄┄┄┄┄┄┄┄┄┄┄┄┄┄┄┄┄┄┄┄┄┄┄┄┄┄┄┄┄┄┄┄┄┄┄┄┄┄┄┄┄┄┄┄┄┄┄┄┄┄┄┄┄┄┄┄┄┄┄┄┄┄┄┄┄┄┄┄┄┄┄┄┄┄┄┄┄┄┄┄┄┄┄┄┄┄┄┄┄┄┄┄┄┄┄┄┄┄┄┄[0m
00:17 +166 -1: /Users/alexandermessinger/dev/claudvibes/reflexjourney/test/core/logging/logger_service_test.dart: LoggerService Development Environment formats message with structured data           00:17 +166 -1: /Users/alexandermessinger/dev/claudvibes/reflexjourney/test/core/logging/logger_service_test.dart: LoggerService Development Environment formats message with structured data           
[38;5;12m│ 17:47:51.795 (+0:00:00.041594)[0m
[38;5;12m├┄┄┄┄┄┄┄┄┄┄┄┄┄┄┄┄┄┄┄┄┄┄┄┄┄┄┄┄┄┄┄┄┄┄┄┄┄┄┄┄┄┄┄┄┄┄┄┄┄┄┄┄┄┄┄┄┄┄┄┄┄┄┄┄┄┄┄┄┄┄┄┄┄┄┄┄┄┄┄┄┄┄┄┄┄┄┄┄┄┄┄┄┄┄┄┄┄┄┄┄┄┄┄┄┄┄┄┄┄┄┄┄┄┄┄┄┄┄┄[0m
[38;5;12m│ 💡 User action | action=button_click, screen=home, timestamp=2026-09-06T17:47:51.794808[0m
[38;5;12m└───────────────────────────────────────────────────────────────────────────────────────────────────────────────────────[0m
00:17 +167 -1: /Users/alexandermessinger/dev/claudvibes/reflexjourney/test/core/sync/offline_writer_atomicity_test.dart: completion queue failure restores active enrollment and questionnaire         00:17 +168 -1: /Users/alexandermessinger/dev/claudvibes/reflexjourney/test/core/sync/offline_writer_atomicity_test.dart: completion queue failure restores active enrollment and questionnaire         00:17 +169 -1: /Users/alexandermessinger/dev/claudvibes/reflexjourney/test/core/sync/offline_writer_atomicity_test.dart: completion queue failure restores active enrollment and questionnaire         00:17 +169 -1: /Users/alexandermessinger/dev/claudvibes/reflexjourney/test/core/logging/logger_service_test.dart: LoggerService Production Environment should log error in production                  
[E]  Important error
00:17 +170 -1: /Users/alexandermessinger/dev/claudvibes/reflexjourney/test/core/sync/offline_writer_atomicity_test.dart: completion queue failure restores active enrollment and questionnaire         00:17 +170 -1: /Users/alexandermessinger/dev/claudvibes/reflexjourney/test/core/logging/logger_service_test.dart: LoggerService Production Environment should always log fatal errors                  
[FATAL]  Fatal error  ERROR: critical
[Error Report] Fatal error: critical
00:17 +171 -1: /Users/alexandermessinger/dev/claudvibes/reflexjourney/test/core/sync/offline_writer_atomicity_test.dart: completion queue failure restores active enrollment and questionnaire         00:17 +171 -1: /Users/alexandermessinger/dev/claudvibes/reflexjourney/test/core/logging/logger_service_test.dart: LoggerService Scoped Logger creates scoped logger with tag                           
[38;5;12m┌───────────────────────────────────────────────────────────────────────────────────────────────────────────────────────[0m
[38;5;12m│ #0   LoggerService.info (package:corejourney/core/logging/logger_service.dart:113:13)[0m
[38;5;12m│ #1   ScopedLogger.info (package:corejourney/core/logging/logger_service.dart:236:13)[0m
00:17 +172 -1: /Users/alexandermessinger/dev/claudvibes/reflexjourney/test/core/logging/logger_service_test.dart: LoggerService Scoped Logger creates scoped logger with tag                           00:17 +172 -1: /Users/alexandermessinger/dev/claudvibes/reflexjourney/test/core/logging/logger_service_test.dart: LoggerService Scoped Logger creates scoped logger with tag                           
[38;5;12m├┄┄┄┄┄┄┄┄┄┄┄┄┄┄┄┄┄┄┄┄┄┄┄┄┄┄┄┄┄┄┄┄┄┄┄┄┄┄┄┄┄┄┄┄┄┄┄┄┄┄┄┄┄┄┄┄┄┄┄┄┄┄┄┄┄┄┄┄┄┄┄┄┄┄┄┄┄┄┄┄┄┄┄┄┄┄┄┄┄┄┄┄┄┄┄┄┄┄┄┄┄┄┄┄┄┄┄┄┄┄┄┄┄┄┄┄┄┄┄[0m
[38;5;12m│ 17:47:51.812 (+0:00:00.058836)[0m
[38;5;12m├┄┄┄┄┄┄┄┄┄┄┄┄┄┄┄┄┄┄┄┄┄┄┄┄┄┄┄┄┄┄┄┄┄┄┄┄┄┄┄┄┄┄┄┄┄┄┄┄┄┄┄┄┄┄┄┄┄┄┄┄┄┄┄┄┄┄┄┄┄┄┄┄┄┄┄┄┄┄┄┄┄┄┄┄┄┄┄┄┄┄┄┄┄┄┄┄┄┄┄┄┄┄┄┄┄┄┄┄┄┄┄┄┄┄┄┄┄┄┄[0m
[38;5;12m│ 💡 [TestScope] Test message[0m
[38;5;12m└───────────────────────────────────────────────────────────────────────────────────────────────────────────────────────[0m
00:17 +173 -1: /Users/alexandermessinger/dev/claudvibes/reflexjourney/test/core/sync/offline_writer_atomicity_test.dart: extension queue failure preserves target date and attempt history             00:17 +173 -1: /Users/alexandermessinger/dev/claudvibes/reflexjourney/test/core/logging/logger_service_test.dart: LoggerService Scoped Logger scoped logger includes tag in messages                   
┌───────────────────────────────────────────────────────────────────────────────────────────────────────────────────────
│ #0   LoggerService.debug (package:corejourney/core/logging/logger_service.dart:97:13)
│ #1   ScopedLogger.debug (package:corejourney/core/logging/logger_service.dart:230:13)
├┄┄┄┄┄┄┄┄┄┄┄┄┄┄┄┄┄┄┄┄┄┄┄┄┄┄┄┄┄┄┄┄┄┄┄┄┄┄┄┄┄┄┄┄┄┄┄┄┄┄┄┄┄┄┄┄┄┄┄┄┄┄┄┄┄┄┄┄┄┄┄┄┄┄┄┄┄┄┄┄┄┄┄┄┄┄┄┄┄┄┄┄┄┄┄┄┄┄┄┄┄┄┄┄┄┄┄┄┄┄┄┄┄┄┄┄┄┄┄
│ 17:47:51.816 (+0:00:00.062906)
├┄┄┄┄┄┄┄┄┄┄┄┄┄┄┄┄┄┄┄┄┄┄┄┄┄┄┄┄┄┄┄┄┄┄┄┄┄┄┄┄┄┄┄┄┄┄┄┄┄┄┄┄┄┄┄┄┄┄┄┄┄┄┄┄┄┄┄┄┄┄┄┄┄┄┄┄┄┄┄┄┄┄┄┄┄┄┄┄┄┄┄┄┄┄┄┄┄┄┄┄┄┄┄┄┄┄┄┄┄┄┄┄┄┄┄┄┄┄┄
│ 🐛 [Authentication] Login attempted | userId=123
└───────────────────────────────────────────────────────────────────────────────────────────────────────────────────────
00:17 +174 -1: /Users/alexandermessinger/dev/claudvibes/reflexjourney/test/core/sync/offline_writer_atomicity_test.dart: extension queue failure preserves target date and attempt history             00:17 +174 -1: /Users/alexandermessinger/dev/claudvibes/reflexjourney/test/core/logging/logger_service_test.dart: LoggerService Convenience Methods logAction formats user actions correctly           
[38;5;12m┌───────────────────────────────────────────────────────────────────────────────────────────────────────────────────────[0m
[38;5;12m│ #0   LoggerService.info (package:corejourney/core/logging/logger_service.dart:113:13)[0m
[38;5;12m│ #1   LoggerService.logAction (package:corejourney/core/logging/logger_service.dart:207:5)[0m
[38;5;12m├┄┄┄┄┄┄┄┄┄┄┄┄┄┄┄┄┄┄┄┄┄┄┄┄┄┄┄┄┄┄┄┄┄┄┄┄┄┄┄┄┄┄┄┄┄┄┄┄┄┄┄┄┄┄┄┄┄┄┄┄┄┄┄┄┄┄┄┄┄┄┄┄┄┄┄┄┄┄┄┄┄┄┄┄┄┄┄┄┄┄┄┄┄┄┄┄┄┄┄┄┄┄┄┄┄┄┄┄┄┄┄┄┄┄┄┄┄┄┄[0m
[38;5;12m│ 17:47:51.820 (+0:00:00.066440)[0m
[38;5;12m├┄┄┄┄┄┄┄┄┄┄┄┄┄┄┄┄┄┄┄┄┄┄┄┄┄┄┄┄┄┄┄┄┄┄┄┄┄┄┄┄┄┄┄┄┄┄┄┄┄┄┄┄┄┄┄┄┄┄┄┄┄┄┄┄┄┄┄┄┄┄┄┄┄┄┄┄┄┄┄┄┄┄┄┄┄┄┄┄┄┄┄┄┄┄┄┄┄┄┄┄┄┄┄┄┄┄┄┄┄┄┄┄┄┄┄┄┄┄┄[0m
[38;5;12m│ 💡 User action: button_click | button=submit, screen=login[0m
[38;5;12m└───────────────────────────────────────────────────────────────────────────────────────────────────────────────────────[0m
00:17 +175 -1: /Users/alexandermessinger/dev/claudvibes/reflexjourney/test/core/sync/offline_writer_atomicity_test.dart: extension queue failure preserves target date and attempt history             00:17 +175 -1: /Users/alexandermessinger/dev/claudvibes/reflexjourney/test/core/logging/logger_service_test.dart: LoggerService Convenience Methods logScreen logs screen views                        
┌───────────────────────────────────────────────────────────────────────────────────────────────────────────────────────
│ #0   LoggerService.debug (package:corejourney/core/logging/logger_service.dart:97:13)
│ #1   LoggerService.logScreen (package:corejourney/core/logging/logger_service.dart:212:5)
├┄┄┄┄┄┄┄┄┄┄┄┄┄┄┄┄┄┄┄┄┄┄┄┄┄┄┄┄┄┄┄┄┄┄┄┄┄┄┄┄┄┄┄┄┄┄┄┄┄┄┄┄┄┄┄┄┄┄┄┄┄┄┄┄┄┄┄┄┄┄┄┄┄┄┄┄┄┄┄┄┄┄┄┄┄┄┄┄┄┄┄┄┄┄┄┄┄┄┄┄┄┄┄┄┄┄┄┄┄┄┄┄┄┄┄┄┄┄┄
│ 17:47:51.823 (+0:00:00.070196)
├┄┄┄┄┄┄┄┄┄┄┄┄┄┄┄┄┄┄┄┄┄┄┄┄┄┄┄┄┄┄┄┄┄┄┄┄┄┄┄┄┄┄┄┄┄┄┄┄┄┄┄┄┄┄┄┄┄┄┄┄┄┄┄┄┄┄┄┄┄┄┄┄┄┄┄┄┄┄┄┄┄┄┄┄┄┄┄┄┄┄┄┄┄┄┄┄┄┄┄┄┄┄┄┄┄┄┄┄┄┄┄┄┄┄┄┄┄┄┄
│ 🐛 Screen view: HomeScreen | source=navigation
└───────────────────────────────────────────────────────────────────────────────────────────────────────────────────────
00:17 +176 -1: /Users/alexandermessinger/dev/claudvibes/reflexjourney/test/core/sync/offline_writer_atomicity_test.dart: extension queue failure preserves target date and attempt history             00:17 +176 -1: /Users/alexandermessinger/dev/claudvibes/reflexjourney/test/core/logging/logger_service_test.dart: LoggerService Error Handling handles null error gracefully                           
[38;5;196m┌───────────────────────────────────────────────────────────────────────────────────────────────────────────────────────[0m
[38;5;196m│ #0   LoggerService.error (package:corejourney/core/logging/logger_service.dart:145:13)[0m
[38;5;196m│ #1   main.<anonymous closure>.<anonymous closure>.<anonymous closure>.<anonymous closure> (file:///Users/alexandermessinger/dev/claudvibes/reflexjourney/test/core/logging/logger_service_test.dart:168:24)[0m
[38;5;196m├┄┄┄┄┄┄┄┄┄┄┄┄┄┄┄┄┄┄┄┄┄┄┄┄┄┄┄┄┄┄┄┄┄┄┄┄┄┄┄┄┄┄┄┄┄┄┄┄┄┄┄┄┄┄┄┄┄┄┄┄┄┄┄┄┄┄┄┄┄┄┄┄┄┄┄┄┄┄┄┄┄┄┄┄┄┄┄┄┄┄┄┄┄┄┄┄┄┄┄┄┄┄┄┄┄┄┄┄┄┄┄┄┄┄┄┄┄┄┄[0m
[38;5;196m│ 17:47:51.828 (+0:00:00.074774)[0m
[38;5;196m├┄┄┄┄┄┄┄┄┄┄┄┄┄┄┄┄┄┄┄┄┄┄┄┄┄┄┄┄┄┄┄┄┄┄┄┄┄┄┄┄┄┄┄┄┄┄┄┄┄┄┄┄┄┄┄┄┄┄┄┄┄┄┄┄┄┄┄┄┄┄┄┄┄┄┄┄┄┄┄┄┄┄┄┄┄┄┄┄┄┄┄┄┄┄┄┄┄┄┄┄┄┄┄┄┄┄┄┄┄┄┄┄┄┄┄┄┄┄┄[0m
00:17 +177 -1: /Users/alexandermessinger/dev/claudvibes/reflexjourney/test/core/logging/logger_service_test.dart: LoggerService Error Handling handles null error gracefully                           00:17 +177 -1: /Users/alexandermessinger/dev/claudvibes/reflexjourney/test/core/logging/logger_service_test.dart: LoggerService Error Handling handles null error gracefully                           
[38;5;196m│ ⛔ Error without exception[0m
[38;5;196m└───────────────────────────────────────────────────────────────────────────────────────────────────────────────────────[0m
00:17 +178 -1: /Users/alexandermessinger/dev/claudvibes/reflexjourney/test/core/sync/offline_writer_atomicity_test.dart: session queue failure rolls back activity advance and session                 00:17 +178 -1: /Users/alexandermessinger/dev/claudvibes/reflexjourney/test/core/logging/logger_service_test.dart: LoggerService Error Handling handles null stack trace                                
[38;5;196m┌───────────────────────────────────────────────────────────────────────────────────────────────────────────────────────[0m
[38;5;196m│ test[0m
[38;5;196m├┄┄┄┄┄┄┄┄┄┄┄┄┄┄┄┄┄┄┄┄┄┄┄┄┄┄┄┄┄┄┄┄┄┄┄┄┄┄┄┄┄┄┄┄┄┄┄┄┄┄┄┄┄┄┄┄┄┄┄┄┄┄┄┄┄┄┄┄┄┄┄┄┄┄┄┄┄┄┄┄┄┄┄┄┄┄┄┄┄┄┄┄┄┄┄┄┄┄┄┄┄┄┄┄┄┄┄┄┄┄┄┄┄┄┄┄┄┄┄[0m
[38;5;196m│ #0   LoggerService.error (package:corejourney/core/logging/logger_service.dart:145:13)[0m
[38;5;196m│ #1   main.<anonymous closure>.<anonymous closure>.<anonymous closure>.<anonymous closure> (file:///Users/alexandermessinger/dev/claudvibes/reflexjourney/test/core/logging/logger_service_test.dart:175:24)[0m
[38;5;196m│ #2   _ReturnsNormally.typedMatches (package:matcher/src/core_matchers.dart:153:8)[0m
[38;5;196m│ #3   FeatureMatcher.matches (package:matcher/src/feature_matcher.dart:16:42)[0m
[38;5;196m│ #4   _expect (package:matcher/src/expect/expect.dart:138:30)[0m
[38;5;196m│ #5   expect (package:matcher/src/expect/expect.dart:56:3)[0m
[38;5;196m│ #6   expect (package:flutter_test/src/widget_tester.dart:473:18)[0m
[38;5;196m│ #7   main.<anonymous closure>.<anonymous closure>.<anonymous closure> (file:///Users/alexandermessinger/dev/claudvibes/reflexjourney/test/core/logging/logger_service_test.dart:174:9)[0m
[38;5;196m├┄┄┄┄┄┄┄┄┄┄┄┄┄┄┄┄┄┄┄┄┄┄┄┄┄┄┄┄┄┄┄┄┄┄┄┄┄┄┄┄┄┄┄┄┄┄┄┄┄┄┄┄┄┄┄┄┄┄┄┄┄┄┄┄┄┄┄┄┄┄┄┄┄┄┄┄┄┄┄┄┄┄┄┄┄┄┄┄┄┄┄┄┄┄┄┄┄┄┄┄┄┄┄┄┄┄┄┄┄┄┄┄┄┄┄┄┄┄┄[0m
[38;5;196m│ 17:47:51.832 (+0:00:00.079251)[0m
[38;5;196m├┄┄┄┄┄┄┄┄┄┄┄┄┄┄┄┄┄┄┄┄┄┄┄┄┄┄┄┄┄┄┄┄┄┄┄┄┄┄┄┄┄┄┄┄┄┄┄┄┄┄┄┄┄┄┄┄┄┄┄┄┄┄┄┄┄┄┄┄┄┄┄┄┄┄┄┄┄┄┄┄┄┄┄┄┄┄┄┄┄┄┄┄┄┄┄┄┄┄┄┄┄┄┄┄┄┄┄┄┄┄┄┄┄┄┄┄┄┄┄[0m
[38;5;196m│ ⛔ Error[0m
[38;5;196m└───────────────────────────────────────────────────────────────────────────────────────────────────────────────────────[0m
00:17 +179 -1: /Users/alexandermessinger/dev/claudvibes/reflexjourney/test/core/sync/offline_writer_atomicity_test.dart: session queue failure rolls back activity advance and session                 00:17 +179 -1: /Users/alexandermessinger/dev/claudvibes/reflexjourney/test/core/logging/logger_service_test.dart: LoggerService Error Handling handles empty structured data                           
[38;5;12m┌───────────────────────────────────────────────────────────────────────────────────────────────────────────────────────[0m
[38;5;12m│ #0   LoggerService.info (package:corejourney/core/logging/logger_service.dart:113:13)[0m
[38;5;12m│ #1   main.<anonymous closure>.<anonymous closure>.<anonymous closure>.<anonymous closure> (file:///Users/alexandermessinger/dev/claudvibes/reflexjourney/test/core/logging/logger_service_test.dart:182:24)[0m
[38;5;12m├┄┄┄┄┄┄┄┄┄┄┄┄┄┄┄┄┄┄┄┄┄┄┄┄┄┄┄┄┄┄┄┄┄┄┄┄┄┄┄┄┄┄┄┄┄┄┄┄┄┄┄┄┄┄┄┄┄┄┄┄┄┄┄┄┄┄┄┄┄┄┄┄┄┄┄┄┄┄┄┄┄┄┄┄┄┄┄┄┄┄┄┄┄┄┄┄┄┄┄┄┄┄┄┄┄┄┄┄┄┄┄┄┄┄┄┄┄┄┄[0m
[38;5;12m│ 17:47:51.839 (+0:00:00.086044)[0m
[38;5;12m├┄┄┄┄┄┄┄┄┄┄┄┄┄┄┄┄┄┄┄┄┄┄┄┄┄┄┄┄┄┄┄┄┄┄┄┄┄┄┄┄┄┄┄┄┄┄┄┄┄┄┄┄┄┄┄┄┄┄┄┄┄┄┄┄┄┄┄┄┄┄┄┄┄┄┄┄┄┄┄┄┄┄┄┄┄┄┄┄┄┄┄┄┄┄┄┄┄┄┄┄┄┄┄┄┄┄┄┄┄┄┄┄┄┄┄┄┄┄┄[0m
[38;5;12m│ 💡 Message[0m
[38;5;12m└───────────────────────────────────────────────────────────────────────────────────────────────────────────────────────[0m
00:17 +180 -1: /Users/alexandermessinger/dev/claudvibes/reflexjourney/test/core/sync/offline_writer_atomicity_test.dart: session queue failure rolls back activity advance and session                 00:17 +181 -1: /Users/alexandermessinger/dev/claudvibes/reflexjourney/test/core/sync/offline_writer_atomicity_test.dart: session queue failure rolls back activity advance and session                 00:17 +181 -1: /Users/alexandermessinger/dev/claudvibes/reflexjourney/test/core/sync/offline_writer_atomicity_test.dart: same-day retry cannot leave an extra local session without sync intent        00:17 +182 -1: /Users/alexandermessinger/dev/claudvibes/reflexjourney/test/core/sync/offline_writer_atomicity_test.dart: same-day retry cannot leave an extra local session without sync intent        00:17 +182 -1: /Users/alexandermessinger/dev/claudvibes/reflexjourney/test/core/sync/offline_writer_atomicity_test.dart: concurrent session submission ignores stale caller progress                   00:17 +183 -1: /Users/alexandermessinger/dev/claudvibes/reflexjourney/test/core/logging/app_logger_test.dart: production console redacts messages and exception values but reports errors              00:17 +184 -1: /Users/alexandermessinger/dev/claudvibes/reflexjourney/test/core/sync/offline_writer_atomicity_test.dart: mood creation second queue failure rolls back note and checkin                00:17 +185 -1: /Users/alexandermessinger/dev/claudvibes/reflexjourney/test/core/sync/offline_writer_atomicity_test.dart: mood creation second queue failure rolls back note and checkin                00:17 +185 -1: /Users/alexandermessinger/dev/claudvibes/reflexjourney/test/core/sync/offline_writer_atomicity_test.dart: mood update failure restores both original note copies                        00:17 +186 -1: /Users/alexandermessinger/dev/claudvibes/reflexjourney/test/core/sync/offline_writer_atomicity_test.dart: mood update failure restores both original note copies                        00:17 +186 -1: /Users/alexandermessinger/dev/claudvibes/reflexjourney/test/core/sync/offline_writer_atomicity_test.dart: mood deletion failure restores note, checkin and earlier queued deletion      00:17 +187 -1: /Users/alexandermessinger/dev/claudvibes/reflexjourney/test/core/sync/offline_writer_atomicity_test.dart: mood deletion failure restores note, checkin and earlier queued deletion      00:17 +187 -1: /Users/alexandermessinger/dev/claudvibes/reflexjourney/test/core/sync/offline_writer_atomicity_test.dart: journal deletion failure restores cleared linked note and journal             00:17 +188 -1: /Users/alexandermessinger/dev/claudvibes/reflexjourney/test/core/sync/offline_writer_atomicity_test.dart: journal deletion failure restores cleared linked note and journal             00:17 +188 -1: /Users/alexandermessinger/dev/claudvibes/reflexjourney/test/core/sync/offline_writer_atomicity_test.dart: (tearDownAll)                                                                 00:17 +188 -1: loading /Users/alexandermessinger/dev/claudvibes/reflexjourney/test/core/notifications/streak_notification_test.dart                                                                    00:17 +188 -1: /Users/alexandermessinger/dev/claudvibes/reflexjourney/test/core/notifications/streak_notification_test.dart: plans one notice per day for the coming week                              00:17 +189 -1: /Users/alexandermessinger/dev/claudvibes/reflexjourney/test/core/notifications/streak_notification_test.dart: plans one notice per day for the coming week                              00:17 +189 -1: /Users/alexandermessinger/dev/claudvibes/reflexjourney/test/core/notifications/streak_notification_test.dart: skips today once the day is done                                          00:17 +190 -1: /Users/alexandermessinger/dev/claudvibes/reflexjourney/test/core/notifications/streak_notification_test.dart: skips today once the day is done                                          00:17 +190 -1: /Users/alexandermessinger/dev/claudvibes/reflexjourney/test/core/notifications/streak_notification_test.dart: skips today when the slot has already passed                              00:17 +191 -1: /Users/alexandermessinger/dev/claudvibes/reflexjourney/test/core/notifications/streak_notification_test.dart: skips today when the slot has already passed                              00:17 +191 -1: loading /Users/alexandermessinger/dev/claudvibes/reflexjourney/test/core/reminders/device_timezone_provider_test.dart                                                                   00:17 +191 -1: /Users/alexandermessinger/dev/claudvibes/reflexjourney/test/core/reminders/device_timezone_provider_test.dart: returns IANA timezone from resolver                                      00:17 +192 -1: /Users/alexandermessinger/dev/claudvibes/reflexjourney/test/core/reminders/device_timezone_provider_test.dart: returns IANA timezone from resolver                                      00:17 +192 -1: /Users/alexandermessinger/dev/claudvibes/reflexjourney/test/core/reminders/device_timezone_provider_test.dart: rejects non-IANA timezone abbreviation                                   00:17 +193 -1: /Users/alexandermessinger/dev/claudvibes/reflexjourney/test/core/reminders/device_timezone_provider_test.dart: rejects non-IANA timezone abbreviation                                   00:17 +193 -1: /Users/alexandermessinger/dev/claudvibes/reflexjourney/test/core/reminders/device_timezone_provider_test.dart: markSyncedIfChanged writes only when changed                             00:17 +194 -1: /Users/alexandermessinger/dev/claudvibes/reflexjourney/test/core/reminders/device_timezone_provider_test.dart: markSyncedIfChanged writes only when changed                             00:17 +194 -1: loading /Users/alexandermessinger/dev/claudvibes/reflexjourney/test/core/services/notification_service_test.dart                                                                        00:17 +194 -1: /Users/alexandermessinger/dev/claudvibes/reflexjourney/test/core/services/notification_service_test.dart: ... quiet hours overlap does not block non-overlapping daytime window         00:17 +195 -1: /Users/alexandermessinger/dev/claudvibes/reflexjourney/test/core/reminders/reminder_preferences_repository_test.dart: maps local reminder window to server quiet hours                  00:17 +196 -1: /Users/alexandermessinger/dev/claudvibes/reflexjourney/test/core/reminders/reminder_preferences_repository_test.dart: maps local reminder window to server quiet hours                  00:17 +197 -1: /Users/alexandermessinger/dev/claudvibes/reflexjourney/test/core/reminders/reminder_preferences_repository_test.dart: maps local reminder window to server quiet hours                  00:17 +198 -1: /Users/alexandermessinger/dev/claudvibes/reflexjourney/test/core/reminders/reminder_preferences_repository_test.dart: maps local reminder window to server quiet hours                  00:17 +199 -1: /Users/alexandermessinger/dev/claudvibes/reflexjourney/test/core/reminders/reminder_preferences_repository_test.dart: maps local reminder window to server quiet hours                  00:17 +200 -1: /Users/alexandermessinger/dev/claudvibes/reflexjourney/test/core/reminders/reminder_preferences_repository_test.dart: maps local reminder window to server quiet hours                  00:17 +201 -1: /Users/alexandermessinger/dev/claudvibes/reflexjourney/test/core/reminders/reminder_preferences_repository_test.dart: maps local reminder window to server quiet hours                  00:17 +202 -1: /Users/alexandermessinger/dev/claudvibes/reflexjourney/test/core/reminders/reminder_preferences_repository_test.dart: maps local reminder window to server quiet hours                  00:17 +203 -1: /Users/alexandermessinger/dev/claudvibes/reflexjourney/test/core/reminders/reminder_preferences_repository_test.dart: maps local reminder window to server quiet hours                  00:17 +203 -1: /Users/alexandermessinger/dev/claudvibes/reflexjourney/test/core/reminders/reminder_preferences_repository_test.dart: does not write server_reminders_enabled                           00:17 +204 -1: /Users/alexandermessinger/dev/claudvibes/reflexjourney/test/core/reminders/reminder_preferences_repository_test.dart: does not write server_reminders_enabled                           00:17 +204 -1: /Users/alexandermessinger/dev/claudvibes/reflexjourney/test/core/reminders/reminder_preferences_repository_test.dart: weekly goal source is default when user has not saved weekly goal 00:17 +205 -1: /Users/alexandermessinger/dev/claudvibes/reflexjourney/test/core/reminders/reminder_preferences_repository_test.dart: weekly goal source is default when user has not saved weekly goal 00:18 +205 -1: /Users/alexandermessinger/dev/claudvibes/reflexjourney/test/core/reminders/reminder_preferences_repository_test.dart: weekly goal source is default when user has not saved weekly goal 00:18 +205 -1: loading /Users/alexandermessinger/dev/claudvibes/reflexjourney/test/evidence/streak_evidence_test.dart                                                                                  00:18 +205 -1: /Users/alexandermessinger/dev/claudvibes/reflexjourney/test/evidence/streak_evidence_test.dart: (setUpAll)                                                                              00:18 +205 -1: /Users/alexandermessinger/dev/claudvibes/reflexjourney/test/evidence/streak_evidence_test.dart: capture streak evidence screenshots                                                     00:19 +205 -1: /Users/alexandermessinger/dev/claudvibes/reflexjourney/test/evidence/streak_evidence_test.dart: capture streak evidence screenshots                                                     00:19 +206 -1: /Users/alexandermessinger/dev/claudvibes/reflexjourney/test/evidence/i18n_en_evidence_test.dart: first launch: choosing English before login previews, persists, and routes             00:19 +207 -1: /Users/alexandermessinger/dev/claudvibes/reflexjourney/test/evidence/i18n_en_evidence_test.dart: first launch: choosing English before login previews, persists, and routes             00:19 +208 -1: /Users/alexandermessinger/dev/claudvibes/reflexjourney/test/evidence/i18n_en_evidence_test.dart: first launch: choosing English before login previews, persists, and routes             00:19 +209 -1: /Users/alexandermessinger/dev/claudvibes/reflexjourney/test/evidence/i18n_en_evidence_test.dart: first launch: choosing English before login previews, persists, and routes             00:20 +209 -1: /Users/alexandermessinger/dev/claudvibes/reflexjourney/test/evidence/i18n_en_evidence_test.dart: first launch: choosing English before login previews, persists, and routes             00:20 +210 -1: /Users/alexandermessinger/dev/claudvibes/reflexjourney/test/evidence/i18n_en_evidence_test.dart: first launch: choosing English before login previews, persists, and routes             00:20 +211 -1: /Users/alexandermessinger/dev/claudvibes/reflexjourney/test/evidence/i18n_en_evidence_test.dart: first launch: choosing English before login previews, persists, and routes             00:20 +212 -1: /Users/alexandermessinger/dev/claudvibes/reflexjourney/test/evidence/i18n_en_evidence_test.dart: first launch: choosing English before login previews, persists, and routes             00:20 +213 -1: /Users/alexandermessinger/dev/claudvibes/reflexjourney/test/evidence/i18n_en_evidence_test.dart: first launch: choosing English before login previews, persists, and routes             00:20 +214 -1: /Users/alexandermessinger/dev/claudvibes/reflexjourney/test/evidence/i18n_en_evidence_test.dart: first launch: choosing English before login previews, persists, and routes             00:20 +215 -1: /Users/alexandermessinger/dev/claudvibes/reflexjourney/test/evidence/adult_reflexprofil_evidence_test.dart: capture adult reflexprofil evidence screenshots                             00:20 +216 -1: /Users/alexandermessinger/dev/claudvibes/reflexjourney/test/evidence/adult_reflexprofil_evidence_test.dart: capture adult reflexprofil evidence screenshots                             00:20 +217 -1: /Users/alexandermessinger/dev/claudvibes/reflexjourney/test/evidence/adult_reflexprofil_evidence_test.dart: capture adult reflexprofil evidence screenshots                             00:20 +218 -1: /Users/alexandermessinger/dev/claudvibes/reflexjourney/test/evidence/adult_reflexprofil_evidence_test.dart: capture adult reflexprofil evidence screenshots                             00:21 +218 -1: /Users/alexandermessinger/dev/claudvibes/reflexjourney/test/evidence/adult_reflexprofil_evidence_test.dart: capture adult reflexprofil evidence screenshots                             00:21 +219 -1: /Users/alexandermessinger/dev/claudvibes/reflexjourney/test/evidence/adult_reflexprofil_evidence_test.dart: capture adult reflexprofil evidence screenshots                             00:21 +220 -1: /Users/alexandermessinger/dev/claudvibes/reflexjourney/test/evidence/i18n_en_evidence_test.dart: representative dashboard renders deterministic English state                           00:21 +221 -1: /Users/alexandermessinger/dev/claudvibes/reflexjourney/test/evidence/i18n_en_evidence_test.dart: representative dashboard renders deterministic English state                           00:21 +221 -1: /Users/alexandermessinger/dev/claudvibes/reflexjourney/test/evidence/i18n_en_evidence_test.dart: representative training intro renders English without overflow                         00:21 +222 -1: /Users/alexandermessinger/dev/claudvibes/reflexjourney/test/evidence/i18n_en_evidence_test.dart: representative training intro renders English without overflow                         00:21 +223 -1: /Users/alexandermessinger/dev/claudvibes/reflexjourney/test/evidence/i18n_en_evidence_test.dart: representative training intro renders English without overflow                         00:21 +224 -1: /Users/alexandermessinger/dev/claudvibes/reflexjourney/test/evidence/i18n_en_evidence_test.dart: representative training intro renders English without overflow                         00:21 +225 -1: /Users/alexandermessinger/dev/claudvibes/reflexjourney/test/features/settings/language_selection_screen_test.dart: previews English before login without saving prematurely             00:21 +226 -1: /Users/alexandermessinger/dev/claudvibes/reflexjourney/test/features/settings/language_selection_screen_test.dart: previews English before login without saving prematurely             00:21 +227 -1: /Users/alexandermessinger/dev/claudvibes/reflexjourney/test/features/settings/language_selection_screen_test.dart: previews English before login without saving prematurely             00:21 +228 -1: /Users/alexandermessinger/dev/claudvibes/reflexjourney/test/features/settings/language_selection_screen_test.dart: previews English before login without saving prematurely             00:21 +229 -1: /Users/alexandermessinger/dev/claudvibes/reflexjourney/test/features/settings/language_selection_screen_test.dart: previews English before login without saving prematurely             00:21 +230 -1: /Users/alexandermessinger/dev/claudvibes/reflexjourney/test/features/settings/language_selection_screen_test.dart: previews English before login without saving prematurely             00:21 +231 -1: /Users/alexandermessinger/dev/claudvibes/reflexjourney/test/features/settings/language_selection_screen_test.dart: previews English before login without saving prematurely             00:22 +231 -1: /Users/alexandermessinger/dev/claudvibes/reflexjourney/test/features/settings/language_selection_screen_test.dart: previews English before login without saving prematurely             00:22 +232 -1: /Users/alexandermessinger/dev/claudvibes/reflexjourney/test/features/settings/language_selection_screen_test.dart: previews English before login without saving prematurely             00:22 +232 -1: /Users/alexandermessinger/dev/claudvibes/reflexjourney/test/features/settings/language_selection_screen_test.dart: renders one button per registry entry                                00:22 +233 -1: /Users/alexandermessinger/dev/claudvibes/reflexjourney/test/features/settings/language_selection_screen_test.dart: renders one button per registry entry                                00:22 +233 -1: loading /Users/alexandermessinger/dev/claudvibes/reflexjourney/test/features/progress/packages_journal_golden_localization_test.dart                                                    00:22 +233 -1: /Users/alexandermessinger/dev/claudvibes/reflexjourney/test/features/progress/packages_journal_golden_localization_test.dart: (setUpAll)                                                00:22 +233 -1: /Users/alexandermessinger/dev/claudvibes/reflexjourney/test/features/progress/packages_journal_golden_localization_test.dart: ... copy stays exact and English uses approved terms      00:22 +234 -1: /Users/alexandermessinger/dev/claudvibes/reflexjourney/test/features/progress/packages_journal_golden_localization_test.dart: ... copy stays exact and English uses approved terms      00:22 +234 -1: /Users/alexandermessinger/dev/claudvibes/reflexjourney/test/features/progress/packages_journal_golden_localization_test.dart: ... time keeps German HH:mm and follows en-US conventions 00:22 +235 -1: /Users/alexandermessinger/dev/claudvibes/reflexjourney/test/features/progress/packages_journal_golden_localization_test.dart: ... time keeps German HH:mm and follows en-US conventions 00:22 +235 -1: /Users/alexandermessinger/dev/claudvibes/reflexjourney/test/features/progress/packages_journal_golden_localization_test.dart: Golden Day renders English and preserves German copy      00:22 +236 -1: /Users/alexandermessinger/dev/claudvibes/reflexjourney/test/features/progress/packages_journal_golden_localization_test.dart: Golden Day renders English and preserves German copy      00:22 +237 -1: /Users/alexandermessinger/dev/claudvibes/reflexjourney/test/features/progress/packages_journal_golden_localization_test.dart: Golden Day renders English and preserves German copy      00:22 +238 -1: /Users/alexandermessinger/dev/claudvibes/reflexjourney/test/features/progress/packages_journal_golden_localization_test.dart: Golden Day renders English and preserves German copy      00:22 +239 -1: /Users/alexandermessinger/dev/claudvibes/reflexjourney/test/features/progress/packages_journal_golden_localization_test.dart: Golden Day renders English and preserves German copy      00:22 +240 -1: /Users/alexandermessinger/dev/claudvibes/reflexjourney/test/features/progress/packages_journal_golden_localization_test.dart: Golden Day renders English and preserves German copy      00:22 +241 -1: /Users/alexandermessinger/dev/claudvibes/reflexjourney/test/features/progress/packages_journal_golden_localization_test.dart: Golden Day renders English and preserves German copy      00:22 +242 -1: /Users/alexandermessinger/dev/claudvibes/reflexjourney/test/features/progress/packages_journal_golden_localization_test.dart: Golden Day renders English and preserves German copy      00:22 +243 -1: /Users/alexandermessinger/dev/claudvibes/reflexjourney/test/features/progress/packages_journal_golden_localization_test.dart: Golden Day renders English and preserves German copy      00:22 +244 -1: /Users/alexandermessinger/dev/claudvibes/reflexjourney/test/features/progress/packages_journal_golden_localization_test.dart: Golden Day renders English and preserves German copy      00:22 +245 -1: /Users/alexandermessinger/dev/claudvibes/reflexjourney/test/features/progress/packages_journal_golden_localization_test.dart: Golden Day renders English and preserves German copy      00:22 +246 -1: /Users/alexandermessinger/dev/claudvibes/reflexjourney/test/features/progress/packages_journal_golden_localization_test.dart: Golden Day renders English and preserves German copy      00:22 +247 -1: /Users/alexandermessinger/dev/claudvibes/reflexjourney/test/features/progress/packages_journal_golden_localization_test.dart: Golden Day renders English and preserves German copy      00:23 +247 -1: /Users/alexandermessinger/dev/claudvibes/reflexjourney/test/features/progress/packages_journal_golden_localization_test.dart: Golden Day renders English and preserves German copy      00:23 +248 -1: /Users/alexandermessinger/dev/claudvibes/reflexjourney/test/features/progress/packages_journal_golden_localization_test.dart: Golden Day renders English and preserves German copy      00:23 +249 -1: /Users/alexandermessinger/dev/claudvibes/reflexjourney/test/features/progress/packages_journal_golden_localization_test.dart: Golden Day renders English and preserves German copy      00:23 +250 -1: /Users/alexandermessinger/dev/claudvibes/reflexjourney/test/features/progress/packages_journal_golden_localization_test.dart: Golden Day renders English and preserves German copy      00:23 +251 -1: /Users/alexandermessinger/dev/claudvibes/reflexjourney/test/features/progress/packages_journal_golden_localization_test.dart: Golden Day renders English and preserves German copy      00:23 +252 -1: /Users/alexandermessinger/dev/claudvibes/reflexjourney/test/features/progress/packages_journal_golden_localization_test.dart: Golden Day renders English and preserves German copy      00:23 +253 -1: /Users/alexandermessinger/dev/claudvibes/reflexjourney/test/features/progress/packages_journal_golden_localization_test.dart: Golden Day renders English and preserves German copy      00:23 +254 -1: /Users/alexandermessinger/dev/claudvibes/reflexjourney/test/features/progress/packages_journal_golden_localization_test.dart: Golden Day renders English and preserves German copy      00:23 +255 -1: /Users/alexandermessinger/dev/claudvibes/reflexjourney/test/features/progress/packages_journal_golden_localization_test.dart: Golden Day renders English and preserves German copy      00:23 +256 -1: /Users/alexandermessinger/dev/claudvibes/reflexjourney/test/features/progress/packages_journal_golden_localization_test.dart: Golden Day renders English and preserves German copy      00:23 +257 -1: /Users/alexandermessinger/dev/claudvibes/reflexjourney/test/features/progress/packages_journal_golden_localization_test.dart: Golden Day renders English and preserves German copy      00:23 +258 -1: /Users/alexandermessinger/dev/claudvibes/reflexjourney/test/features/progress/packages_journal_golden_localization_test.dart: Golden Day renders English and preserves German copy      00:23 +259 -1: /Users/alexandermessinger/dev/claudvibes/reflexjourney/test/features/progress/packages_journal_golden_localization_test.dart: Golden Day renders English and preserves German copy      00:23 +260 -1: /Users/alexandermessinger/dev/claudvibes/reflexjourney/test/features/progress/packages_journal_golden_localization_test.dart: Golden Day renders English and preserves German copy      00:23 +261 -1: /Users/alexandermessinger/dev/claudvibes/reflexjourney/test/features/progress/packages_journal_golden_localization_test.dart: Golden Day renders English and preserves German copy      00:23 +262 -1: /Users/alexandermessinger/dev/claudvibes/reflexjourney/test/features/progress/packages_journal_golden_localization_test.dart: Golden Day renders English and preserves German copy      00:23 +263 -1: /Users/alexandermessinger/dev/claudvibes/reflexjourney/test/features/progress/packages_journal_golden_localization_test.dart: Golden Day renders English and preserves German copy      00:23 +264 -1: /Users/alexandermessinger/dev/claudvibes/reflexjourney/test/features/progress/packages_journal_golden_localization_test.dart: Golden Day renders English and preserves German copy      00:23 +265 -1: /Users/alexandermessinger/dev/claudvibes/reflexjourney/test/features/progress/packages_journal_golden_localization_test.dart: Golden Day renders English and preserves German copy      00:23 +266 -1: /Users/alexandermessinger/dev/claudvibes/reflexjourney/test/features/progress/packages_journal_golden_localization_test.dart: Golden Day renders English and preserves German copy      00:23 +267 -1: /Users/alexandermessinger/dev/claudvibes/reflexjourney/test/features/progress/packages_journal_golden_localization_test.dart: Golden Day renders English and preserves German copy      00:23 +268 -1: /Users/alexandermessinger/dev/claudvibes/reflexjourney/test/features/progress/packages_journal_golden_localization_test.dart: Golden Day renders English and preserves German copy      00:23 +269 -1: /Users/alexandermessinger/dev/claudvibes/reflexjourney/test/features/progress/packages_journal_golden_localization_test.dart: Golden Day renders English and preserves German copy      00:23 +270 -1: /Users/alexandermessinger/dev/claudvibes/reflexjourney/test/features/progress/packages_journal_golden_localization_test.dart: Golden Day renders English and preserves German copy      00:23 +271 -1: /Users/alexandermessinger/dev/claudvibes/reflexjourney/test/features/progress/packages_journal_golden_localization_test.dart: Golden Day renders English and preserves German copy      00:23 +272 -1: /Users/alexandermessinger/dev/claudvibes/reflexjourney/test/features/progress/packages_journal_golden_localization_test.dart: Golden Day renders English and preserves German copy      00:23 +272 -1: /Users/alexandermessinger/dev/claudvibes/reflexjourney/test/features/progress/packages_journal_golden_localization_test.dart: (tearDownAll)                                             00:23 +272 -1: loading /Users/alexandermessinger/dev/claudvibes/reflexjourney/test/features/progress/presentation/streak_row_test.dart                                                                 00:23 +272 -1: /Users/alexandermessinger/dev/claudvibes/reflexjourney/test/features/progress/presentation/streak_row_test.dart: shows the streak length and the remaining credits                      00:24 +272 -1: /Users/alexandermessinger/dev/claudvibes/reflexjourney/test/features/progress/presentation/streak_row_test.dart: shows the streak length and the remaining credits                      00:24 +273 -1: /Users/alexandermessinger/dev/claudvibes/reflexjourney/test/features/progress/presentation/streak_row_test.dart: shows the streak length and the remaining credits                      00:24 +274 -1: /Users/alexandermessinger/dev/claudvibes/reflexjourney/test/features/progress/presentation/streak_row_test.dart: shows the streak length and the remaining credits                      00:24 +275 -1: /Users/alexandermessinger/dev/claudvibes/reflexjourney/test/features/progress/presentation/streak_row_test.dart: shows the streak length and the remaining credits                      00:24 +276 -1: /Users/alexandermessinger/dev/claudvibes/reflexjourney/test/features/progress/presentation/streak_row_test.dart: shows the streak length and the remaining credits                      00:24 +276 -1: /Users/alexandermessinger/dev/claudvibes/reflexjourney/test/features/progress/presentation/streak_row_test.dart: marks trained, rescued and open days differently                       00:24 +277 -1: /Users/alexandermessinger/dev/claudvibes/reflexjourney/test/features/progress/presentation/streak_row_test.dart: marks trained, rescued and open days differently                       00:24 +277 -1: /Users/alexandermessinger/dev/claudvibes/reflexjourney/test/features/progress/presentation/streak_row_test.dart: shows the rescue notice only when a day was just rescued               00:24 +278 -1: /Users/alexandermessinger/dev/claudvibes/reflexjourney/test/features/progress/presentation/streak_row_test.dart: shows the rescue notice only when a day was just rescued               00:24 +278 -1: loading /Users/alexandermessinger/dev/claudvibes/reflexjourney/test/features/chat/dm_screen_test.dart                                                                                   00:24 +278 -1: /Users/alexandermessinger/dev/claudvibes/reflexjourney/test/features/chat/dm_screen_test.dart: shows only direct channels, filters community out                                        00:24 +279 -1: /Users/alexandermessinger/dev/claudvibes/reflexjourney/test/features/chat/dm_screen_test.dart: shows only direct channels, filters community out                                        00:24 +280 -1: /Users/alexandermessinger/dev/claudvibes/reflexjourney/test/features/chat/dm_screen_test.dart: shows only direct channels, filters community out                                        00:24 +281 -1: /Users/alexandermessinger/dev/claudvibes/reflexjourney/test/features/chat/dm_screen_test.dart: shows only direct channels, filters community out                                        00:24 +282 -1: /Users/alexandermessinger/dev/claudvibes/reflexjourney/test/features/chat/dm_screen_test.dart: shows only direct channels, filters community out                                        00:24 +283 -1: /Users/alexandermessinger/dev/claudvibes/reflexjourney/test/features/chat/dm_screen_test.dart: shows only direct channels, filters community out                                        00:24 +284 -1: /Users/alexandermessinger/dev/claudvibes/reflexjourney/test/features/chat/dm_screen_test.dart: shows only direct channels, filters community out                                        00:24 +285 -1: /Users/alexandermessinger/dev/claudvibes/reflexjourney/test/features/chat/dm_screen_test.dart: shows only direct channels, filters community out                                        00:24 +286 -1: /Users/alexandermessinger/dev/claudvibes/reflexjourney/test/features/chat/dm_screen_test.dart: shows only direct channels, filters community out                                        00:24 +287 -1: /Users/alexandermessinger/dev/claudvibes/reflexjourney/test/features/chat/dm_screen_test.dart: shows only direct channels, filters community out                                        00:24 +288 -1: /Users/alexandermessinger/dev/claudvibes/reflexjourney/test/features/chat/dm_screen_test.dart: shows only direct channels, filters community out                                        00:24 +289 -1: /Users/alexandermessinger/dev/claudvibes/reflexjourney/test/features/chat/dm_screen_test.dart: shows only direct channels, filters community out                                        00:25 +289 -1: /Users/alexandermessinger/dev/claudvibes/reflexjourney/test/features/chat/dm_screen_test.dart: shows only direct channels, filters community out                                        00:25 +290 -1: /Users/alexandermessinger/dev/claudvibes/reflexjourney/test/features/chat/dm_screen_test.dart: shows only direct channels, filters community out                                        00:25 +291 -1: /Users/alexandermessinger/dev/claudvibes/reflexjourney/test/features/chat/dm_screen_test.dart: shows only direct channels, filters community out                                        00:25 +292 -1: /Users/alexandermessinger/dev/claudvibes/reflexjourney/test/features/chat/dm_screen_test.dart: shows only direct channels, filters community out                                        00:25 +293 -1: /Users/alexandermessinger/dev/claudvibes/reflexjourney/test/features/chat/dm_screen_test.dart: shows only direct channels, filters community out                                        00:25 +294 -1: /Users/alexandermessinger/dev/claudvibes/reflexjourney/test/features/chat/dm_screen_test.dart: shows only direct channels, filters community out                                        00:25 +295 -1: /Users/alexandermessinger/dev/claudvibes/reflexjourney/test/features/chat/dm_screen_test.dart: shows only direct channels, filters community out                                        00:25 +295 -1: /Users/alexandermessinger/dev/claudvibes/reflexjourney/test/features/chat/dm_screen_test.dart: shows empty state when no direct channels                                                00:25 +296 -1: /Users/alexandermessinger/dev/claudvibes/reflexjourney/test/features/chat/dm_screen_test.dart: shows empty state when no direct channels                                                00:25 +296 -1: /Users/alexandermessinger/dev/claudvibes/reflexjourney/test/features/chat/dm_screen_test.dart: shows empty state when channel list is empty                                             00:25 +297 -1: /Users/alexandermessinger/dev/claudvibes/reflexjourney/test/features/chat/dm_screen_test.dart: shows empty state when channel list is empty                                             00:25 +297 -1: loading /Users/alexandermessinger/dev/claudvibes/reflexjourney/test/features/chat/chat_channel_screen_call_gate_test.dart                                                               00:25 +297 -1: /Users/alexandermessinger/dev/claudvibes/reflexjourney/test/features/chat/chat_channel_screen_call_gate_test.dart: kVideoCallsEnabled ist für den v1-Launch deaktiviert (D2=A)          00:25 +298 -1: /Users/alexandermessinger/dev/claudvibes/reflexjourney/test/features/chat/chat_channel_screen_call_gate_test.dart: kVideoCallsEnabled ist für den v1-Launch deaktiviert (D2=A)          00:25 +298 -1: /Users/alexandermessinger/dev/claudvibes/reflexjourney/test/features/chat/chat_channel_screen_call_gate_test.dart: Practitioner-Chat rendert ohne Call-Button, Senden bleibt            00:26 +298 -1: /Users/alexandermessinger/dev/claudvibes/reflexjourney/test/features/chat/chat_channel_screen_call_gate_test.dart: Practitioner-Chat rendert ohne Call-Button, Senden bleibt            00:26 +299 -1: /Users/alexandermessinger/dev/claudvibes/reflexjourney/test/features/chat/chat_channel_screen_call_gate_test.dart: Practitioner-Chat rendert ohne Call-Button, Senden bleibt            00:26 +300 -1: /Users/alexandermessinger/dev/claudvibes/reflexjourney/test/features/chat/chat_channel_screen_call_gate_test.dart: Practitioner-Chat rendert ohne Call-Button, Senden bleibt            00:26 +301 -1: /Users/alexandermessinger/dev/claudvibes/reflexjourney/test/features/chat/chat_channel_screen_call_gate_test.dart: Practitioner-Chat rendert ohne Call-Button, Senden bleibt            00:26 +302 -1: /Users/alexandermessinger/dev/claudvibes/reflexjourney/test/features/accompaniment/end_accompaniment_dialog_test.dart: confirming returns true                                          00:26 +303 -1: /Users/alexandermessinger/dev/claudvibes/reflexjourney/test/features/auth/login_screen_social_test.dart: shows Apple and Google sign-in buttons on sign-in mode                         00:26 +304 -1: /Users/alexandermessinger/dev/claudvibes/reflexjourney/test/features/auth/login_screen_social_test.dart: shows Apple and Google sign-in buttons on sign-in mode                         00:26 +305 -1: /Users/alexandermessinger/dev/claudvibes/reflexjourney/test/features/auth/login_screen_social_test.dart: shows Apple and Google sign-in buttons on sign-in mode                         00:26 +306 -1: /Users/alexandermessinger/dev/claudvibes/reflexjourney/test/features/auth/login_screen_social_test.dart: shows Apple and Google sign-in buttons on sign-in mode                         00:26 +307 -1: /Users/alexandermessinger/dev/claudvibes/reflexjourney/test/features/auth/login_screen_social_test.dart: shows Apple and Google sign-in buttons on sign-in mode                         00:27 +307 -1: /Users/alexandermessinger/dev/claudvibes/reflexjourney/test/features/auth/login_screen_social_test.dart: shows Apple and Google sign-in buttons on sign-in mode                         00:27 +308 -1: /Users/alexandermessinger/dev/claudvibes/reflexjourney/test/features/auth/login_screen_social_test.dart: shows Apple and Google sign-in buttons on sign-in mode                         00:27 +309 -1: /Users/alexandermessinger/dev/claudvibes/reflexjourney/test/features/auth/login_screen_social_test.dart: shows Apple and Google sign-in buttons on sign-in mode                         00:27 +310 -1: /Users/alexandermessinger/dev/claudvibes/reflexjourney/test/features/auth/login_screen_social_test.dart: shows Apple and Google sign-in buttons on sign-in mode                         00:27 +311 -1: /Users/alexandermessinger/dev/claudvibes/reflexjourney/test/features/auth/login_screen_social_test.dart: shows Apple and Google sign-in buttons on sign-in mode                         00:27 +311 -1: /Users/alexandermessinger/dev/claudvibes/reflexjourney/test/features/auth/login_screen_social_test.dart: hides social buttons on sign-up mode                                           00:27 +312 -1: /Users/alexandermessinger/dev/claudvibes/reflexjourney/test/features/auth/login_screen_social_test.dart: hides social buttons on sign-up mode                                           00:27 +313 -1: /Users/alexandermessinger/dev/claudvibes/reflexjourney/test/features/auth/login_screen_social_test.dart: hides social buttons on sign-up mode                                           00:27 +314 -1: /Users/alexandermessinger/dev/claudvibes/reflexjourney/test/features/auth/login_screen_social_test.dart: hides social buttons on sign-up mode                                           00:27 +315 -1: /Users/alexandermessinger/dev/claudvibes/reflexjourney/test/features/training/metronome_service_test.dart: MetronomeService — phased emits phaseTransition between phases               00:27 +316 -1: /Users/alexandermessinger/dev/claudvibes/reflexjourney/test/features/training/metronome_service_test.dart: MetronomeService — phased emits phaseTransition between phases               00:27 +316 -1: loading /Users/alexandermessinger/dev/claudvibes/reflexjourney/test/features/training/experience_prompt_service_test.dart                                                               00:27 +316 -1: /Users/alexandermessinger/dev/claudvibes/reflexjourney/test/features/training/experience_prompt_service_test.dart: ExperiencePromptService shouldShow returns true when never shown     00:27 +317 -1: /Users/alexandermessinger/dev/claudvibes/reflexjourney/test/features/training/experience_prompt_service_test.dart: ExperiencePromptService shouldShow returns true when never shown     00:27 +317 -1: /Users/alexandermessinger/dev/claudvibes/reflexjourney/test/features/training/experience_prompt_service_test.dart: ... shouldShow returns false immediately after markShown             00:27 +318 -1: /Users/alexandermessinger/dev/claudvibes/reflexjourney/test/features/training/experience_prompt_service_test.dart: ... shouldShow returns false immediately after markShown             00:27 +318 -1: /Users/alexandermessinger/dev/claudvibes/reflexjourney/test/features/training/experience_prompt_service_test.dart: ... shouldShow returns true if stored date is yesterday              00:27 +319 -1: /Users/alexandermessinger/dev/claudvibes/reflexjourney/test/features/training/experience_prompt_service_test.dart: ... shouldShow returns true if stored date is yesterday              00:27 +319 -1: /Users/alexandermessinger/dev/claudvibes/reflexjourney/test/features/training/experience_prompt_service_test.dart: ... shouldShow returns false if stored date is today                 00:27 +320 -1: /Users/alexandermessinger/dev/claudvibes/reflexjourney/test/features/training/experience_prompt_service_test.dart: ... shouldShow returns false if stored date is today                 00:28 +320 -1: /Users/alexandermessinger/dev/claudvibes/reflexjourney/test/features/training/experience_prompt_service_test.dart: ... shouldShow returns false if stored date is today                 00:28 +320 -1: loading /Users/alexandermessinger/dev/claudvibes/reflexjourney/test/features/training/rhythm_cue_player_test.dart                                                                       00:28 +320 -1: /Users/alexandermessinger/dev/claudvibes/reflexjourney/test/features/training/rhythm_cue_player_test.dart: bundled rhythm cues are non-empty PCM mono WAV assets                        00:28 +321 -1: /Users/alexandermessinger/dev/claudvibes/reflexjourney/test/features/training/rhythm_cue_player_test.dart: bundled rhythm cues are non-empty PCM mono WAV assets                        00:28 +321 -1: /Users/alexandermessinger/dev/claudvibes/reflexjourney/test/features/training/rhythm_cue_player_test.dart: initialize preflights both assets and is idempotent                          00:28 +322 -1: /Users/alexandermessinger/dev/claudvibes/reflexjourney/test/features/training/rhythm_cue_player_test.dart: initialize preflights both assets and is idempotent                          00:28 +322 -1: /Users/alexandermessinger/dev/claudvibes/reflexjourney/test/features/training/rhythm_cue_player_test.dart: missing asset keeps the player gated and never initializes audio             00:28 +323 -1: /Users/alexandermessinger/dev/claudvibes/reflexjourney/test/features/training/rhythm_cue_player_test.dart: missing asset keeps the player gated and never initializes audio             00:28 +323 -1: /Users/alexandermessinger/dev/claudvibes/reflexjourney/test/features/training/rhythm_cue_player_test.dart: backend initialization failure is a closed preflight result                  00:28 +324 -1: /Users/alexandermessinger/dev/claudvibes/reflexjourney/test/features/training/rhythm_cue_player_test.dart: backend initialization failure is a closed preflight result                  00:28 +324 -1: /Users/alexandermessinger/dev/claudvibes/reflexjourney/test/features/training/rhythm_cue_player_test.dart: maps canonical session signals without owning a timeline                     00:28 +325 -1: /Users/alexandermessinger/dev/claudvibes/reflexjourney/test/features/training/rhythm_cue_player_test.dart: maps canonical session signals without owning a timeline                     00:28 +325 -1: /Users/alexandermessinger/dev/claudvibes/reflexjourney/test/features/training/rhythm_cue_player_test.dart: disabled tones and pause signals stop instead of playing                     00:28 +326 -1: /Users/alexandermessinger/dev/claudvibes/reflexjourney/test/features/training/rhythm_cue_player_test.dart: disabled tones and pause signals stop instead of playing                     00:28 +326 -1: /Users/alexandermessinger/dev/claudvibes/reflexjourney/test/features/training/rhythm_cue_player_test.dart: stop invalidates queued cues before stopping the backend                     00:28 +327 -1: /Users/alexandermessinger/dev/claudvibes/reflexjourney/test/features/training/rhythm_cue_player_test.dart: stop invalidates queued cues before stopping the backend                     00:28 +327 -1: /Users/alexandermessinger/dev/claudvibes/reflexjourney/test/features/training/rhythm_cue_player_test.dart: runtime playback failure reports a safe interruption                         00:28 +327 -1: /Users/alexandermessinger/dev/claudvibes/reflexjourney/test/features/training/rhythm_cue_player_test.dart: runtime playback failure reports a safe interruption                         
[RhythmCuePlayer] failed to play sounds/rhythm_arrive.wav: Bad state: audio focus lost
00:28 +328 -1: /Users/alexandermessinger/dev/claudvibes/reflexjourney/test/features/training/rhythm_cue_player_test.dart: runtime playback failure reports a safe interruption                         00:28 +328 -1: /Users/alexandermessinger/dev/claudvibes/reflexjourney/test/features/training/rhythm_cue_player_test.dart: dispose is idempotent and prevents future initialization                     00:28 +329 -1: /Users/alexandermessinger/dev/claudvibes/reflexjourney/test/features/training/rhythm_cue_player_test.dart: dispose is idempotent and prevents future initialization                     00:28 +329 -1: loading /Users/alexandermessinger/dev/claudvibes/reflexjourney/test/features/training/domain/content/moro_content_snapshot_test.dart                                                    00:28 +329 -1: /Users/alexandermessinger/dev/claudvibes/reflexjourney/test/features/training/domain/content/moro_content_snapshot_test.dart: ... pins version, IDs, order, repetitions and timing      00:28 +330 -1: /Users/alexandermessinger/dev/claudvibes/reflexjourney/test/features/training/domain/content/moro_content_snapshot_test.dart: ... pins version, IDs, order, repetitions and timing      00:28 +330 -1: /Users/alexandermessinger/dev/claudvibes/reflexjourney/test/features/training/domain/content/moro_content_snapshot_test.dart: ... has concise and equivalent DE/EN guidance fields      00:28 +331 -1: /Users/alexandermessinger/dev/claudvibes/reflexjourney/test/features/training/domain/content/moro_content_snapshot_test.dart: ... has concise and equivalent DE/EN guidance fields      00:28 +331 -1: /Users/alexandermessinger/dev/claudvibes/reflexjourney/test/features/training/domain/content/moro_content_snapshot_test.dart: ... maps released images and declares no bundled videos   00:28 +332 -1: /Users/alexandermessinger/dev/claudvibes/reflexjourney/test/features/training/training_flow_provider_test.dart: TrainingFlowNotifier regression routine starts movement after intro     00:28 +333 -1: /Users/alexandermessinger/dev/claudvibes/reflexjourney/test/features/training/training_flow_provider_test.dart: TrainingFlowNotifier regression routine starts movement after intro     00:28 +334 -1: /Users/alexandermessinger/dev/claudvibes/reflexjourney/test/features/training/training_flow_provider_test.dart: TrainingFlowNotifier regression routine starts movement after intro     00:28 +335 -1: /Users/alexandermessinger/dev/claudvibes/reflexjourney/test/features/training/domain/content/exercise_video_inventory_test.dart: ... covers the complete local exercise catalog         00:28 +336 -1: /Users/alexandermessinger/dev/claudvibes/reflexjourney/test/features/training/domain/content/exercise_video_inventory_test.dart: ... covers the complete local exercise catalog         00:28 +337 -1: /Users/alexandermessinger/dev/claudvibes/reflexjourney/test/features/training/domain/content/exercise_video_inventory_test.dart: ... covers the complete local exercise catalog         00:28 +338 -1: /Users/alexandermessinger/dev/claudvibes/reflexjourney/test/features/training/domain/content/exercise_video_inventory_test.dart: ... covers the complete local exercise catalog         00:28 +339 -1: /Users/alexandermessinger/dev/claudvibes/reflexjourney/test/features/training/domain/content/exercise_video_inventory_test.dart: ... covers the complete local exercise catalog         00:28 +340 -1: /Users/alexandermessinger/dev/claudvibes/reflexjourney/test/features/training/domain/content/exercise_video_inventory_test.dart: ... covers the complete local exercise catalog         00:28 +341 -1: /Users/alexandermessinger/dev/claudvibes/reflexjourney/test/features/training/domain/content/exercise_video_inventory_test.dart: ... covers the complete local exercise catalog         00:28 +341 -1: loading /Users/alexandermessinger/dev/claudvibes/reflexjourney/test/features/training/domain/exercise_model_test.dart                                                                   00:28 +341 -1: /Users/alexandermessinger/dev/claudvibes/reflexjourney/test/features/training/domain/exercise_model_test.dart: Exercise.fromRow — URL normalization null URLs stay null                 00:28 +342 -1: /Users/alexandermessinger/dev/claudvibes/reflexjourney/test/features/training/data/repositories/training_completion_repository_test.dart: ... completion advances progress exactly once 00:28 +343 -1: /Users/alexandermessinger/dev/claudvibes/reflexjourney/test/features/training/data/repositories/training_completion_repository_test.dart: ... completion advances progress exactly once 00:28 +344 -1: /Users/alexandermessinger/dev/claudvibes/reflexjourney/test/features/training/data/repositories/training_completion_repository_test.dart: ... completion advances progress exactly once 00:28 +345 -1: /Users/alexandermessinger/dev/claudvibes/reflexjourney/test/features/training/data/repositories/training_completion_repository_test.dart: ... completion advances progress exactly once 00:28 +346 -1: /Users/alexandermessinger/dev/claudvibes/reflexjourney/test/features/training/data/repositories/training_completion_repository_test.dart: ... completion advances progress exactly once 00:28 +347 -1: /Users/alexandermessinger/dev/claudvibes/reflexjourney/test/features/training/data/repositories/training_completion_repository_test.dart: ... completion advances progress exactly once 00:28 +348 -1: /Users/alexandermessinger/dev/claudvibes/reflexjourney/test/features/training/data/repositories/training_completion_repository_test.dart: ... completion advances progress exactly once 00:28 +349 -1: /Users/alexandermessinger/dev/claudvibes/reflexjourney/test/features/training/data/repositories/training_completion_repository_test.dart: ... completion advances progress exactly once 00:28 +350 -1: /Users/alexandermessinger/dev/claudvibes/reflexjourney/test/features/training/data/repositories/training_completion_repository_test.dart: ... completion advances progress exactly once 00:28 +351 -1: /Users/alexandermessinger/dev/claudvibes/reflexjourney/test/features/training/data/repositories/training_completion_repository_test.dart: ... completion advances progress exactly once 00:28 +352 -1: /Users/alexandermessinger/dev/claudvibes/reflexjourney/test/features/training/data/repositories/training_completion_repository_test.dart: ... completion advances progress exactly once 00:28 +352 -1: /Users/alexandermessinger/dev/claudvibes/reflexjourney/test/features/training/data/repositories/training_completion_repository_test.dart: ... session and progress outbox jobs          00:28 +353 -1: /Users/alexandermessinger/dev/claudvibes/reflexjourney/test/features/training/data/repositories/training_completion_repository_test.dart: ... session and progress outbox jobs          00:28 +353 -1: /Users/alexandermessinger/dev/claudvibes/reflexjourney/test/features/training/data/repositories/training_completion_repository_test.dart: ... an explicit error with no partial writes  00:28 +354 -1: /Users/alexandermessinger/dev/claudvibes/reflexjourney/test/features/training/data/repositories/training_completion_repository_test.dart: ... an explicit error with no partial writes  00:28 +354 -1: /Users/alexandermessinger/dev/claudvibes/reflexjourney/test/features/training/data/repositories/training_completion_repository_test.dart: ... an explicit error with no partial writes  00:28 +355 -1: /Users/alexandermessinger/dev/claudvibes/reflexjourney/test/features/training/data/repositories/training_completion_repository_test.dart: ... an explicit error with no partial writes  00:28 +355 -1: /Users/alexandermessinger/dev/claudvibes/reflexjourney/test/features/training/data/repositories/training_completion_repository_test.dart: ... rolls back session and progress atomically00:28 +356 -1: /Users/alexandermessinger/dev/claudvibes/reflexjourney/test/features/training/data/repositories/training_completion_repository_test.dart: ... rolls back session and progress atomically00:28 +356 -1: /Users/alexandermessinger/dev/claudvibes/reflexjourney/test/features/training/data/repositories/training_completion_repository_test.dart: ... rolls back the whole completion group     00:28 +357 -1: /Users/alexandermessinger/dev/claudvibes/reflexjourney/test/features/training/data/repositories/training_completion_repository_test.dart: ... rolls back the whole completion group     00:28 +357 -1: /Users/alexandermessinger/dev/claudvibes/reflexjourney/test/features/training/data/repositories/training_completion_repository_test.dart: ... idempotent and committed with its outbox  00:28 +358 -1: /Users/alexandermessinger/dev/claudvibes/reflexjourney/test/features/training/data/repositories/training_completion_repository_test.dart: ... idempotent and committed with its outbox  00:28 +358 -1: /Users/alexandermessinger/dev/claudvibes/reflexjourney/test/features/training/data/repositories/training_completion_repository_test.dart: ... a session no longer computes a streak     00:28 +359 -1: /Users/alexandermessinger/dev/claudvibes/reflexjourney/test/features/training/data/repositories/training_completion_repository_test.dart: ... a session no longer computes a streak     00:29 +359 -1: /Users/alexandermessinger/dev/claudvibes/reflexjourney/test/features/training/data/repositories/training_completion_repository_test.dart: ... a session no longer computes a streak     00:29 +359 -1: loading /Users/alexandermessinger/dev/claudvibes/reflexjourney/test/features/training/domain/moro_training_contract_test.dart                                                           00:29 +359 -1: /Users/alexandermessinger/dev/claudvibes/reflexjourney/test/features/training/domain/moro_training_contract_test.dart: ... contract keeps the released 5 → 3 → 4 → 1 → 2 → 6 → 7 order  00:29 +360 -1: /Users/alexandermessinger/dev/claudvibes/reflexjourney/test/features/training/domain/moro_training_contract_test.dart: ... contract keeps the released 5 → 3 → 4 → 1 → 2 → 6 → 7 order  00:29 +360 -1: /Users/alexandermessinger/dev/claudvibes/reflexjourney/test/features/training/domain/moro_training_contract_test.dart: Moro training contract keeps released repetition and phase timing00:29 +361 -1: /Users/alexandermessinger/dev/claudvibes/reflexjourney/test/features/training/domain/moro_training_contract_test.dart: Moro training contract keeps released repetition and phase timing00:29 +361 -1: loading /Users/alexandermessinger/dev/claudvibes/reflexjourney/test/features/training/domain/session/session_orchestrator_test.dart                                                     00:29 +361 -1: /Users/alexandermessinger/dev/claudvibes/reflexjourney/test/features/training/domain/session/session_orchestrator_test.dart: ... for the announcement before starting the countdown     00:29 +362 -1: /Users/alexandermessinger/dev/claudvibes/reflexjourney/test/features/training/domain/session/session_orchestrator_test.dart: ... for the announcement before starting the countdown     00:29 +362 -1: /Users/alexandermessinger/dev/claudvibes/reflexjourney/test/features/training/domain/session/session_orchestrator_test.dart: ... learning mode requires a conscious ready action        00:29 +363 -1: /Users/alexandermessinger/dev/claudvibes/reflexjourney/test/features/training/domain/session/session_orchestrator_test.dart: ... learning mode requires a conscious ready action        00:29 +363 -1: /Users/alexandermessinger/dev/claudvibes/reflexjourney/test/features/training/domain/session/session_orchestrator_test.dart: ... interrupted announcement must be resumed deliberately  00:29 +364 -1: /Users/alexandermessinger/dev/claudvibes/reflexjourney/test/features/training/domain/session/session_orchestrator_test.dart: ... interrupted announcement must be resumed deliberately  00:29 +364 -1: /Users/alexandermessinger/dev/claudvibes/reflexjourney/test/features/training/domain/session/session_orchestrator_test.dart: ... pause and resume preserve the exact remaining timeline 00:29 +365 -1: /Users/alexandermessinger/dev/claudvibes/reflexjourney/test/features/training/domain/session/session_orchestrator_test.dart: ... pause and resume preserve the exact remaining timeline 00:29 +365 -1: /Users/alexandermessinger/dev/claudvibes/reflexjourney/test/features/training/domain/session/session_orchestrator_test.dart: ... pause-resume calls are balanced and never advance time 00:29 +366 -1: /Users/alexandermessinger/dev/claudvibes/reflexjourney/test/features/training/domain/session/session_orchestrator_test.dart: ... pause-resume calls are balanced and never advance time 00:29 +366 -1: /Users/alexandermessinger/dev/claudvibes/reflexjourney/test/features/training/domain/session/session_orchestrator_test.dart: ... terminal, clears pause metadata and emits exactly once 00:29 +367 -1: /Users/alexandermessinger/dev/claudvibes/reflexjourney/test/features/training/domain/session/session_orchestrator_test.dart: ... terminal, clears pause metadata and emits exactly once 00:29 +367 -1: /Users/alexandermessinger/dev/claudvibes/reflexjourney/test/features/training/domain/session/session_orchestrator_test.dart: ... pace change preserves fractional phase progress        00:29 +368 -1: /Users/alexandermessinger/dev/claudvibes/reflexjourney/test/features/training/domain/session/session_orchestrator_test.dart: ... pace change preserves fractional phase progress        00:29 +368 -1: /Users/alexandermessinger/dev/claudvibes/reflexjourney/test/features/training/domain/session/session_orchestrator_test.dart: ... Moro tempo defaults preserve exact configured phases   00:29 +369 -1: /Users/alexandermessinger/dev/claudvibes/reflexjourney/test/features/training/domain/session/session_orchestrator_test.dart: ... Moro tempo defaults preserve exact configured phases   00:29 +369 -1: /Users/alexandermessinger/dev/claudvibes/reflexjourney/test/features/training/domain/session/session_orchestrator_test.dart: ... tempo is the hold duration, never a multiplier         00:29 +370 -1: /Users/alexandermessinger/dev/claudvibes/reflexjourney/test/features/training/domain/session/session_orchestrator_test.dart: ... tempo is the hold duration, never a multiplier         00:29 +370 -1: /Users/alexandermessinger/dev/claudvibes/reflexjourney/test/features/training/domain/session/session_orchestrator_test.dart: ... progress is monotonic across phases and recovery       00:29 +371 -1: /Users/alexandermessinger/dev/claudvibes/reflexjourney/test/features/training/domain/session/session_orchestrator_test.dart: ... progress is monotonic across phases and recovery       00:29 +371 -1: /Users/alexandermessinger/dev/claudvibes/reflexjourney/test/features/training/domain/session/session_orchestrator_test.dart: ... interruption remains paused after foregrounding        00:29 +372 -1: /Users/alexandermessinger/dev/claudvibes/reflexjourney/test/features/training/domain/session/session_orchestrator_test.dart: ... interruption remains paused after foregrounding        00:29 +372 -1: /Users/alexandermessinger/dev/claudvibes/reflexjourney/test/features/training/domain/session/session_orchestrator_test.dart: ... never announces a side switch after the last repetition00:29 +373 -1: /Users/alexandermessinger/dev/claudvibes/reflexjourney/test/features/training/domain/session/session_orchestrator_test.dart: ... never announces a side switch after the last repetition00:29 +373 -1: /Users/alexandermessinger/dev/claudvibes/reflexjourney/test/features/training/domain/session/session_orchestrator_test.dart: ... emits side switch before the recovery cue              00:29 +374 -1: /Users/alexandermessinger/dev/claudvibes/reflexjourney/test/features/training/domain/session/session_orchestrator_test.dart: ... emits side switch before the recovery cue              00:29 +374 -1: /Users/alexandermessinger/dev/claudvibes/reflexjourney/test/features/training/domain/session/session_orchestrator_test.dart: SessionOrchestrator emits completion exactly once          00:29 +375 -1: /Users/alexandermessinger/dev/claudvibes/reflexjourney/test/features/training/domain/session/session_orchestrator_test.dart: SessionOrchestrator emits completion exactly once          00:29 +375 -1: /Users/alexandermessinger/dev/claudvibes/reflexjourney/test/features/training/domain/session/session_orchestrator_test.dart: ... idempotent, closes streams and rejects later mutations 00:29 +376 -1: /Users/alexandermessinger/dev/claudvibes/reflexjourney/test/features/training/domain/session/session_orchestrator_test.dart: ... idempotent, closes streams and rejects later mutations 00:29 +376 -1: /Users/alexandermessinger/dev/claudvibes/reflexjourney/test/features/training/domain/session/session_orchestrator_test.dart: ... restores a checkpoint paused at the exact position     00:29 +377 -1: /Users/alexandermessinger/dev/claudvibes/reflexjourney/test/features/training/domain/session/session_orchestrator_test.dart: ... restores a checkpoint paused at the exact position     00:29 +377 -1: /Users/alexandermessinger/dev/claudvibes/reflexjourney/test/features/training/domain/session/session_orchestrator_test.dart: ... restores a checkpoint during the exercise transition   00:29 +378 -1: /Users/alexandermessinger/dev/claudvibes/reflexjourney/test/features/training/domain/session/session_orchestrator_test.dart: ... restores a checkpoint during the exercise transition   00:29 +378 -1: /Users/alexandermessinger/dev/claudvibes/reflexjourney/test/features/training/domain/session/session_orchestrator_test.dart: ... a completed checkpoint for idempotent persistence retry00:29 +379 -1: /Users/alexandermessinger/dev/claudvibes/reflexjourney/test/features/training/domain/session/session_orchestrator_test.dart: ... a completed checkpoint for idempotent persistence retry00:29 +379 -1: /Users/alexandermessinger/dev/claudvibes/reflexjourney/test/features/training/domain/session/session_orchestrator_test.dart: ... the full released Moro routine with fake elapsed time  00:29 +380 -1: /Users/alexandermessinger/dev/claudvibes/reflexjourney/test/features/training/domain/session/session_orchestrator_test.dart: ... the full released Moro routine with fake elapsed time  00:30 +380 -1: /Users/alexandermessinger/dev/claudvibes/reflexjourney/test/features/training/domain/session/session_orchestrator_test.dart: ... the full released Moro routine with fake elapsed time  00:30 +380 -1: loading /Users/alexandermessinger/dev/claudvibes/reflexjourney/test/features/training/domain/services/training_content_resolver_test.dart                                               00:30 +380 -1: /Users/alexandermessinger/dev/claudvibes/reflexjourney/test/features/training/domain/services/training_content_resolver_test.dart: ... accepts the exact released Moro contract         00:30 +381 -1: /Users/alexandermessinger/dev/claudvibes/reflexjourney/test/features/training/domain/services/training_content_resolver_test.dart: ... accepts the exact released Moro contract         00:30 +381 -1: /Users/alexandermessinger/dev/claudvibes/reflexjourney/test/features/training/domain/services/training_content_resolver_test.dart: ... rejects changed order and timing                 00:30 +382 -1: /Users/alexandermessinger/dev/claudvibes/reflexjourney/test/features/training/domain/services/training_content_resolver_test.dart: ... rejects changed order and timing                 00:30 +382 -1: /Users/alexandermessinger/dev/claudvibes/reflexjourney/test/features/training/domain/services/training_content_resolver_test.dart: ... stable bundled Moro content while cache is empty 00:30 +383 -1: /Users/alexandermessinger/dev/claudvibes/reflexjourney/test/features/training/domain/services/training_content_resolver_test.dart: ... stable bundled Moro content while cache is empty 00:30 +383 -1: /Users/alexandermessinger/dev/claudvibes/reflexjourney/test/features/training/domain/services/training_content_resolver_test.dart: ... cache only as secure remote media overlay        00:30 +384 -1: /Users/alexandermessinger/dev/claudvibes/reflexjourney/test/features/training/domain/services/training_content_resolver_test.dart: ... cache only as secure remote media overlay        00:30 +384 -1: /Users/alexandermessinger/dev/claudvibes/reflexjourney/test/features/training/domain/services/training_content_resolver_test.dart: ... cache falls back to the canonical Moro snapshot  00:30 +385 -1: /Users/alexandermessinger/dev/claudvibes/reflexjourney/test/features/training/domain/services/training_content_resolver_test.dart: ... cache falls back to the canonical Moro snapshot  00:30 +385 -1: /Users/alexandermessinger/dev/claudvibes/reflexjourney/test/features/training/domain/services/training_content_resolver_test.dart: ... empty or unknown package never falls back to Moro00:30 +386 -1: /Users/alexandermessinger/dev/claudvibes/reflexjourney/test/features/training/domain/services/training_content_resolver_test.dart: ... empty or unknown package never falls back to Moro00:30 +386 -1: /Users/alexandermessinger/dev/claudvibes/reflexjourney/test/features/training/domain/services/training_content_resolver_test.dart: ... rejects insecure and malformed remote media URLs 00:30 +387 -1: /Users/alexandermessinger/dev/claudvibes/reflexjourney/test/features/training/domain/services/training_content_resolver_test.dart: ... rejects insecure and malformed remote media URLs 00:30 +387 -1: /Users/alexandermessinger/dev/claudvibes/reflexjourney/test/features/training/domain/services/training_content_resolver_test.dart: ... unavailable state without advancing an empty flow00:30 +388 -1: /Users/alexandermessinger/dev/claudvibes/reflexjourney/test/features/training/domain/services/training_content_resolver_test.dart: ... unavailable state without advancing an empty flow00:30 +388 -1: /Users/alexandermessinger/dev/claudvibes/reflexjourney/test/features/training/domain/services/training_content_resolver_test.dart: ... not replace exercises after the flow has started 00:30 +389 -1: /Users/alexandermessinger/dev/claudvibes/reflexjourney/test/features/training/domain/services/training_content_resolver_test.dart: ... not replace exercises after the flow has started 00:30 +389 -1: loading /Users/alexandermessinger/dev/claudvibes/reflexjourney/test/features/training/domain/services/vorrunde_phase_service_test.dart                                                  00:30 +389 -1: /Users/alexandermessinger/dev/claudvibes/reflexjourney/test/features/training/domain/services/vorrunde_phase_service_test.dart: VorrundePhase start stores firstStartedAt               00:30 +390 -1: /Users/alexandermessinger/dev/claudvibes/reflexjourney/test/features/training/domain/services/vorrunde_phase_service_test.dart: VorrundePhase start stores firstStartedAt               00:30 +390 -1: /Users/alexandermessinger/dev/claudvibes/reflexjourney/test/features/training/domain/services/vorrunde_phase_service_test.dart: VorrundePhase 4 calendar weeks derives completed phase  00:30 +391 -1: /Users/alexandermessinger/dev/claudvibes/reflexjourney/test/features/training/domain/services/vorrunde_phase_service_test.dart: VorrundePhase 4 calendar weeks derives completed phase  00:30 +391 -1: /Users/alexandermessinger/dev/claudvibes/reflexjourney/test/features/training/domain/services/vorrunde_phase_service_test.dart: ... Moro start before 4 weeks keeps status started      00:30 +392 -1: /Users/alexandermessinger/dev/claudvibes/reflexjourney/test/features/training/domain/services/vorrunde_phase_service_test.dart: ... Moro start before 4 weeks keeps status started      00:30 +392 -1: /Users/alexandermessinger/dev/claudvibes/reflexjourney/test/features/training/domain/services/vorrunde_phase_service_test.dart: VorrundePhase skipped plus free Vorrunde remains skipped00:30 +393 -1: /Users/alexandermessinger/dev/claudvibes/reflexjourney/test/features/training/domain/services/vorrunde_phase_service_test.dart: VorrundePhase skipped plus free Vorrunde remains skipped00:31 +393 -1: /Users/alexandermessinger/dev/claudvibes/reflexjourney/test/features/training/domain/services/vorrunde_phase_service_test.dart: VorrundePhase skipped plus free Vorrunde remains skipped00:31 +393 -1: loading /Users/alexandermessinger/dev/claudvibes/reflexjourney/test/features/training/presentation/training_core_localization_test.dart                                                 00:31 +393 -1: /Users/alexandermessinger/dev/claudvibes/reflexjourney/test/features/training/presentation/training_core_localization_test.dart: completion screen renders English session copy         00:31 +394 -1: /Users/alexandermessinger/dev/claudvibes/reflexjourney/test/features/training/presentation/training_core_localization_test.dart: completion screen renders English session copy         00:31 +395 -1: /Users/alexandermessinger/dev/claudvibes/reflexjourney/test/features/training/presentation/training_core_localization_test.dart: completion screen renders English session copy         00:31 +396 -1: /Users/alexandermessinger/dev/claudvibes/reflexjourney/test/features/training/presentation/training_core_localization_test.dart: completion screen renders English session copy         00:31 +397 -1: /Users/alexandermessinger/dev/claudvibes/reflexjourney/test/features/training/presentation/training_core_localization_test.dart: completion screen renders English session copy         00:31 +398 -1: /Users/alexandermessinger/dev/claudvibes/reflexjourney/test/features/training/presentation/screens/training_instruction_screens_test.dart: training intro renders natural English copy  00:31 +399 -1: /Users/alexandermessinger/dev/claudvibes/reflexjourney/test/features/training/presentation/screens/training_instruction_screens_test.dart: training intro renders natural English copy  00:31 +400 -1: /Users/alexandermessinger/dev/claudvibes/reflexjourney/test/features/training/presentation/screens/training_instruction_screens_test.dart: training intro renders natural English copy  00:32 +400 -1: /Users/alexandermessinger/dev/claudvibes/reflexjourney/test/features/training/presentation/screens/training_instruction_screens_test.dart: training intro renders natural English copy  00:32 +401 -1: /Users/alexandermessinger/dev/claudvibes/reflexjourney/test/features/training/presentation/screens/training_instruction_screens_test.dart: training intro renders natural English copy  00:32 +402 -1: /Users/alexandermessinger/dev/claudvibes/reflexjourney/test/features/training/presentation/screens/training_instruction_screens_test.dart: training intro renders natural English copy  00:32 +403 -1: ... reads the announcement manifest from the injected bundle                                                                                                                            00:32 +404 -1: ... completion retry preserves checkpoint and is delivered idempotently                                                                                                                 00:32 +405 -1: /Users/alexandermessinger/dev/claudvibes/reflexjourney/test/features/training/presentation/screens/training_instruction_screens_test.dart: ... chrome, progress, and exit dialog        00:32 +406 -1: ... renders the session when the announcement asset never responds                                                                                                                      00:32 +407 -1: ... renders the session when the announcement asset never responds                                                                                                                      00:32 +408 -1: ... renders the session when the announcement asset never responds                                                                                                                      00:32 +409 -1: ... renders the session when the announcement asset never responds                                                                                                                      00:32 +410 -1: ... renders the session when the announcement asset never responds                                                                                                                      00:33 +410 -1: ... renders the session when the announcement asset never responds                                                                                                                      00:33 +411 -1: ... renders the session when the announcement asset never responds                                                                                                                      00:33 +412 -1: ... renders the session when the announcement asset never responds                                                                                                                      00:33 +413 -1: /Users/alexandermessinger/dev/claudvibes/reflexjourney/test/features/training/presentation/training_anchor_sheet_test.dart: adults see the recommendation badge                         00:33 +414 -1: /Users/alexandermessinger/dev/claudvibes/reflexjourney/test/features/training/presentation/apply_training_anchor_test.dart: applying an answer switches reminders on and sets the time  00:33 +415 -1: /Users/alexandermessinger/dev/claudvibes/reflexjourney/test/features/training/presentation/apply_training_anchor_test.dart: applying an answer switches reminders on and sets the time  00:33 +416 -1: /Users/alexandermessinger/dev/claudvibes/reflexjourney/test/features/training/presentation/widgets/training_responsive_accessibility_test.dart: ... text, reduced motion, and semantics 00:34 +416 -1: /Users/alexandermessinger/dev/claudvibes/reflexjourney/test/features/training/presentation/widgets/training_responsive_accessibility_test.dart: ... text, reduced motion, and semantics 00:34 +417 -1: /Users/alexandermessinger/dev/claudvibes/reflexjourney/test/features/training/presentation/widgets/training_responsive_accessibility_test.dart: ... text, reduced motion, and semantics 00:34 +418 -1: /Users/alexandermessinger/dev/claudvibes/reflexjourney/test/features/training/presentation/widgets/training_responsive_accessibility_test.dart: ... text, reduced motion, and semantics 00:34 +419 -1: /Users/alexandermessinger/dev/claudvibes/reflexjourney/test/features/training/presentation/widgets/training_responsive_accessibility_test.dart: ... text, reduced motion, and semantics 00:34 +420 -1: /Users/alexandermessinger/dev/claudvibes/reflexjourney/test/features/training/presentation/widgets/training_responsive_accessibility_test.dart: ... text, reduced motion, and semantics 00:34 +420 -1: /Users/alexandermessinger/dev/claudvibes/reflexjourney/test/features/training/presentation/widgets/training_responsive_accessibility_test.dart: ... uses two columns at 200% text       00:34 +421 -1: /Users/alexandermessinger/dev/claudvibes/reflexjourney/test/features/training/presentation/widgets/training_responsive_accessibility_test.dart: ... uses two columns at 200% text       00:34 +421 -1: /Users/alexandermessinger/dev/claudvibes/reflexjourney/test/features/training/presentation/widgets/training_responsive_accessibility_test.dart: ... state remains operable at 200%      00:34 +422 -1: /Users/alexandermessinger/dev/claudvibes/reflexjourney/test/features/training/presentation/widgets/training_responsive_accessibility_test.dart: ... state remains operable at 200%      00:34 +422 -1: /Users/alexandermessinger/dev/claudvibes/reflexjourney/test/features/training/presentation/widgets/training_responsive_accessibility_test.dart: ... countdown and honest audio state    00:35 +422 -1: /Users/alexandermessinger/dev/claudvibes/reflexjourney/test/features/training/presentation/widgets/training_responsive_accessibility_test.dart: ... countdown and honest audio state    00:35 +423 -1: /Users/alexandermessinger/dev/claudvibes/reflexjourney/test/features/training/presentation/widgets/training_responsive_accessibility_test.dart: ... countdown and honest audio state    00:35 +423 -1: /Users/alexandermessinger/dev/claudvibes/reflexjourney/test/features/training/presentation/widgets/training_responsive_accessibility_test.dart: ... works at 200% with reduced motion   00:35 +424 -1: /Users/alexandermessinger/dev/claudvibes/reflexjourney/test/features/training/presentation/widgets/training_responsive_accessibility_test.dart: ... works at 200% with reduced motion   00:35 +424 -1: /Users/alexandermessinger/dev/claudvibes/reflexjourney/test/features/training/presentation/widgets/training_responsive_accessibility_test.dart: ... and remain operable at 200%         00:35 +425 -1: /Users/alexandermessinger/dev/claudvibes/reflexjourney/test/features/training/presentation/widgets/training_responsive_accessibility_test.dart: ... and remain operable at 200%         00:35 +425 -1: /Users/alexandermessinger/dev/claudvibes/reflexjourney/test/features/training/presentation/widgets/training_responsive_accessibility_test.dart: ... state remains readable at 200%      00:35 +426 -1: /Users/alexandermessinger/dev/claudvibes/reflexjourney/test/features/training/presentation/widgets/exercise_media_widgets_test.dart: ... local image terminates in a controlled fallback00:35 +427 -1: /Users/alexandermessinger/dev/claudvibes/reflexjourney/test/features/training/presentation/widgets/exercise_media_widgets_test.dart: ... local image terminates in a controlled fallback00:35 +428 -1: /Users/alexandermessinger/dev/claudvibes/reflexjourney/test/features/training/presentation/widgets/exercise_media_widgets_test.dart: ... local image terminates in a controlled fallback00:35 +429 -1: /Users/alexandermessinger/dev/claudvibes/reflexjourney/test/features/training/presentation/widgets/exercise_media_widgets_test.dart: ... local image terminates in a controlled fallback00:35 +430 -1: /Users/alexandermessinger/dev/claudvibes/reflexjourney/test/features/training/presentation/widgets/exercise_media_widgets_test.dart: ... local image terminates in a controlled fallback00:35 +431 -1: /Users/alexandermessinger/dev/claudvibes/reflexjourney/test/features/training/presentation/widgets/exercise_media_widgets_test.dart: ... local image terminates in a controlled fallback00:35 +432 -1: /Users/alexandermessinger/dev/claudvibes/reflexjourney/test/features/training/presentation/widgets/exercise_media_widgets_test.dart: ... local image terminates in a controlled fallback00:35 +433 -1: /Users/alexandermessinger/dev/claudvibes/reflexjourney/test/features/training/presentation/widgets/exercise_media_widgets_test.dart: ... local image terminates in a controlled fallback00:35 +434 -1: /Users/alexandermessinger/dev/claudvibes/reflexjourney/test/features/training/presentation/widgets/exercise_media_widgets_test.dart: ... local image terminates in a controlled fallback00:35 +434 -1: /Users/alexandermessinger/dev/claudvibes/reflexjourney/test/features/training/audio_announcement_service_test.dart: AudioAnnouncementService reports player failures as safe session interruptions
[AudioAnnouncementService] play error for interrupted.mp3: Bad state: audio focus lost
00:35 +435 -1: /Users/alexandermessinger/dev/claudvibes/reflexjourney/test/features/training/presentation/widgets/exercise_media_widgets_test.dart: ... local image terminates in a controlled fallback00:35 +436 -1: /Users/alexandermessinger/dev/claudvibes/reflexjourney/test/features/training/presentation/widgets/exercise_media_widgets_test.dart: ... local image terminates in a controlled fallback00:35 +437 -1: /Users/alexandermessinger/dev/claudvibes/reflexjourney/test/features/training/presentation/widgets/exercise_media_widgets_test.dart: ... local image terminates in a controlled fallback00:35 +438 -1: /Users/alexandermessinger/dev/claudvibes/reflexjourney/test/features/training/presentation/widgets/exercise_media_widgets_test.dart: ... local image terminates in a controlled fallback00:35 +439 -1: /Users/alexandermessinger/dev/claudvibes/reflexjourney/test/features/training/presentation/widgets/exercise_motion_visualizer_test.dart: ... guides render from supplied timeline state 00:35 +440 -1: /Users/alexandermessinger/dev/claudvibes/reflexjourney/test/features/training/presentation/widgets/exercise_motion_visualizer_test.dart: ... guides render from supplied timeline state 00:35 +441 -1: /Users/alexandermessinger/dev/claudvibes/reflexjourney/test/features/training/presentation/widgets/training_responsive_accessibility_test.dart: ... operability smoke 150% EN portrait  00:36 +441 -1: /Users/alexandermessinger/dev/claudvibes/reflexjourney/test/features/training/presentation/widgets/training_responsive_accessibility_test.dart: ... operability smoke 150% EN portrait  00:36 +442 -1: /Users/alexandermessinger/dev/claudvibes/reflexjourney/test/features/training/presentation/widgets/training_responsive_accessibility_test.dart: ... operability smoke 150% EN portrait  00:36 +443 -1: /Users/alexandermessinger/dev/claudvibes/reflexjourney/test/features/training/presentation/widgets/training_responsive_accessibility_test.dart: ... operability smoke 150% EN portrait  00:36 +444 -1: /Users/alexandermessinger/dev/claudvibes/reflexjourney/test/features/training/presentation/widgets/exercise_media_widgets_test.dart: ... times out into an honest retry state           00:36 +445 -1: /Users/alexandermessinger/dev/claudvibes/reflexjourney/test/features/training/presentation/widgets/exercise_media_widgets_test.dart: ... times out into an honest retry state           00:36 +446 -1: /Users/alexandermessinger/dev/claudvibes/reflexjourney/test/features/training/presentation/widgets/training_responsive_accessibility_test.dart: ... operability smoke 150% DE landscape 00:36 +447 -1: /Users/alexandermessinger/dev/claudvibes/reflexjourney/test/features/training/presentation/widgets/training_responsive_accessibility_test.dart: ... operability smoke 150% DE landscape 00:36 +448 -1: /Users/alexandermessinger/dev/claudvibes/reflexjourney/test/features/training/presentation/widgets/training_responsive_accessibility_test.dart: ... operability smoke 150% DE landscape 00:36 +449 -1: /Users/alexandermessinger/dev/claudvibes/reflexjourney/test/features/training/presentation/widgets/training_responsive_accessibility_test.dart: ... operability smoke 150% DE landscape 00:36 +450 -1: /Users/alexandermessinger/dev/claudvibes/reflexjourney/test/features/training/presentation/widgets/exercise_media_widgets_test.dart: ... bundled asset initialization reaches fallback  00:36 +451 -1: /Users/alexandermessinger/dev/claudvibes/reflexjourney/test/features/training/presentation/widgets/training_responsive_accessibility_test.dart: ... evidence intro DE portrait 200%     00:36 +452 -1: /Users/alexandermessinger/dev/claudvibes/reflexjourney/test/features/training/presentation/widgets/training_responsive_accessibility_test.dart: ... evidence intro DE portrait 200%     00:36 +452 -1: ... deterministic screenshot evidence transition EN landscape 200%                                                                                                                      00:36 +453 -1: ... deterministic screenshot evidence transition EN landscape 200%                                                                                                                      00:36 +453 -1: ... deterministic screenshot evidence transition EN landscape preparation actions 200%                                                                                                  00:36 +454 -1: ... deterministic screenshot evidence transition EN landscape preparation actions 200%                                                                                                  00:36 +454 -1: /Users/alexandermessinger/dev/claudvibes/reflexjourney/test/features/training/presentation/widgets/training_responsive_accessibility_test.dart: ... evidence immersive DE portrait 200% 00:36 +455 -1: /Users/alexandermessinger/dev/claudvibes/reflexjourney/test/features/training/presentation/widgets/training_responsive_accessibility_test.dart: ... evidence immersive DE portrait 200% 00:36 +455 -1: /Users/alexandermessinger/dev/claudvibes/reflexjourney/test/features/training/presentation/widgets/training_responsive_accessibility_test.dart: ... immersive DE portrait controls 200% 00:36 +456 -1: /Users/alexandermessinger/dev/claudvibes/reflexjourney/test/features/training/presentation/widgets/training_responsive_accessibility_test.dart: ... immersive DE portrait controls 200% 00:36 +456 -1: /Users/alexandermessinger/dev/claudvibes/reflexjourney/test/features/training/presentation/widgets/training_responsive_accessibility_test.dart: ... immersive EN paused landscape 200%  00:36 +457 -1: /Users/alexandermessinger/dev/claudvibes/reflexjourney/test/features/training/presentation/widgets/training_responsive_accessibility_test.dart: ... immersive EN paused landscape 200%  00:36 +457 -1: /Users/alexandermessinger/dev/claudvibes/reflexjourney/test/features/training/presentation/widgets/training_responsive_accessibility_test.dart: (tearDownAll)                           00:37 +457 -1: /Users/alexandermessinger/dev/claudvibes/reflexjourney/test/features/training/presentation/widgets/training_responsive_accessibility_test.dart: (tearDownAll)                           00:37 +457 -1: loading /Users/alexandermessinger/dev/claudvibes/reflexjourney/test/features/assessment/questionnaire_draft_meta_builder_test.dart                                                      00:37 +457 -1: /Users/alexandermessinger/dev/claudvibes/reflexjourney/test/features/assessment/questionnaire_draft_meta_builder_test.dart: ... adult draft fills superseded_item_ids from visibility   00:37 +458 -1: /Users/alexandermessinger/dev/claudvibes/reflexjourney/test/features/assessment/adult_questionnaire_visibility_test.dart: ... "no" hides dependents; "yes" and "?" keep them visible    00:37 +459 -1: /Users/alexandermessinger/dev/claudvibes/reflexjourney/test/features/assessment/adult_questionnaire_visibility_test.dart: ... "no" hides dependents; "yes" and "?" keep them visible    00:37 +460 -1: /Users/alexandermessinger/dev/claudvibes/reflexjourney/test/features/assessment/adult_questionnaire_visibility_test.dart: ... "no" hides dependents; "yes" and "?" keep them visible    00:37 +461 -1: /Users/alexandermessinger/dev/claudvibes/reflexjourney/test/features/assessment/adult_questionnaire_visibility_test.dart: ... "no" hides dependents; "yes" and "?" keep them visible    00:37 +462 -1: /Users/alexandermessinger/dev/claudvibes/reflexjourney/test/features/assessment/adult_questionnaire_visibility_test.dart: ... "no" hides dependents; "yes" and "?" keep them visible    00:37 +462 -1: /Users/alexandermessinger/dev/claudvibes/reflexjourney/test/features/assessment/adult_questionnaire_visibility_test.dart: ... f_handwriting no hides exactly the nine handwriting items 00:37 +463 -1: /Users/alexandermessinger/dev/claudvibes/reflexjourney/test/features/assessment/adult_questionnaire_visibility_test.dart: ... f_handwriting no hides exactly the nine handwriting items 00:37 +463 -1: /Users/alexandermessinger/dev/claudvibes/reflexjourney/test/features/assessment/adult_questionnaire_visibility_test.dart: ... hidden items are listed as superseded and kept in answers 00:37 +464 -1: /Users/alexandermessinger/dev/claudvibes/reflexjourney/test/features/assessment/adult_questionnaire_visibility_test.dart: ... hidden items are listed as superseded and kept in answers 00:37 +464 -1: /Users/alexandermessinger/dev/claudvibes/reflexjourney/test/features/assessment/adult_questionnaire_visibility_test.dart: ... items stay hidden while movementChecksEnabled is false    00:37 +465 -1: /Users/alexandermessinger/dev/claudvibes/reflexjourney/test/features/assessment/adult_questionnaire_visibility_test.dart: ... items stay hidden while movementChecksEnabled is false    00:37 +465 -1: /Users/alexandermessinger/dev/claudvibes/reflexjourney/test/features/assessment/adult_questionnaire_visibility_test.dart: ... stores yes/no/unknown without answer bodies               00:37 +466 -1: /Users/alexandermessinger/dev/claudvibes/reflexjourney/test/features/assessment/adult_questionnaire_visibility_test.dart: ... stores yes/no/unknown without answer bodies               00:37 +466 -1: loading /Users/alexandermessinger/dev/claudvibes/reflexjourney/test/features/assessment/reflex_profile_scoring_test.dart                                                                00:37 +466 -1: /Users/alexandermessinger/dev/claudvibes/reflexjourney/test/features/assessment/reflex_profile_scoring_test.dart: scores only answered yes/no values for each reflex                    00:37 +467 -1: /Users/alexandermessinger/dev/claudvibes/reflexjourney/test/features/assessment/reflex_profile_scoring_test.dart: scores only answered yes/no values for each reflex                    00:37 +467 -1: /Users/alexandermessinger/dev/claudvibes/reflexjourney/test/features/assessment/reflex_profile_scoring_test.dart: does not score context month or free-text answers                     00:37 +468 -1: /Users/alexandermessinger/dev/claudvibes/reflexjourney/test/features/assessment/reflex_profile_scoring_test.dart: does not score context month or free-text answers                     00:37 +468 -1: /Users/alexandermessinger/dev/claudvibes/reflexjourney/test/features/assessment/reflex_profile_scoring_test.dart: collects professional-clearance warning questions                     00:37 +469 -1: /Users/alexandermessinger/dev/claudvibes/reflexjourney/test/features/assessment/reflex_profile_scoring_test.dart: collects professional-clearance warning questions                     00:37 +469 -1: loading /Users/alexandermessinger/dev/claudvibes/reflexjourney/test/features/assessment/adult_reflex_questionnaire_localization_test.dart                                               00:37 +469 -1: /Users/alexandermessinger/dev/claudvibes/reflexjourney/test/features/assessment/adult_reflex_questionnaire_localization_test.dart: ... stamps questionnaire identity and adult type     00:37 +470 -1: /Users/alexandermessinger/dev/claudvibes/reflexjourney/test/features/assessment/adult_reflex_questionnaire_localization_test.dart: ... stamps questionnaire identity and adult type     00:37 +470 -1: /Users/alexandermessinger/dev/claudvibes/reflexjourney/test/features/assessment/adult_reflex_questionnaire_localization_test.dart: ... contains 110 items with expected role counts     00:37 +471 -1: /Users/alexandermessinger/dev/claudvibes/reflexjourney/test/features/assessment/adult_reflex_questionnaire_localization_test.dart: ... contains 110 items with expected role counts     00:37 +471 -1: /Users/alexandermessinger/dev/claudvibes/reflexjourney/test/features/assessment/adult_reflex_questionnaire_localization_test.dart: ... covers all 14 adult modules including lifeContext00:37 +472 -1: /Users/alexandermessinger/dev/claudvibes/reflexjourney/test/features/assessment/adult_reflex_questionnaire_localization_test.dart: ... covers all 14 adult modules including lifeContext00:37 +472 -1: /Users/alexandermessinger/dev/claudvibes/reflexjourney/test/features/assessment/adult_reflex_questionnaire_localization_test.dart: ... not invent deleted handwriting IDs s067 or s071  00:37 +473 -1: /Users/alexandermessinger/dev/claudvibes/reflexjourney/test/features/assessment/adult_reflex_profile_scoring_test.dart: §14.1 Adult scoring 1. direct item yes → +1 / no → 0            00:37 +474 -1: /Users/alexandermessinger/dev/claudvibes/reflexjourney/test/features/assessment/adult_reflex_profile_scoring_test.dart: §14.1 Adult scoring 1. direct item yes → +1 / no → 0            00:37 +475 -1: /Users/alexandermessinger/dev/claudvibes/reflexjourney/test/features/assessment/adult_reflex_profile_scoring_test.dart: §14.1 Adult scoring 1. direct item yes → +1 / no → 0            00:37 +476 -1: /Users/alexandermessinger/dev/claudvibes/reflexjourney/test/features/assessment/adult_reflex_profile_scoring_test.dart: §14.1 Adult scoring 1. direct item yes → +1 / no → 0            00:37 +477 -1: /Users/alexandermessinger/dev/claudvibes/reflexjourney/test/features/assessment/adult_reflex_profile_scoring_test.dart: §14.1 Adult scoring 1. direct item yes → +1 / no → 0            00:37 +478 -1: /Users/alexandermessinger/dev/claudvibes/reflexjourney/test/features/assessment/adult_reflex_profile_scoring_test.dart: §14.1 Adult scoring 1. direct item yes → +1 / no → 0            00:37 +479 -1: ... adultReflexResultCopy covers adult-relevant reflexes with expertPending placeholders                                                                                                00:37 +480 -1: /Users/alexandermessinger/dev/claudvibes/reflexjourney/test/features/assessment/adult_reflex_profile_scoring_test.dart: §14.1 Adult scoring 2. inverse item no → +1 / yes → 0           00:37 +481 -1: /Users/alexandermessinger/dev/claudvibes/reflexjourney/test/features/assessment/adult_reflex_profile_scoring_test.dart: §14.1 Adult scoring 2. inverse item no → +1 / yes → 0           00:37 +481 -1: /Users/alexandermessinger/dev/claudvibes/reflexjourney/test/features/assessment/adult_reflex_questionnaire_localization_test.dart: ... choice helpers round-trip four adult answers     00:37 +482 -1: /Users/alexandermessinger/dev/claudvibes/reflexjourney/test/features/assessment/adult_reflex_profile_scoring_test.dart: ... scoring 3. unknown excluded from numerator and denominator  00:37 +483 -1: /Users/alexandermessinger/dev/claudvibes/reflexjourney/test/features/assessment/adult_reflex_questionnaire_localization_test.dart: ... is available without German chars in English     00:37 +484 -1: /Users/alexandermessinger/dev/claudvibes/reflexjourney/test/features/assessment/adult_reflex_profile_scoring_test.dart: §14.1 Adult scoring 4. not_applicable excluded likewise         00:37 +485 -1: /Users/alexandermessinger/dev/claudvibes/reflexjourney/test/features/assessment/adult_reflex_profile_scoring_test.dart: §14.1 Adult scoring 4. not_applicable excluded likewise         00:37 +485 -1: /Users/alexandermessinger/dev/claudvibes/reflexjourney/test/features/assessment/adult_reflex_profile_scoring_test.dart: §14.1 Adult scoring 5. context never scores                     00:37 +486 -1: /Users/alexandermessinger/dev/claudvibes/reflexjourney/test/features/assessment/adult_reflex_profile_scoring_test.dart: §14.1 Adult scoring 5. context never scores                     00:37 +486 -1: /Users/alexandermessinger/dev/claudvibes/reflexjourney/test/features/assessment/adult_reflex_profile_scoring_test.dart: §14.1 Adult scoring 6. safety without reflexes never scores     00:37 +487 -1: /Users/alexandermessinger/dev/claudvibes/reflexjourney/test/features/assessment/adult_reflex_profile_scoring_test.dart: §14.1 Adult scoring 6. safety without reflexes never scores     00:37 +487 -1: /Users/alexandermessinger/dev/claudvibes/reflexjourney/test/features/assessment/adult_reflex_profile_scoring_test.dart: §14.1 Adult scoring 7. s046 scores only ATNR and STNR           00:37 +488 -1: /Users/alexandermessinger/dev/claudvibes/reflexjourney/test/features/assessment/adult_reflex_profile_scoring_test.dart: §14.1 Adult scoring 7. s046 scores only ATNR and STNR           00:37 +488 -1: /Users/alexandermessinger/dev/claudvibes/reflexjourney/test/features/assessment/adult_reflex_profile_scoring_test.dart: ... scoring 8. multi-map item increments multiple reflex buckets00:37 +489 -1: /Users/alexandermessinger/dev/claudvibes/reflexjourney/test/features/assessment/adult_reflex_profile_scoring_test.dart: ... scoring 8. multi-map item increments multiple reflex buckets00:37 +489 -1: /Users/alexandermessinger/dev/claudvibes/reflexjourney/test/features/assessment/adult_reflex_profile_scoring_test.dart: §14.1 Adult scoring 9. filter hides item → not in possibleCount 00:37 +490 -1: /Users/alexandermessinger/dev/claudvibes/reflexjourney/test/features/assessment/adult_reflex_profile_scoring_test.dart: §14.1 Adult scoring 9. filter hides item → not in possibleCount 00:37 +490 -1: /Users/alexandermessinger/dev/claudvibes/reflexjourney/test/features/assessment/adult_reflex_profile_scoring_test.dart: ... scoring 10. denominator 0 → insufficientData, no percent    00:37 +491 -1: /Users/alexandermessinger/dev/claudvibes/reflexjourney/test/features/assessment/adult_reflex_profile_scoring_test.dart: ... scoring 10. denominator 0 → insufficientData, no percent    00:37 +491 -1: /Users/alexandermessinger/dev/claudvibes/reflexjourney/test/features/assessment/adult_reflex_profile_scoring_test.dart: §14.1 Adult scoring 11. thresholds 29/30, 59/60, 79/80          00:37 +492 -1: /Users/alexandermessinger/dev/claudvibes/reflexjourney/test/features/assessment/adult_reflex_profile_scoring_test.dart: §14.1 Adult scoring 11. thresholds 29/30, 59/60, 79/80          00:37 +492 -1: /Users/alexandermessinger/dev/claudvibes/reflexjourney/test/features/assessment/adult_reflex_profile_scoring_test.dart: ... Adult scoring 12. amphibian 0/1/2 display + disclaimer flag 00:37 +493 -1: /Users/alexandermessinger/dev/claudvibes/reflexjourney/test/features/assessment/adult_reflex_profile_scoring_test.dart: ... Adult scoring 12. amphibian 0/1/2 display + disclaimer flag 00:37 +493 -1: /Users/alexandermessinger/dev/claudvibes/reflexjourney/test/features/assessment/adult_reflex_profile_scoring_test.dart: ... 12b. amphibian answeredCount 0 → insufficientData (§7.4)    00:37 +494 -1: /Users/alexandermessinger/dev/claudvibes/reflexjourney/test/features/assessment/adult_reflex_profile_scoring_test.dart: ... 12b. amphibian answeredCount 0 → insufficientData (§7.4)    00:37 +494 -1: /Users/alexandermessinger/dev/claudvibes/reflexjourney/test/features/assessment/adult_reflex_profile_scoring_test.dart: ... 13. passing child definition into adult engine throws       00:37 +495 -1: /Users/alexandermessinger/dev/claudvibes/reflexjourney/test/features/assessment/adult_reflex_profile_scoring_test.dart: ... 13. passing child definition into adult engine throws       00:37 +495 -1: /Users/alexandermessinger/dev/claudvibes/reflexjourney/test/features/assessment/adult_reflex_profile_scoring_test.dart: ... Adult scoring 14. child engine golden still passes unchanged00:37 +496 -1: /Users/alexandermessinger/dev/claudvibes/reflexjourney/test/features/assessment/adult_reflex_profile_scoring_test.dart: ... Adult scoring 14. child engine golden still passes unchanged00:37 +496 -1: ... §14.1 Adult scoring 14a. invariant answered+unknown+n.a.+missing == possible_count                                                                                                  00:37 +497 -1: ... §14.1 Adult scoring 14a. invariant answered+unknown+n.a.+missing == possible_count                                                                                                  00:37 +497 -1: /Users/alexandermessinger/dev/claudvibes/reflexjourney/test/features/assessment/adult_reflex_profile_scoring_test.dart: ... possible_count is visible items, not unanswered leftovers   00:37 +498 -1: /Users/alexandermessinger/dev/claudvibes/reflexjourney/test/features/assessment/adult_reflex_profile_scoring_test.dart: ... possible_count is visible items, not unanswered leftovers   00:37 +498 -1: /Users/alexandermessinger/dev/claudvibes/reflexjourney/test/features/assessment/adult_reflex_profile_scoring_test.dart: ... 14c. filter "?" does not hide; only "no" removes dependents 00:37 +499 -1: /Users/alexandermessinger/dev/claudvibes/reflexjourney/test/features/assessment/adult_reflex_profile_scoring_test.dart: ... 14c. filter "?" does not hide; only "no" removes dependents 00:37 +499 -1: /Users/alexandermessinger/dev/claudvibes/reflexjourney/test/features/assessment/adult_reflex_profile_scoring_test.dart: ... always set; possible_count differs ON/OFF                   00:37 +500 -1: /Users/alexandermessinger/dev/claudvibes/reflexjourney/test/features/assessment/adult_reflex_profile_scoring_test.dart: ... always set; possible_count differs ON/OFF                   00:38 +500 -1: /Users/alexandermessinger/dev/claudvibes/reflexjourney/test/features/assessment/adult_reflex_profile_scoring_test.dart: ... always set; possible_count differs ON/OFF                   00:38 +500 -1: loading /Users/alexandermessinger/dev/claudvibes/reflexjourney/test/features/assessment/domain/services/training_duration_recommendation_service_test.dart                              00:38 +500 -1: /Users/alexandermessinger/dev/claudvibes/reflexjourney/test/features/assessment/domain/services/training_duration_recommendation_service_test.dart: ... thresholds for Moro max value   00:38 +501 -1: /Users/alexandermessinger/dev/claudvibes/reflexjourney/test/features/assessment/reflex_questionnaire_localization_test.dart: ... preserves questionnaire, question, and module counts   00:38 +502 -1: /Users/alexandermessinger/dev/claudvibes/reflexjourney/test/features/assessment/reflex_questionnaire_localization_test.dart: ... preserves questionnaire, question, and module counts   00:38 +503 -1: /Users/alexandermessinger/dev/claudvibes/reflexjourney/test/features/assessment/reflex_questionnaire_localization_test.dart: ... preserves questionnaire, question, and module counts   00:38 +504 -1: /Users/alexandermessinger/dev/claudvibes/reflexjourney/test/features/assessment/reflex_questionnaire_localization_test.dart: ... preserves questionnaire, question, and module counts   00:38 +505 -1: /Users/alexandermessinger/dev/claudvibes/reflexjourney/test/features/assessment/reflex_questionnaire_localization_test.dart: ... preserves questionnaire, question, and module counts   00:38 +506 -1: /Users/alexandermessinger/dev/claudvibes/reflexjourney/test/features/assessment/reflex_questionnaire_localization_test.dart: ... preserves questionnaire, question, and module counts   00:38 +506 -1: /Users/alexandermessinger/dev/claudvibes/reflexjourney/test/features/assessment/reflex_questionnaire_localization_test.dart: ... nonempty paired copy for every definition and question 00:38 +507 -1: /Users/alexandermessinger/dev/claudvibes/reflexjourney/test/features/assessment/reflex_questionnaire_localization_test.dart: ... nonempty paired copy for every definition and question 00:38 +507 -1: /Users/alexandermessinger/dev/claudvibes/reflexjourney/test/features/assessment/reflex_questionnaire_localization_test.dart: ... preserves representative German source copy exactly    00:38 +508 -1: /Users/alexandermessinger/dev/claudvibes/reflexjourney/test/features/assessment/reflex_questionnaire_localization_test.dart: ... preserves representative German source copy exactly    00:38 +508 -1: /Users/alexandermessinger/dev/claudvibes/reflexjourney/test/features/assessment/reflex_questionnaire_localization_test.dart: ... copy contains no German residue and uses FPR, not FLR  00:38 +509 -1: /Users/alexandermessinger/dev/claudvibes/reflexjourney/test/features/assessment/reflex_questionnaire_localization_test.dart: ... copy contains no German residue and uses FPR, not FLR  00:38 +509 -1: /Users/alexandermessinger/dev/claudvibes/reflexjourney/test/features/assessment/reflex_questionnaire_localization_test.dart: ... consumers select English and preserve German           00:38 +510 -1: /Users/alexandermessinger/dev/claudvibes/reflexjourney/test/features/assessment/reflex_questionnaire_localization_test.dart: ... consumers select English and preserve German           00:38 +510 -1: loading /Users/alexandermessinger/dev/claudvibes/reflexjourney/test/features/assessment/domain/draft_persistence_service_test.dart                                                      00:38 +510 -1: /Users/alexandermessinger/dev/claudvibes/reflexjourney/test/features/assessment/domain/draft_persistence_service_test.dart: ... saveLocal + loadLocal round-trip preserves all fields   00:38 +511 -1: /Users/alexandermessinger/dev/claudvibes/reflexjourney/test/features/assessment/domain/draft_persistence_service_test.dart: ... saveLocal + loadLocal round-trip preserves all fields   00:38 +511 -1: /Users/alexandermessinger/dev/claudvibes/reflexjourney/test/features/assessment/domain/draft_persistence_service_test.dart: ... loadLocal returns null when nothing saved               00:38 +512 -1: /Users/alexandermessinger/dev/claudvibes/reflexjourney/test/features/assessment/domain/draft_persistence_service_test.dart: ... loadLocal returns null when nothing saved               00:38 +512 -1: /Users/alexandermessinger/dev/claudvibes/reflexjourney/test/features/assessment/domain/draft_persistence_service_test.dart: DraftPersistenceService clearLocal removes the draft        00:38 +513 -1: /Users/alexandermessinger/dev/claudvibes/reflexjourney/test/features/assessment/domain/draft_persistence_service_test.dart: DraftPersistenceService clearLocal removes the draft        00:38 +513 -1: /Users/alexandermessinger/dev/claudvibes/reflexjourney/test/features/assessment/domain/draft_persistence_service_test.dart: ... different profile IDs are stored independently          00:38 +514 -1: /Users/alexandermessinger/dev/claudvibes/reflexjourney/test/features/assessment/domain/draft_persistence_service_test.dart: ... different profile IDs are stored independently          00:38 +514 -1: /Users/alexandermessinger/dev/claudvibes/reflexjourney/test/features/assessment/domain/draft_persistence_service_test.dart: ... clearLocal only removes the targeted profile draft      00:38 +515 -1: /Users/alexandermessinger/dev/claudvibes/reflexjourney/test/features/assessment/domain/draft_persistence_service_test.dart: ... clearLocal only removes the targeted profile draft      00:38 +515 -1: /Users/alexandermessinger/dev/claudvibes/reflexjourney/test/features/assessment/domain/draft_persistence_service_test.dart: ... loadLocal returns null and clears corrupt JSON          00:38 +516 -1: /Users/alexandermessinger/dev/claudvibes/reflexjourney/test/features/assessment/domain/draft_persistence_service_test.dart: ... loadLocal returns null and clears corrupt JSON          00:38 +516 -1: /Users/alexandermessinger/dev/claudvibes/reflexjourney/test/features/assessment/domain/draft_persistence_service_test.dart: ... saveLocal is idempotent — overwrites previous draft     00:38 +517 -1: /Users/alexandermessinger/dev/claudvibes/reflexjourney/test/features/assessment/domain/draft_persistence_service_test.dart: ... saveLocal is idempotent — overwrites previous draft     00:39 +517 -1: /Users/alexandermessinger/dev/claudvibes/reflexjourney/test/features/assessment/domain/draft_persistence_service_test.dart: ... saveLocal is idempotent — overwrites previous draft     00:39 +517 -1: loading /Users/alexandermessinger/dev/claudvibes/reflexjourney/test/features/assessment/domain/services/reflex_profile_pdf_service_test.dart                                            00:39 +517 -1: ... ReflexProfilePdfService §10.3b radar axis order follows PrimitiveReflex declaration, not percent                                                                                    00:39 +518 -1: ... ReflexProfilePdfService §10.3b radar axis order follows PrimitiveReflex declaration, not percent                                                                                    00:39 +518 -1: /Users/alexandermessinger/dev/claudvibes/reflexjourney/test/features/assessment/domain/services/reflex_profile_pdf_service_test.dart: ... child PDF is one page without answer overview 00:39 +518 -1: /Users/alexandermessinger/dev/claudvibes/reflexjourney/test/features/assessment/domain/services/reflex_profile_pdf_service_test.dart: ReflexProfilePdfService §10.3b child PDF is one page without answer overview
Helvetica-Bold has no Unicode support see https://github.com/DavBfr/dart_pdf/wiki/Fonts-Management
Helvetica has no Unicode support see https://github.com/DavBfr/dart_pdf/wiki/Fonts-Management
00:39 +519 -1: /Users/alexandermessinger/dev/claudvibes/reflexjourney/test/features/assessment/domain/services/reflex_profile_pdf_service_test.dart: ... child PDF is one page without answer overview 00:39 +519 -1: /Users/alexandermessinger/dev/claudvibes/reflexjourney/test/features/assessment/domain/services/reflex_profile_pdf_service_test.dart: ... shows dash in percent column, not a number    00:39 +520 -1: /Users/alexandermessinger/dev/claudvibes/reflexjourney/test/features/assessment/domain/services/reflex_profile_pdf_service_test.dart: ... shows dash in percent column, not a number    00:39 +520 -1: /Users/alexandermessinger/dev/claudvibes/reflexjourney/test/features/assessment/domain/services/reflex_profile_pdf_service_test.dart: ... with amphibian in list but not as radar axis  00:39 +520 -1: /Users/alexandermessinger/dev/claudvibes/reflexjourney/test/features/assessment/domain/services/reflex_profile_pdf_service_test.dart: ReflexProfilePdfService §10.3b adult PDF is one page with amphibian in list but not as radar axis
Helvetica-Bold has no Unicode support see https://github.com/DavBfr/dart_pdf/wiki/Fonts-Management
Helvetica has no Unicode support see https://github.com/DavBfr/dart_pdf/wiki/Fonts-Management
00:39 +521 -1: /Users/alexandermessinger/dev/claudvibes/reflexjourney/test/features/assessment/domain/services/reflex_profile_pdf_service_test.dart: ... with amphibian in list but not as radar axis  00:39 +521 -1: /Users/alexandermessinger/dev/claudvibes/reflexjourney/test/features/assessment/domain/services/reflex_profile_pdf_service_test.dart: generate evidence PDFs when RUN_PDF_EVIDENCE=1    00:39 +522 -1: /Users/alexandermessinger/dev/claudvibes/reflexjourney/test/features/assessment/domain/services/reflex_profile_pdf_service_test.dart: generate evidence PDFs when RUN_PDF_EVIDENCE=1    00:39 +522 -1: loading /Users/alexandermessinger/dev/claudvibes/reflexjourney/test/features/assessment/presentation/adult_progress_profile_card_test.dart                                              00:39 +522 -1: /Users/alexandermessinger/dev/claudvibes/reflexjourney/test/features/assessment/presentation/adult_progress_profile_card_test.dart: adult_v3 progress card shows top bands and no radar 00:40 +522 -1: /Users/alexandermessinger/dev/claudvibes/reflexjourney/test/features/assessment/presentation/adult_progress_profile_card_test.dart: adult_v3 progress card shows top bands and no radar 00:40 +523 -1: /Users/alexandermessinger/dev/claudvibes/reflexjourney/test/features/assessment/presentation/adult_progress_profile_card_test.dart: adult_v3 progress card shows top bands and no radar 00:40 +523 -1: /Users/alexandermessinger/dev/claudvibes/reflexjourney/test/features/assessment/presentation/adult_progress_profile_card_test.dart: ... adult progress card shows notice without radar  00:40 +524 -1: /Users/alexandermessinger/dev/claudvibes/reflexjourney/test/features/assessment/presentation/adult_progress_profile_card_test.dart: ... adult progress card shows notice without radar  00:40 +524 -1: ... isAdultProgressAssessment keys off questionnaire_type                                                                                                                               00:40 +525 -1: ... isAdultProgressAssessment keys off questionnaire_type                                                                                                                               00:40 +525 -1: loading /Users/alexandermessinger/dev/claudvibes/reflexjourney/test/features/assessment/presentation/adult_reflex_profile_result_view_test.dart                                         00:40 +525 -1: /Users/alexandermessinger/dev/claudvibes/reflexjourney/test/features/assessment/presentation/adult_reflex_profile_result_view_test.dart: ... text, no overall score, amphibian count    00:40 +526 -1: /Users/alexandermessinger/dev/claudvibes/reflexjourney/test/features/assessment/presentation/adult_reflex_profile_result_view_test.dart: ... text, no overall score, amphibian count    00:40 +527 -1: /Users/alexandermessinger/dev/claudvibes/reflexjourney/test/features/assessment/presentation/adult_reflex_profile_result_view_test.dart: ... text, no overall score, amphibian count    00:40 +528 -1: /Users/alexandermessinger/dev/claudvibes/reflexjourney/test/features/assessment/presentation/adult_reflex_profile_result_view_test.dart: ... text, no overall score, amphibian count    00:40 +529 -1: /Users/alexandermessinger/dev/claudvibes/reflexjourney/test/features/assessment/presentation/adult_reflex_profile_result_view_test.dart: ... text, no overall score, amphibian count    00:40 +530 -1: /Users/alexandermessinger/dev/claudvibes/reflexjourney/test/features/assessment/presentation/adult_reflex_profile_result_view_test.dart: ... text, no overall score, amphibian count    00:40 +531 -1: /Users/alexandermessinger/dev/claudvibes/reflexjourney/test/features/assessment/presentation/adult_reflex_profile_result_view_test.dart: ... text, no overall score, amphibian count    00:40 +532 -1: /Users/alexandermessinger/dev/claudvibes/reflexjourney/test/features/assessment/presentation/adult_reflex_profile_result_view_test.dart: ... text, no overall score, amphibian count    00:40 +533 -1: /Users/alexandermessinger/dev/claudvibes/reflexjourney/test/features/assessment/presentation/adult_reflex_profile_result_view_test.dart: ... text, no overall score, amphibian count    00:40 +534 -1: /Users/alexandermessinger/dev/claudvibes/reflexjourney/test/features/assessment/presentation/adult_reflex_profile_result_view_test.dart: ... text, no overall score, amphibian count    00:40 +535 -1: /Users/alexandermessinger/dev/claudvibes/reflexjourney/test/features/assessment/presentation/adult_reflex_profile_result_view_test.dart: ... text, no overall score, amphibian count    00:40 +536 -1: /Users/alexandermessinger/dev/claudvibes/reflexjourney/test/features/assessment/presentation/adult_reflex_profile_result_view_test.dart: ... text, no overall score, amphibian count    00:40 +537 -1: /Users/alexandermessinger/dev/claudvibes/reflexjourney/test/features/assessment/presentation/adult_reflex_profile_result_view_test.dart: ... text, no overall score, amphibian count    00:41 +537 -1: /Users/alexandermessinger/dev/claudvibes/reflexjourney/test/features/assessment/presentation/adult_reflex_profile_result_view_test.dart: ... text, no overall score, amphibian count    00:41 +538 -1: /Users/alexandermessinger/dev/claudvibes/reflexjourney/test/features/assessment/presentation/adult_answer_choice_grid_test.dart: adult answer grid exposes semantics on all four choices00:41 +539 -1: /Users/alexandermessinger/dev/claudvibes/reflexjourney/test/features/assessment/presentation/additional_answers_panel_test.dart: additional answers start collapsed                     00:41 +540 -1: /Users/alexandermessinger/dev/claudvibes/reflexjourney/test/features/assessment/presentation/additional_answers_panel_test.dart: additional answers start collapsed                     00:41 +541 -1: /Users/alexandermessinger/dev/claudvibes/reflexjourney/test/features/assessment/presentation/additional_answers_panel_test.dart: additional answers start collapsed                     00:41 +542 -1: /Users/alexandermessinger/dev/claudvibes/reflexjourney/test/features/assessment/presentation/additional_answers_panel_test.dart: additional answers start collapsed                     00:41 +543 -1: /Users/alexandermessinger/dev/claudvibes/reflexjourney/test/features/assessment/presentation/additional_answers_panel_test.dart: additional answers start collapsed                     00:41 +544 -1: /Users/alexandermessinger/dev/claudvibes/reflexjourney/test/features/assessment/presentation/additional_answers_panel_test.dart: additional answers start collapsed                     00:41 +545 -1: /Users/alexandermessinger/dev/claudvibes/reflexjourney/test/features/assessment/presentation/additional_answers_panel_test.dart: additional answers start collapsed                     00:41 +546 -1: /Users/alexandermessinger/dev/claudvibes/reflexjourney/test/features/assessment/presentation/additional_answers_panel_test.dart: additional answers start collapsed                     00:41 +547 -1: /Users/alexandermessinger/dev/claudvibes/reflexjourney/test/features/assessment/presentation/additional_answers_panel_test.dart: additional answers start collapsed                     00:41 +548 -1: /Users/alexandermessinger/dev/claudvibes/reflexjourney/test/features/assessment/presentation/additional_answers_panel_test.dart: additional answers start collapsed                     00:41 +549 -1: /Users/alexandermessinger/dev/claudvibes/reflexjourney/test/features/assessment/presentation/additional_answers_panel_test.dart: additional answers start collapsed                     00:41 +550 -1: /Users/alexandermessinger/dev/claudvibes/reflexjourney/test/features/assessment/presentation/additional_answers_panel_test.dart: additional answers start collapsed                     00:41 +550 -1: /Users/alexandermessinger/dev/claudvibes/reflexjourney/test/features/assessment/presentation/adult_reflex_profile_result_view_test.dart: ... fragments absent from adult result chrome  00:41 +551 -1: /Users/alexandermessinger/dev/claudvibes/reflexjourney/test/features/assessment/presentation/additional_answers_panel_test.dart: tapping the title reveals the entries                  00:41 +552 -1: /Users/alexandermessinger/dev/claudvibes/reflexjourney/test/features/assessment/presentation/additional_answers_panel_test.dart: tapping the title reveals the entries                  00:41 +553 -1: /Users/alexandermessinger/dev/claudvibes/reflexjourney/test/features/assessment/presentation/additional_answers_panel_test.dart: tapping the title reveals the entries                  00:41 +554 -1: /Users/alexandermessinger/dev/claudvibes/reflexjourney/test/features/assessment/presentation/additional_answers_panel_test.dart: tapping the title reveals the entries                  00:41 +555 -1: /Users/alexandermessinger/dev/claudvibes/reflexjourney/test/features/assessment/presentation/additional_answers_panel_test.dart: tapping the title reveals the entries                  00:41 +555 -1: /Users/alexandermessinger/dev/claudvibes/reflexjourney/test/features/assessment/presentation/additional_answers_panel_test.dart: empty state stays behind the collapsed title           00:41 +556 -1: /Users/alexandermessinger/dev/claudvibes/reflexjourney/test/features/assessment/presentation/additional_answers_panel_test.dart: empty state stays behind the collapsed title           00:42 +556 -1: /Users/alexandermessinger/dev/claudvibes/reflexjourney/test/features/assessment/presentation/additional_answers_panel_test.dart: empty state stays behind the collapsed title           00:42 +556 -1: loading /Users/alexandermessinger/dev/claudvibes/reflexjourney/test/features/assessment/adult_safety_notice_test.dart                                                                   00:42 +556 -1: /Users/alexandermessinger/dev/claudvibes/reflexjourney/test/features/assessment/adult_safety_notice_test.dart: ... 6 default flags movement and hard-gate stay off until expert sign-off00:42 +557 -1: /Users/alexandermessinger/dev/claudvibes/reflexjourney/test/features/assessment/adult_safety_notice_test.dart: ... 6 default flags movement and hard-gate stay off until expert sign-off00:42 +557 -1: /Users/alexandermessinger/dev/claudvibes/reflexjourney/test/features/assessment/adult_safety_notice_test.dart: AdultSafetyNotice metadata message_version is expert draft v0            00:42 +558 -1: /Users/alexandermessinger/dev/claudvibes/reflexjourney/test/features/assessment/adult_safety_notice_test.dart: AdultSafetyNotice metadata message_version is expert draft v0            00:42 +558 -1: /Users/alexandermessinger/dev/claudvibes/reflexjourney/test/features/assessment/adult_safety_notice_test.dart: ... source) DE body matches expert draft §6 without movement appendix    00:42 +559 -1: /Users/alexandermessinger/dev/claudvibes/reflexjourney/test/features/assessment/adult_safety_notice_test.dart: ... source) DE body matches expert draft §6 without movement appendix    00:42 +559 -1: /Users/alexandermessinger/dev/claudvibes/reflexjourney/test/features/assessment/adult_safety_notice_test.dart: ... source) EN body is the faithful translation without movement appendix00:42 +560 -1: /Users/alexandermessinger/dev/claudvibes/reflexjourney/test/features/assessment/adult_safety_notice_test.dart: ... source) EN body is the faithful translation without movement appendix00:42 +560 -1: /Users/alexandermessinger/dev/claudvibes/reflexjourney/test/features/assessment/adult_safety_notice_test.dart: ... flags s005/s006 are not visible when movementChecksEnabled is false  00:42 +561 -1: /Users/alexandermessinger/dev/claudvibes/reflexjourney/test/features/assessment/adult_safety_notice_test.dart: ... flags s005/s006 are not visible when movementChecksEnabled is false  00:43 +561 -1: /Users/alexandermessinger/dev/claudvibes/reflexjourney/test/features/assessment/adult_safety_notice_test.dart: ... flags s005/s006 are not visible when movementChecksEnabled is false  00:43 +561 -1: loading /Users/alexandermessinger/dev/claudvibes/reflexjourney/test/features/assessment/reflex_answer_json_and_draft_meta_test.dart                                                     00:43 +561 -1: /Users/alexandermessinger/dev/claudvibes/reflexjourney/test/features/assessment/reflex_answer_json_and_draft_meta_test.dart: ... / fromJson child wire format stays yes/no/unknown only 00:43 +562 -1: /Users/alexandermessinger/dev/claudvibes/reflexjourney/test/features/assessment/reflex_answer_json_and_draft_meta_test.dart: ... / fromJson child wire format stays yes/no/unknown only 00:43 +562 -1: /Users/alexandermessinger/dev/claudvibes/reflexjourney/test/features/assessment/reflex_answer_json_and_draft_meta_test.dart: ... adult not_applicable is a distinct fourth wire value   00:43 +563 -1: /Users/alexandermessinger/dev/claudvibes/reflexjourney/test/features/assessment/reflex_answer_json_and_draft_meta_test.dart: ... adult not_applicable is a distinct fourth wire value   00:43 +563 -1: /Users/alexandermessinger/dev/claudvibes/reflexjourney/test/features/assessment/reflex_answer_json_and_draft_meta_test.dart: ... / fromJson round-trips all four adult answer choices   00:43 +564 -1: /Users/alexandermessinger/dev/claudvibes/reflexjourney/test/features/assessment/reflex_answer_json_and_draft_meta_test.dart: ... / fromJson round-trips all four adult answer choices   00:43 +564 -1: /Users/alexandermessinger/dev/claudvibes/reflexjourney/test/features/assessment/reflex_answer_json_and_draft_meta_test.dart: ... months and free text alongside unknown-free answers    00:43 +565 -1: /Users/alexandermessinger/dev/claudvibes/reflexjourney/test/features/assessment/reflex_answer_json_and_draft_meta_test.dart: ... months and free text alongside unknown-free answers    00:43 +565 -1: /Users/alexandermessinger/dev/claudvibes/reflexjourney/test/features/assessment/reflex_answer_json_and_draft_meta_test.dart: ... version, filter answers, timings and module index      00:43 +566 -1: /Users/alexandermessinger/dev/claudvibes/reflexjourney/test/features/assessment/reflex_answer_json_and_draft_meta_test.dart: ... version, filter answers, timings and module index      00:43 +566 -1: /Users/alexandermessinger/dev/claudvibes/reflexjourney/test/features/assessment/reflex_answer_json_and_draft_meta_test.dart: ... meta without new fields still restores module index    00:43 +567 -1: /Users/alexandermessinger/dev/claudvibes/reflexjourney/test/features/assessment/reflex_answer_json_and_draft_meta_test.dart: ... meta without new fields still restores module index    00:43 +567 -1: loading /Users/alexandermessinger/dev/claudvibes/reflexjourney/test/features/dashboard/mark_today_complete_test.dart                                                                    00:43 +567 -1: /Users/alexandermessinger/dev/claudvibes/reflexjourney/test/features/dashboard/mark_today_complete_test.dart: logging a day writes one session row per selected profile                 00:43 +568 -1: /Users/alexandermessinger/dev/claudvibes/reflexjourney/test/features/dashboard/mark_today_complete_test.dart: logging a day writes one session row per selected profile                 00:43 +569 -1: /Users/alexandermessinger/dev/claudvibes/reflexjourney/test/features/dashboard/mark_today_complete_test.dart: logging a day writes one session row per selected profile                 00:43 +570 -1: /Users/alexandermessinger/dev/claudvibes/reflexjourney/test/features/dashboard/mark_today_complete_test.dart: logging a day writes one session row per selected profile                 00:43 +571 -1: /Users/alexandermessinger/dev/claudvibes/reflexjourney/test/features/dashboard/mark_today_complete_test.dart: logging a day writes one session row per selected profile                 00:43 +572 -1: /Users/alexandermessinger/dev/claudvibes/reflexjourney/test/features/dashboard/mark_today_complete_test.dart: logging a day writes one session row per selected profile                 00:43 +573 -1: /Users/alexandermessinger/dev/claudvibes/reflexjourney/test/features/dashboard/mark_today_complete_test.dart: logging a day writes one session row per selected profile                 00:43 +574 -1: /Users/alexandermessinger/dev/claudvibes/reflexjourney/test/features/dashboard/mark_today_complete_test.dart: logging a day writes one session row per selected profile                 00:43 +575 -1: /Users/alexandermessinger/dev/claudvibes/reflexjourney/test/features/dashboard/mark_today_complete_test.dart: logging a day writes one session row per selected profile                 00:43 +576 -1: /Users/alexandermessinger/dev/claudvibes/reflexjourney/test/features/dashboard/mark_today_complete_test.dart: logging a day writes one session row per selected profile                 00:43 +577 -1: /Users/alexandermessinger/dev/claudvibes/reflexjourney/test/features/dashboard/mark_today_complete_test.dart: logging a day writes one session row per selected profile                 00:43 +578 -1: /Users/alexandermessinger/dev/claudvibes/reflexjourney/test/features/dashboard/mark_today_complete_test.dart: logging a day writes one session row per selected profile                 00:43 +578 -1: /Users/alexandermessinger/dev/claudvibes/reflexjourney/test/features/dashboard/mark_today_complete_test.dart: a profile that already trained today is skipped                           00:43 +579 -1: /Users/alexandermessinger/dev/claudvibes/reflexjourney/test/features/dashboard/mark_today_complete_test.dart: a profile that already trained today is skipped                           00:43 +579 -1: loading /Users/alexandermessinger/dev/claudvibes/reflexjourney/test/features/invite/domain/invite_prompt_policy_test.dart                                                               00:43 +579 -1: /Users/alexandermessinger/dev/claudvibes/reflexjourney/test/features/invite/domain/invite_prompt_policy_test.dart: shows when all gates pass                                            00:43 +580 -1: /Users/alexandermessinger/dev/claudvibes/reflexjourney/test/features/invite/domain/invite_prompt_policy_test.dart: shows when all gates pass                                            00:43 +580 -1: /Users/alexandermessinger/dev/claudvibes/reflexjourney/test/features/invite/domain/invite_prompt_policy_test.dart: suppresses when source disabled (I2)                                 00:43 +581 -1: /Users/alexandermessinger/dev/claudvibes/reflexjourney/test/features/invite/domain/invite_prompt_policy_test.dart: suppresses when source disabled (I2)                                 00:43 +581 -1: /Users/alexandermessinger/dev/claudvibes/reflexjourney/test/features/invite/domain/invite_prompt_policy_test.dart: suppresses outside eligible context                                  00:43 +582 -1: /Users/alexandermessinger/dev/claudvibes/reflexjourney/test/features/invite/domain/invite_prompt_policy_test.dart: suppresses outside eligible context                                  00:43 +582 -1: /Users/alexandermessinger/dev/claudvibes/reflexjourney/test/features/invite/domain/invite_prompt_policy_test.dart: suppresses during training session                                   00:43 +583 -1: /Users/alexandermessinger/dev/claudvibes/reflexjourney/test/features/invite/domain/invite_prompt_policy_test.dart: suppresses during training session                                   00:43 +583 -1: /Users/alexandermessinger/dev/claudvibes/reflexjourney/test/features/invite/domain/invite_prompt_policy_test.dart: suppresses on low mood in last 24h                                   00:43 +584 -1: /Users/alexandermessinger/dev/claudvibes/reflexjourney/test/features/invite/domain/invite_prompt_policy_test.dart: suppresses on low mood in last 24h                                   00:43 +584 -1: /Users/alexandermessinger/dev/claudvibes/reflexjourney/test/features/invite/domain/invite_prompt_policy_test.dart: suppresses when permanently silent                                   00:43 +585 -1: /Users/alexandermessinger/dev/claudvibes/reflexjourney/test/features/invite/domain/invite_prompt_policy_test.dart: suppresses when permanently silent                                   00:43 +585 -1: /Users/alexandermessinger/dev/claudvibes/reflexjourney/test/features/invite/domain/invite_prompt_policy_test.dart: suppresses after two settled ignored shows                           00:43 +586 -1: /Users/alexandermessinger/dev/claudvibes/reflexjourney/test/features/invite/domain/invite_prompt_policy_test.dart: suppresses after two settled ignored shows                           00:43 +586 -1: /Users/alexandermessinger/dev/claudvibes/reflexjourney/test/features/invite/domain/invite_prompt_policy_test.dart: enforces 30-day cooldown                                             00:43 +587 -1: /Users/alexandermessinger/dev/claudvibes/reflexjourney/test/features/invite/domain/invite_prompt_policy_test.dart: enforces 30-day cooldown                                             00:43 +587 -1: /Users/alexandermessinger/dev/claudvibes/reflexjourney/test/features/invite/domain/invite_prompt_policy_test.dart: enforces max three shows in first year                               00:43 +588 -1: /Users/alexandermessinger/dev/claudvibes/reflexjourney/test/features/invite/domain/invite_prompt_policy_test.dart: enforces max three shows in first year                               00:43 +588 -1: /Users/alexandermessinger/dev/claudvibes/reflexjourney/test/features/invite/domain/invite_prompt_policy_test.dart: afterShow marks unanswered without incrementing ignore               00:43 +589 -1: /Users/alexandermessinger/dev/claudvibes/reflexjourney/test/features/invite/domain/invite_prompt_policy_test.dart: afterShow marks unanswered without incrementing ignore               00:43 +589 -1: /Users/alexandermessinger/dev/claudvibes/reflexjourney/test/features/invite/domain/invite_prompt_policy_test.dart: settle counts unanswered; second settle can become permanent         00:43 +590 -1: /Users/alexandermessinger/dev/claudvibes/reflexjourney/test/features/invite/domain/invite_prompt_policy_test.dart: settle counts unanswered; second settle can become permanent         00:43 +590 -1: /Users/alexandermessinger/dev/claudvibes/reflexjourney/test/features/invite/domain/invite_prompt_policy_test.dart: first ignored then second tapped is not permanently silent           00:43 +591 -1: /Users/alexandermessinger/dev/claudvibes/reflexjourney/test/features/invite/domain/invite_prompt_policy_test.dart: first ignored then second tapped is not permanently silent           00:43 +591 -1: /Users/alexandermessinger/dev/claudvibes/reflexjourney/test/features/invite/domain/invite_prompt_policy_test.dart: tap on first show clears unanswered; cooldown still applies          00:43 +592 -1: /Users/alexandermessinger/dev/claudvibes/reflexjourney/test/features/invite/domain/invite_prompt_policy_test.dart: tap on first show clears unanswered; cooldown still applies          00:43 +592 -1: /Users/alexandermessinger/dev/claudvibes/reflexjourney/test/features/invite/domain/invite_prompt_policy_test.dart: evaluateInviteImpulseI1 flag off skips mood/store and does not record00:43 +593 -1: /Users/alexandermessinger/dev/claudvibes/reflexjourney/test/features/invite/domain/invite_prompt_policy_test.dart: evaluateInviteImpulseI1 flag off skips mood/store and does not record00:43 +593 -1: /Users/alexandermessinger/dev/claudvibes/reflexjourney/test/features/invite/domain/invite_prompt_policy_test.dart: ... mood or store failure suppresses without recording show          00:43 +594 -1: /Users/alexandermessinger/dev/claudvibes/reflexjourney/test/features/invite/domain/invite_prompt_policy_test.dart: ... mood or store failure suppresses without recording show          00:44 +594 -1: /Users/alexandermessinger/dev/claudvibes/reflexjourney/test/features/invite/domain/invite_prompt_policy_test.dart: ... mood or store failure suppresses without recording show          00:44 +594 -1: loading /Users/alexandermessinger/dev/claudvibes/reflexjourney/test/features/invite/presentation/invite_gate_test.dart                                                                  00:44 +594 -1: /Users/alexandermessinger/dev/claudvibes/reflexjourney/test/features/invite/presentation/invite_gate_test.dart: kInviteEnabled is off until Phase-5 device checks pass                  00:44 +595 -1: /Users/alexandermessinger/dev/claudvibes/reflexjourney/test/features/invite/presentation/invite_gate_test.dart: kInviteEnabled is off until Phase-5 device checks pass                  00:44 +595 -1: loading /Users/alexandermessinger/dev/claudvibes/reflexjourney/test/features/invite/presentation/invite_messages_test.dart                                                              00:44 +595 -1: /Users/alexandermessinger/dev/claudvibes/reflexjourney/test/features/invite/presentation/invite_messages_test.dart: (setUpAll)                                                          00:44 +595 -1: /Users/alexandermessinger/dev/claudvibes/reflexjourney/test/features/invite/presentation/invite_messages_test.dart: normalizeInviteCodeInput strips separators and uppercases           00:44 +596 -1: /Users/alexandermessinger/dev/claudvibes/reflexjourney/test/features/invite/presentation/invite_messages_test.dart: normalizeInviteCodeInput strips separators and uppercases           00:44 +596 -1: /Users/alexandermessinger/dev/claudvibes/reflexjourney/test/features/invite/presentation/invite_messages_test.dart: isWellFormedInviteCode accepts alphabet and length only             00:44 +597 -1: /Users/alexandermessinger/dev/claudvibes/reflexjourney/test/features/invite/presentation/invite_messages_test.dart: isWellFormedInviteCode accepts alphabet and length only             00:44 +597 -1: /Users/alexandermessinger/dev/claudvibes/reflexjourney/test/features/invite/presentation/invite_messages_test.dart: each redeem result maps to its dedicated message                    00:44 +598 -1: /Users/alexandermessinger/dev/claudvibes/reflexjourney/test/features/invite/presentation/invite_messages_test.dart: each redeem result maps to its dedicated message                    00:44 +598 -1: /Users/alexandermessinger/dev/claudvibes/reflexjourney/test/features/invite/presentation/invite_messages_test.dart: error messages are distinct — no generic collapse                   00:44 +599 -1: /Users/alexandermessinger/dev/claudvibes/reflexjourney/test/features/invite/presentation/invite_messages_test.dart: error messages are distinct — no generic collapse                   00:44 +599 -1: /Users/alexandermessinger/dev/claudvibes/reflexjourney/test/features/invite/presentation/invite_messages_test.dart: (tearDownAll)                                                       00:45 +599 -1: /Users/alexandermessinger/dev/claudvibes/reflexjourney/test/features/invite/presentation/invite_messages_test.dart: (tearDownAll)                                                       00:45 +599 -1: loading /Users/alexandermessinger/dev/claudvibes/reflexjourney/test/features/invite/presentation/impact_tree_card_golden_test.dart                                                      00:45 +599 -1: /Users/alexandermessinger/dev/claudvibes/reflexjourney/test/features/invite/presentation/impact_tree_card_golden_test.dart: crown tier densifies only after twelve activations          00:45 +600 -1: /Users/alexandermessinger/dev/claudvibes/reflexjourney/test/features/invite/presentation/impact_tree_card_golden_test.dart: crown tier densifies only after twelve activations          00:45 +600 -1: /Users/alexandermessinger/dev/claudvibes/reflexjourney/test/features/invite/presentation/impact_tree_card_golden_test.dart: impact tree golden count=0 dark                             00:45 +601 -1: /Users/alexandermessinger/dev/claudvibes/reflexjourney/test/features/invite/presentation/impact_tree_card_golden_test.dart: impact tree golden count=0 dark                             00:45 +602 -1: /Users/alexandermessinger/dev/claudvibes/reflexjourney/test/features/invite/presentation/impact_tree_card_golden_test.dart: impact tree golden count=0 dark                             00:45 +603 -1: /Users/alexandermessinger/dev/claudvibes/reflexjourney/test/features/invite/presentation/impact_tree_card_golden_test.dart: impact tree golden count=0 dark                             00:45 +604 -1: /Users/alexandermessinger/dev/claudvibes/reflexjourney/test/features/invite/presentation/invite_redeem_screen_test.dart: confirm sheet shows code, benefit, and privacy body            00:45 +605 -1: /Users/alexandermessinger/dev/claudvibes/reflexjourney/test/features/invite/presentation/invite_redeem_screen_test.dart: confirm sheet shows code, benefit, and privacy body            00:45 +606 -1: /Users/alexandermessinger/dev/claudvibes/reflexjourney/test/features/invite/presentation/invite_redeem_screen_test.dart: confirm sheet shows code, benefit, and privacy body            00:45 +607 -1: /Users/alexandermessinger/dev/claudvibes/reflexjourney/test/features/invite/presentation/invite_redeem_screen_test.dart: confirm sheet shows code, benefit, and privacy body            00:45 +608 -1: /Users/alexandermessinger/dev/claudvibes/reflexjourney/test/features/invite/presentation/invite_redeem_screen_test.dart: confirm sheet shows code, benefit, and privacy body            00:45 +609 -1: /Users/alexandermessinger/dev/claudvibes/reflexjourney/test/features/invite/presentation/invite_redeem_screen_test.dart: confirm sheet shows code, benefit, and privacy body            00:46 +609 -1: /Users/alexandermessinger/dev/claudvibes/reflexjourney/test/features/invite/presentation/invite_redeem_screen_test.dart: confirm sheet shows code, benefit, and privacy body            00:46 +610 -1: /Users/alexandermessinger/dev/claudvibes/reflexjourney/test/features/invite/presentation/invite_redeem_screen_test.dart: confirm sheet shows code, benefit, and privacy body            00:46 +611 -1: /Users/alexandermessinger/dev/claudvibes/reflexjourney/test/features/invite/presentation/invite_redeem_screen_test.dart: confirm sheet shows code, benefit, and privacy body            00:46 +612 -1: /Users/alexandermessinger/dev/claudvibes/reflexjourney/test/features/invite/presentation/invite_redeem_screen_test.dart: confirm sheet shows code, benefit, and privacy body            00:46 +613 -1: /Users/alexandermessinger/dev/claudvibes/reflexjourney/test/features/invite/presentation/invite_redeem_screen_test.dart: confirm sheet shows code, benefit, and privacy body            00:46 +614 -1: /Users/alexandermessinger/dev/claudvibes/reflexjourney/test/features/invite/presentation/impact_tree_card_semantics_test.dart: ... tree card exposes a single aggregated semantics label00:46 +615 -1: /Users/alexandermessinger/dev/claudvibes/reflexjourney/test/features/invite/presentation/impact_tree_card_semantics_test.dart: ... tree card exposes a single aggregated semantics label00:46 +616 -1: /Users/alexandermessinger/dev/claudvibes/reflexjourney/test/features/invite/presentation/impact_tree_card_semantics_test.dart: ... tree card exposes a single aggregated semantics label00:46 +617 -1: /Users/alexandermessinger/dev/claudvibes/reflexjourney/test/features/invite/presentation/impact_tree_card_semantics_test.dart: ... tree card exposes a single aggregated semantics label00:46 +618 -1: /Users/alexandermessinger/dev/claudvibes/reflexjourney/test/features/invite/presentation/impact_tree_card_semantics_test.dart: ... tree card exposes a single aggregated semantics label00:46 +619 -1: /Users/alexandermessinger/dev/claudvibes/reflexjourney/test/features/invite/presentation/impact_tree_card_semantics_test.dart: ... tree card exposes a single aggregated semantics label00:46 +620 -1: /Users/alexandermessinger/dev/claudvibes/reflexjourney/test/features/invite/presentation/impact_tree_card_semantics_test.dart: ... tree card exposes a single aggregated semantics label00:46 +621 -1: /Users/alexandermessinger/dev/claudvibes/reflexjourney/test/features/invite/presentation/invite_impulse_card_test.dart: impulse card is an inline card, not a dialog                    00:46 +622 -1: /Users/alexandermessinger/dev/claudvibes/reflexjourney/test/features/invite/presentation/invite_impulse_card_test.dart: impulse card is an inline card, not a dialog                    00:46 +623 -1: /Users/alexandermessinger/dev/claudvibes/reflexjourney/test/features/invite/presentation/invite_impulse_card_test.dart: impulse card is an inline card, not a dialog                    00:46 +624 -1: /Users/alexandermessinger/dev/claudvibes/reflexjourney/test/features/invite/presentation/invite_impulse_card_test.dart: impulse card is an inline card, not a dialog                    00:46 +625 -1: /Users/alexandermessinger/dev/claudvibes/reflexjourney/test/features/invite/presentation/invite_impulse_card_test.dart: impulse card is an inline card, not a dialog                    00:46 +626 -1: /Users/alexandermessinger/dev/claudvibes/reflexjourney/test/features/consent/consent_screen_layout_b_test.dart: discover CTA stays disabled until checkbox is checked                   00:47 +626 -1: /Users/alexandermessinger/dev/claudvibes/reflexjourney/test/features/consent/consent_screen_layout_b_test.dart: discover CTA stays disabled until checkbox is checked                   00:47 +627 -1: /Users/alexandermessinger/dev/claudvibes/reflexjourney/test/features/consent/consent_screen_layout_b_test.dart: discover CTA stays disabled until checkbox is checked                   00:47 +628 -1: /Users/alexandermessinger/dev/claudvibes/reflexjourney/test/features/consent/consent_screen_layout_b_test.dart: discover CTA stays disabled until checkbox is checked                   00:47 +629 -1: /Users/alexandermessinger/dev/claudvibes/reflexjourney/test/features/consent/consent_screen_layout_b_test.dart: discover CTA stays disabled until checkbox is checked                   00:47 +630 -1: /Users/alexandermessinger/dev/claudvibes/reflexjourney/test/features/invite/presentation/invite_redeem_screen_test.dart: redeem shows dedicated copy for InviteRedeemResult.ownCode     00:47 +631 -1: /Users/alexandermessinger/dev/claudvibes/reflexjourney/test/features/consent/consent_screen_layout_b_test.dart: document rows open bottom sheets with lawyer content                    00:47 +632 -1: /Users/alexandermessinger/dev/claudvibes/reflexjourney/test/features/consent/consent_screen_layout_b_test.dart: document rows open bottom sheets with lawyer content                    00:47 +633 -1: /Users/alexandermessinger/dev/claudvibes/reflexjourney/test/features/consent/consent_screen_layout_b_test.dart: document rows open bottom sheets with lawyer content                    00:47 +634 -1: /Users/alexandermessinger/dev/claudvibes/reflexjourney/test/features/invite/presentation/invite_redeem_screen_test.dart: terminal non-accepted RPC results clear the pending invite code00:47 +635 -1: /Users/alexandermessinger/dev/claudvibes/reflexjourney/test/features/invite/presentation/invite_redeem_screen_test.dart: terminal non-accepted RPC results clear the pending invite code00:47 +636 -1: /Users/alexandermessinger/dev/claudvibes/reflexjourney/test/features/invite/presentation/invite_redeem_screen_test.dart: terminal non-accepted RPC results clear the pending invite code00:47 +637 -1: /Users/alexandermessinger/dev/claudvibes/reflexjourney/test/features/invite/presentation/invite_redeem_screen_test.dart: terminal non-accepted RPC results clear the pending invite code00:47 +638 -1: /Users/alexandermessinger/dev/claudvibes/reflexjourney/test/features/invite/presentation/invite_redeem_screen_test.dart: terminal non-accepted RPC results clear the pending invite code00:47 +639 -1: /Users/alexandermessinger/dev/claudvibes/reflexjourney/test/features/invite/presentation/invite_redeem_screen_test.dart: terminal non-accepted RPC results clear the pending invite code00:47 +640 -1: /Users/alexandermessinger/dev/claudvibes/reflexjourney/test/features/invite/presentation/invite_redeem_screen_test.dart: terminal non-accepted RPC results clear the pending invite code00:47 +641 -1: /Users/alexandermessinger/dev/claudvibes/reflexjourney/test/features/invite/presentation/invite_redeem_screen_test.dart: terminal non-accepted RPC results clear the pending invite code00:47 +641 -1: /Users/alexandermessinger/dev/claudvibes/reflexjourney/test/features/invite/presentation/invite_redeem_screen_test.dart: accepted RPC clears pending code                               00:48 +641 -1: /Users/alexandermessinger/dev/claudvibes/reflexjourney/test/features/invite/presentation/invite_redeem_screen_test.dart: accepted RPC clears pending code                               00:48 +642 -1: /Users/alexandermessinger/dev/claudvibes/reflexjourney/test/features/invite/presentation/invite_redeem_screen_test.dart: accepted RPC clears pending code                               00:48 +642 -1: /Users/alexandermessinger/dev/claudvibes/reflexjourney/test/features/invite/presentation/invite_redeem_screen_test.dart: decline and network errors keep the pending invite code        00:48 +643 -1: /Users/alexandermessinger/dev/claudvibes/reflexjourney/test/features/invite/presentation/invite_redeem_screen_test.dart: decline and network errors keep the pending invite code        00:48 +643 -1: /Users/alexandermessinger/dev/claudvibes/reflexjourney/test/features/invite/presentation/invite_redeem_screen_test.dart: inviteRedeemFailureMessage classifies errors                   00:48 +644 -1: /Users/alexandermessinger/dev/claudvibes/reflexjourney/test/features/invite/presentation/invite_redeem_screen_test.dart: inviteRedeemFailureMessage classifies errors                   00:48 +644 -1: loading /Users/alexandermessinger/dev/claudvibes/reflexjourney/test/features/profile/presentation/subject_profile_reflex_action_tile_test.dart                                          00:48 +644 -1: /Users/alexandermessinger/dev/claudvibes/reflexjourney/test/features/profile/presentation/subject_profile_reflex_action_tile_test.dart: ... shows view label and routes to result       00:48 +645 -1: /Users/alexandermessinger/dev/claudvibes/reflexjourney/test/features/profile/presentation/subject_profile_reflex_action_tile_test.dart: ... shows view label and routes to result       00:48 +645 -1: /Users/alexandermessinger/dev/claudvibes/reflexjourney/test/features/profile/presentation/subject_profile_reflex_action_tile_test.dart: without assessment shows fill label             00:48 +646 -1: /Users/alexandermessinger/dev/claudvibes/reflexjourney/test/features/profile/presentation/subject_profile_reflex_action_tile_test.dart: without assessment shows fill label             00:49 +646 -1: /Users/alexandermessinger/dev/claudvibes/reflexjourney/test/features/profile/presentation/subject_profile_reflex_action_tile_test.dart: without assessment shows fill label             00:49 +646 -1: loading /Users/alexandermessinger/dev/claudvibes/reflexjourney/test/features/community/community_screen_test.dart                                                                       00:49 +646 -1: /Users/alexandermessinger/dev/claudvibes/reflexjourney/test/features/community/community_screen_test.dart: CommunityScreen renders Erfahrungen title and empty state                    00:49 +647 -1: /Users/alexandermessinger/dev/claudvibes/reflexjourney/test/features/community/community_screen_test.dart: CommunityScreen renders Erfahrungen title and empty state                    00:49 +648 -1: /Users/alexandermessinger/dev/claudvibes/reflexjourney/test/features/community/community_screen_test.dart: CommunityScreen renders Erfahrungen title and empty state                    00:49 +649 -1: /Users/alexandermessinger/dev/claudvibes/reflexjourney/test/features/community/community_screen_test.dart: CommunityScreen renders Erfahrungen title and empty state                    00:49 +650 -1: /Users/alexandermessinger/dev/claudvibes/reflexjourney/test/features/community/community_screen_test.dart: CommunityScreen renders Erfahrungen title and empty state                    00:49 +651 -1: /Users/alexandermessinger/dev/claudvibes/reflexjourney/test/features/community/community_screen_test.dart: CommunityScreen renders Erfahrungen title and empty state                    00:49 +652 -1: /Users/alexandermessinger/dev/claudvibes/reflexjourney/test/features/community/community_screen_test.dart: CommunityScreen renders Erfahrungen title and empty state                    00:49 +653 -1: /Users/alexandermessinger/dev/claudvibes/reflexjourney/test/features/community/community_screen_test.dart: CommunityScreen renders Erfahrungen title and empty state                    00:49 +654 -1: /Users/alexandermessinger/dev/claudvibes/reflexjourney/test/features/community/community_screen_test.dart: CommunityScreen renders Erfahrungen title and empty state                    00:49 +655 -1: /Users/alexandermessinger/dev/claudvibes/reflexjourney/test/features/community/community_screen_test.dart: CommunityScreen renders Erfahrungen title and empty state                    00:49 +656 -1: /Users/alexandermessinger/dev/claudvibes/reflexjourney/test/features/community/community_screen_test.dart: CommunityScreen renders Erfahrungen title and empty state                    00:49 +657 -1: /Users/alexandermessinger/dev/claudvibes/reflexjourney/test/features/community/community_screen_test.dart: CommunityScreen renders Erfahrungen title and empty state                    00:49 +658 -1: /Users/alexandermessinger/dev/claudvibes/reflexjourney/test/features/community/community_screen_test.dart: CommunityScreen renders Erfahrungen title and empty state                    00:49 +659 -1: /Users/alexandermessinger/dev/claudvibes/reflexjourney/test/features/premium/paywall_screen_test.dart: rendert Trio mit Preisen, Jahres-Badge und Dauer-Hinweis                         00:50 +659 -1: /Users/alexandermessinger/dev/claudvibes/reflexjourney/test/features/premium/paywall_screen_test.dart: rendert Trio mit Preisen, Jahres-Badge und Dauer-Hinweis                         00:50 +660 -1: /Users/alexandermessinger/dev/claudvibes/reflexjourney/test/features/premium/paywall_screen_test.dart: rendert Trio mit Preisen, Jahres-Badge und Dauer-Hinweis                         00:50 +661 -1: /Users/alexandermessinger/dev/claudvibes/reflexjourney/test/features/premium/paywall_screen_test.dart: rendert Trio mit Preisen, Jahres-Badge und Dauer-Hinweis                         00:50 +662 -1: /Users/alexandermessinger/dev/claudvibes/reflexjourney/test/features/premium/paywall_screen_test.dart: rendert Trio mit Preisen, Jahres-Badge und Dauer-Hinweis                         00:50 +663 -1: /Users/alexandermessinger/dev/claudvibes/reflexjourney/test/features/premium/paywall_screen_test.dart: rendert Trio mit Preisen, Jahres-Badge und Dauer-Hinweis                         00:50 +664 -1: /Users/alexandermessinger/dev/claudvibes/reflexjourney/test/features/premium/paywall_screen_test.dart: rendert Trio mit Preisen, Jahres-Badge und Dauer-Hinweis                         00:50 +665 -1: /Users/alexandermessinger/dev/claudvibes/reflexjourney/test/features/premium/paywall_screen_test.dart: rendert Trio mit Preisen, Jahres-Badge und Dauer-Hinweis                         00:50 +666 -1: /Users/alexandermessinger/dev/claudvibes/reflexjourney/test/features/premium/paywall_screen_test.dart: rendert Trio mit Preisen, Jahres-Badge und Dauer-Hinweis                         00:50 +667 -1: /Users/alexandermessinger/dev/claudvibes/reflexjourney/test/features/premium/paywall_screen_test.dart: rendert Trio mit Preisen, Jahres-Badge und Dauer-Hinweis                         00:50 +668 -1: /Users/alexandermessinger/dev/claudvibes/reflexjourney/test/features/premium/paywall_screen_test.dart: rendert Trio mit Preisen, Jahres-Badge und Dauer-Hinweis                         00:50 +669 -1: /Users/alexandermessinger/dev/claudvibes/reflexjourney/test/features/premium/paywall_screen_test.dart: rendert Trio mit Preisen, Jahres-Badge und Dauer-Hinweis                         00:50 +670 -1: /Users/alexandermessinger/dev/claudvibes/reflexjourney/test/features/premium/paywall_screen_test.dart: rendert Trio mit Preisen, Jahres-Badge und Dauer-Hinweis                         00:50 +671 -1: /Users/alexandermessinger/dev/claudvibes/reflexjourney/test/features/premium/paywall_screen_test.dart: rendert Trio mit Preisen, Jahres-Badge und Dauer-Hinweis                         00:50 +672 -1: /Users/alexandermessinger/dev/claudvibes/reflexjourney/test/features/premium/paywall_screen_test.dart: rendert Trio mit Preisen, Jahres-Badge und Dauer-Hinweis                         00:50 +673 -1: /Users/alexandermessinger/dev/claudvibes/reflexjourney/test/features/premium/paywall_screen_test.dart: rendert Trio mit Preisen, Jahres-Badge und Dauer-Hinweis                         00:50 +674 -1: /Users/alexandermessinger/dev/claudvibes/reflexjourney/test/features/premium/paywall_screen_test.dart: rendert Trio mit Preisen, Jahres-Badge und Dauer-Hinweis                         00:50 +675 -1: /Users/alexandermessinger/dev/claudvibes/reflexjourney/test/features/premium/paywall_screen_test.dart: rendert Trio mit Preisen, Jahres-Badge und Dauer-Hinweis                         00:50 +676 -1: /Users/alexandermessinger/dev/claudvibes/reflexjourney/test/features/premium/paywall_screen_test.dart: rendert Trio mit Preisen, Jahres-Badge und Dauer-Hinweis                         00:50 +677 -1: /Users/alexandermessinger/dev/claudvibes/reflexjourney/test/features/premium/paywall_screen_test.dart: rendert Trio mit Preisen, Jahres-Badge und Dauer-Hinweis                         00:50 +678 -1: /Users/alexandermessinger/dev/claudvibes/reflexjourney/test/features/premium/paywall_screen_test.dart: rendert Trio mit Preisen, Jahres-Badge und Dauer-Hinweis                         00:50 +679 -1: /Users/alexandermessinger/dev/claudvibes/reflexjourney/test/features/premium/paywall_screen_test.dart: rendert Trio mit Preisen, Jahres-Badge und Dauer-Hinweis                         00:50 +680 -1: /Users/alexandermessinger/dev/claudvibes/reflexjourney/test/features/premium/paywall_screen_test.dart: rendert Trio mit Preisen, Jahres-Badge und Dauer-Hinweis                         00:50 +681 -1: /Users/alexandermessinger/dev/claudvibes/reflexjourney/test/features/premium/paywall_screen_test.dart: rendert Trio mit Preisen, Jahres-Badge und Dauer-Hinweis                         00:50 +682 -1: /Users/alexandermessinger/dev/claudvibes/reflexjourney/test/features/premium/paywall_screen_test.dart: rendert Trio mit Preisen, Jahres-Badge und Dauer-Hinweis                         00:50 +683 -1: /Users/alexandermessinger/dev/claudvibes/reflexjourney/test/features/premium/paywall_screen_test.dart: rendert Trio mit Preisen, Jahres-Badge und Dauer-Hinweis                         00:50 +684 -1: /Users/alexandermessinger/dev/claudvibes/reflexjourney/test/features/premium/paywall_screen_test.dart: rendert Trio mit Preisen, Jahres-Badge und Dauer-Hinweis                         00:50 +685 -1: /Users/alexandermessinger/dev/claudvibes/reflexjourney/test/features/premium/paywall_screen_test.dart: rendert Trio mit Preisen, Jahres-Badge und Dauer-Hinweis                         00:50 +686 -1: /Users/alexandermessinger/dev/claudvibes/reflexjourney/test/features/premium/paywall_screen_test.dart: rendert Trio mit Preisen, Jahres-Badge und Dauer-Hinweis                         00:50 +687 -1: /Users/alexandermessinger/dev/claudvibes/reflexjourney/test/features/premium/redeem_access_code_dialog_test.dart: redemption dialog renders de at 150% text scale                       00:50 +688 -1: /Users/alexandermessinger/dev/claudvibes/reflexjourney/test/features/premium/redeem_access_code_dialog_test.dart: redemption dialog renders de at 150% text scale                       00:50 +689 -1: /Users/alexandermessinger/dev/claudvibes/reflexjourney/test/features/premium/paywall_screen_test.dart: Produktauswahl wechselt per Tap                                                  00:50 +690 -1: /Users/alexandermessinger/dev/claudvibes/reflexjourney/test/features/premium/paywall_screen_test.dart: Produktauswahl wechselt per Tap                                                  00:50 +691 -1: /Users/alexandermessinger/dev/claudvibes/reflexjourney/test/features/premium/paywall_screen_test.dart: Produktauswahl wechselt per Tap                                                  00:50 +692 -1: /Users/alexandermessinger/dev/claudvibes/reflexjourney/test/features/premium/paywall_screen_test.dart: Produktauswahl wechselt per Tap                                                  00:50 +693 -1: /Users/alexandermessinger/dev/claudvibes/reflexjourney/test/features/premium/paywall_screen_test.dart: Produktauswahl wechselt per Tap                                                  00:51 +693 -1: /Users/alexandermessinger/dev/claudvibes/reflexjourney/test/features/premium/paywall_screen_test.dart: Produktauswahl wechselt per Tap                                                  00:51 +693 -1: loading /Users/alexandermessinger/dev/claudvibes/reflexjourney/test/features/trainer/trainer_provider_test.dart                                                                         00:51 +693 -1: /Users/alexandermessinger/dev/claudvibes/reflexjourney/test/features/trainer/trainer_provider_test.dart: trainerLinkedProvider is false when clientTrainerProvider is null              00:51 +694 -1: /Users/alexandermessinger/dev/claudvibes/reflexjourney/test/features/trainer/trainer_discovery_screen_test.dart: Öffnen ruft KEINEN Standort ab und zeigt alle Trainer                  00:51 +695 -1: /Users/alexandermessinger/dev/claudvibes/reflexjourney/test/features/trainer/trainer_discovery_screen_test.dart: Öffnen ruft KEINEN Standort ab und zeigt alle Trainer                  00:51 +696 -1: /Users/alexandermessinger/dev/claudvibes/reflexjourney/test/features/trainer/trainer_discovery_screen_test.dart: Öffnen ruft KEINEN Standort ab und zeigt alle Trainer                  00:51 +697 -1: /Users/alexandermessinger/dev/claudvibes/reflexjourney/test/features/trainer/trainer_discovery_screen_test.dart: Öffnen ruft KEINEN Standort ab und zeigt alle Trainer                  00:51 +698 -1: /Users/alexandermessinger/dev/claudvibes/reflexjourney/test/features/trainer/trainer_discovery_screen_test.dart: Öffnen ruft KEINEN Standort ab und zeigt alle Trainer                  00:51 +699 -1: /Users/alexandermessinger/dev/claudvibes/reflexjourney/test/features/trainer/trainer_discovery_screen_test.dart: Öffnen ruft KEINEN Standort ab und zeigt alle Trainer                  00:51 +700 -1: /Users/alexandermessinger/dev/claudvibes/reflexjourney/test/features/trainer/trainer_discovery_screen_test.dart: Öffnen ruft KEINEN Standort ab und zeigt alle Trainer                  00:51 +701 -1: /Users/alexandermessinger/dev/claudvibes/reflexjourney/test/features/trainer/trainer_discovery_screen_test.dart: Öffnen ruft KEINEN Standort ab und zeigt alle Trainer                  00:52 +701 -1: /Users/alexandermessinger/dev/claudvibes/reflexjourney/test/features/trainer/trainer_discovery_screen_test.dart: Öffnen ruft KEINEN Standort ab und zeigt alle Trainer                  00:52 +702 -1: /Users/alexandermessinger/dev/claudvibes/reflexjourney/test/features/trainer/trainer_discovery_screen_test.dart: Öffnen ruft KEINEN Standort ab und zeigt alle Trainer                  00:52 +703 -1: /Users/alexandermessinger/dev/claudvibes/reflexjourney/test/features/trainer/trainer_discovery_screen_test.dart: Öffnen ruft KEINEN Standort ab und zeigt alle Trainer                  00:52 +703 -1: /Users/alexandermessinger/dev/claudvibes/reflexjourney/test/features/trainer/trainer_discovery_screen_test.dart: Öffnen ruft KEINEN Standort ab und zeigt alle Trainer                  
ClientException: Request to https://tile.openstreetmap.org/5/16/10.png failed with status 400: ., uri=https://tile.openstreetmap.org/5/16/10.png
ClientException: Request to https://tile.openstreetmap.org/5/17/10.png failed with status 400: ., uri=https://tile.openstreetmap.org/5/17/10.png
ClientException: Request to https://tile.openstreetmap.org/5/16/9.png failed with status 400: ., uri=https://tile.openstreetmap.org/5/16/9.png
ClientException: Request to https://tile.openstreetmap.org/5/17/9.png failed with status 400: ., uri=https://tile.openstreetmap.org/5/17/9.png
ClientException: Request to https://tile.openstreetmap.org/5/16/11.png failed with status 400: ., uri=https://tile.openstreetmap.org/5/16/11.png
ClientException: Request to https://tile.openstreetmap.org/5/17/11.png failed with status 400: ., uri=https://tile.openstreetmap.org/5/17/11.png
ClientException: Request to https://tile.openstreetmap.org/5/15/10.png failed with status 400: ., uri=https://tile.openstreetmap.org/5/15/10.png
ClientException: Request to https://tile.openstreetmap.org/5/18/10.png failed with status 400: ., uri=https://tile.openstreetmap.org/5/18/10.png
ClientException: Request to https://tile.openstreetmap.org/5/15/9.png failed with status 400: ., uri=https://tile.openstreetmap.org/5/15/9.png
ClientException: Request to https://tile.openstreetmap.org/5/18/9.png failed with status 400: ., uri=https://tile.openstreetmap.org/5/18/9.png
ClientException: Request to https://tile.openstreetmap.org/5/15/11.png failed with status 400: ., uri=https://tile.openstreetmap.org/5/15/11.png
ClientException: Request to https://tile.openstreetmap.org/5/18/11.png failed with status 400: ., uri=https://tile.openstreetmap.org/5/18/11.png
ClientException: Request to https://tile.openstreetmap.org/5/16/8.png failed with status 400: ., uri=https://tile.openstreetmap.org/5/16/8.png
ClientException: Request to https://tile.openstreetmap.org/5/17/8.png failed with status 400: ., uri=https://tile.openstreetmap.org/5/17/8.png
ClientException: Request to https://tile.openstreetmap.org/5/16/12.png failed with status 400: ., uri=https://tile.openstreetmap.org/5/16/12.png
ClientException: Request to https://tile.openstreetmap.org/5/17/12.png failed with status 400: ., uri=https://tile.openstreetmap.org/5/17/12.png
ClientException: Request to https://tile.openstreetmap.org/5/15/8.png failed with status 400: ., uri=https://tile.openstreetmap.org/5/15/8.png
ClientException: Request to https://tile.openstreetmap.org/5/18/8.png failed with status 400: ., uri=https://tile.openstreetmap.org/5/18/8.png
ClientException: Request to https://tile.openstreetmap.org/5/14/10.png failed with status 400: ., uri=https://tile.openstreetmap.org/5/14/10.png
ClientException: Request to https://tile.openstreetmap.org/5/19/10.png failed with status 400: ., uri=https://tile.openstreetmap.org/5/19/10.png
ClientException: Request to https://tile.openstreetmap.org/5/15/12.png failed with status 400: ., uri=https://tile.openstreetmap.org/5/15/12.png
ClientException: Request to https://tile.openstreetmap.org/5/18/12.png failed with status 400: ., uri=https://tile.openstreetmap.org/5/18/12.png
ClientException: Request to https://tile.openstreetmap.org/5/14/9.png failed with status 400: ., uri=https://tile.openstreetmap.org/5/14/9.png
ClientException: Request to https://tile.openstreetmap.org/5/19/9.png failed with status 400: ., uri=https://tile.openstreetmap.org/5/19/9.png
ClientException: Request to https://tile.openstreetmap.org/5/14/11.png failed with status 400: ., uri=https://tile.openstreetmap.org/5/14/11.png
ClientException: Request to https://tile.openstreetmap.org/5/19/11.png failed with status 400: ., uri=https://tile.openstreetmap.org/5/19/11.png
ClientException: Request to https://tile.openstreetmap.org/5/14/8.png failed with status 400: ., uri=https://tile.openstreetmap.org/5/14/8.png
ClientException: Request to https://tile.openstreetmap.org/5/19/8.png failed with status 400: ., uri=https://tile.openstreetmap.org/5/19/8.png
ClientException: Request to https://tile.openstreetmap.org/5/14/12.png failed with status 400: ., uri=https://tile.openstreetmap.org/5/14/12.png
ClientException: Request to https://tile.openstreetmap.org/5/19/12.png failed with status 400: ., uri=https://tile.openstreetmap.org/5/19/12.png
00:53 +704 -1: /Users/alexandermessinger/dev/claudvibes/reflexjourney/test/features/trainer/trainer_discovery_screen_test.dart: Öffnen ruft KEINEN Standort ab und zeigt alle Trainer                  00:53 +704 -1: /Users/alexandermessinger/dev/claudvibes/reflexjourney/test/features/trainer/trainer_discovery_screen_test.dart: Global-Empty-State: „noch keine Trainer freigeschaltet“ + CTA          00:53 +705 -1: /Users/alexandermessinger/dev/claudvibes/reflexjourney/test/features/trainer/trainer_discovery_screen_test.dart: Global-Empty-State: „noch keine Trainer freigeschaltet“ + CTA          00:53 +705 -1: /Users/alexandermessinger/dev/claudvibes/reflexjourney/test/features/trainer/trainer_discovery_screen_test.dart: Umkreis-Tap zeigt CTA-Karte — noch immer kein Auto-Abruf               00:53 +705 -1: /Users/alexandermessinger/dev/claudvibes/reflexjourney/test/features/trainer/trainer_discovery_screen_test.dart: Umkreis-Tap zeigt CTA-Karte — noch immer kein Auto-Abruf               
ClientException: Request to https://tile.openstreetmap.org/5/16/10.png failed with status 400: ., uri=https://tile.openstreetmap.org/5/16/10.png
ClientException: Request to https://tile.openstreetmap.org/5/17/10.png failed with status 400: ., uri=https://tile.openstreetmap.org/5/17/10.png
ClientException: Request to https://tile.openstreetmap.org/5/16/9.png failed with status 400: ., uri=https://tile.openstreetmap.org/5/16/9.png
ClientException: Request to https://tile.openstreetmap.org/5/17/9.png failed with status 400: ., uri=https://tile.openstreetmap.org/5/17/9.png
ClientException: Request to https://tile.openstreetmap.org/5/16/11.png failed with status 400: ., uri=https://tile.openstreetmap.org/5/16/11.png
ClientException: Request to https://tile.openstreetmap.org/5/17/11.png failed with status 400: ., uri=https://tile.openstreetmap.org/5/17/11.png
ClientException: Request to https://tile.openstreetmap.org/5/15/10.png failed with status 400: ., uri=https://tile.openstreetmap.org/5/15/10.png
ClientException: Request to https://tile.openstreetmap.org/5/18/10.png failed with status 400: ., uri=https://tile.openstreetmap.org/5/18/10.png
ClientException: Request to https://tile.openstreetmap.org/5/15/9.png failed with status 400: ., uri=https://tile.openstreetmap.org/5/15/9.png
ClientException: Request to https://tile.openstreetmap.org/5/18/9.png failed with status 400: ., uri=https://tile.openstreetmap.org/5/18/9.png
ClientException: Request to https://tile.openstreetmap.org/5/15/11.png failed with status 400: ., uri=https://tile.openstreetmap.org/5/15/11.png
ClientException: Request to https://tile.openstreetmap.org/5/18/11.png failed with status 400: ., uri=https://tile.openstreetmap.org/5/18/11.png
ClientException: Request to https://tile.openstreetmap.org/5/16/8.png failed with status 400: ., uri=https://tile.openstreetmap.org/5/16/8.png
ClientException: Request to https://tile.openstreetmap.org/5/17/8.png failed with status 400: ., uri=https://tile.openstreetmap.org/5/17/8.png
ClientException: Request to https://tile.openstreetmap.org/5/16/12.png failed with status 400: ., uri=https://tile.openstreetmap.org/5/16/12.png
ClientException: Request to https://tile.openstreetmap.org/5/17/12.png failed with status 400: ., uri=https://tile.openstreetmap.org/5/17/12.png
ClientException: Request to https://tile.openstreetmap.org/5/15/8.png failed with status 400: ., uri=https://tile.openstreetmap.org/5/15/8.png
ClientException: Request to https://tile.openstreetmap.org/5/18/8.png failed with status 400: ., uri=https://tile.openstreetmap.org/5/18/8.png
ClientException: Request to https://tile.openstreetmap.org/5/14/10.png failed with status 400: ., uri=https://tile.openstreetmap.org/5/14/10.png
ClientException: Request to https://tile.openstreetmap.org/5/19/10.png failed with status 400: ., uri=https://tile.openstreetmap.org/5/19/10.png
ClientException: Request to https://tile.openstreetmap.org/5/15/12.png failed with status 400: ., uri=https://tile.openstreetmap.org/5/15/12.png
ClientException: Request to https://tile.openstreetmap.org/5/18/12.png failed with status 400: ., uri=https://tile.openstreetmap.org/5/18/12.png
ClientException: Request to https://tile.openstreetmap.org/5/14/9.png failed with status 400: ., uri=https://tile.openstreetmap.org/5/14/9.png
ClientException: Request to https://tile.openstreetmap.org/5/19/9.png failed with status 400: ., uri=https://tile.openstreetmap.org/5/19/9.png
ClientException: Request to https://tile.openstreetmap.org/5/14/11.png failed with status 400: ., uri=https://tile.openstreetmap.org/5/14/11.png
ClientException: Request to https://tile.openstreetmap.org/5/19/11.png failed with status 400: ., uri=https://tile.openstreetmap.org/5/19/11.png
ClientException: Request to https://tile.openstreetmap.org/5/14/8.png failed with status 400: ., uri=https://tile.openstreetmap.org/5/14/8.png
ClientException: Request to https://tile.openstreetmap.org/5/19/8.png failed with status 400: ., uri=https://tile.openstreetmap.org/5/19/8.png
ClientException: Request to https://tile.openstreetmap.org/5/14/12.png failed with status 400: ., uri=https://tile.openstreetmap.org/5/14/12.png
ClientException: Request to https://tile.openstreetmap.org/5/19/12.png failed with status 400: ., uri=https://tile.openstreetmap.org/5/19/12.png
00:53 +706 -1: /Users/alexandermessinger/dev/claudvibes/reflexjourney/test/features/trainer/trainer_discovery_screen_test.dart: Umkreis-Tap zeigt CTA-Karte — noch immer kein Auto-Abruf               00:53 +706 -1: /Users/alexandermessinger/dev/claudvibes/reflexjourney/test/features/trainer/trainer_discovery_screen_test.dart: „Standort verwenden“ mit Freigabe → Radius-Slider + Umkreissuche       00:53 +706 -1: /Users/alexandermessinger/dev/claudvibes/reflexjourney/test/features/trainer/trainer_discovery_screen_test.dart: „Standort verwenden“ mit Freigabe → Radius-Slider + Umkreissuche       
ClientException: Request to https://tile.openstreetmap.org/5/16/10.png failed with status 400: ., uri=https://tile.openstreetmap.org/5/16/10.png
ClientException: Request to https://tile.openstreetmap.org/5/17/10.png failed with status 400: ., uri=https://tile.openstreetmap.org/5/17/10.png
ClientException: Request to https://tile.openstreetmap.org/5/16/9.png failed with status 400: ., uri=https://tile.openstreetmap.org/5/16/9.png
ClientException: Request to https://tile.openstreetmap.org/5/17/9.png failed with status 400: ., uri=https://tile.openstreetmap.org/5/17/9.png
ClientException: Request to https://tile.openstreetmap.org/5/16/11.png failed with status 400: ., uri=https://tile.openstreetmap.org/5/16/11.png
ClientException: Request to https://tile.openstreetmap.org/5/17/11.png failed with status 400: ., uri=https://tile.openstreetmap.org/5/17/11.png
ClientException: Request to https://tile.openstreetmap.org/5/15/10.png failed with status 400: ., uri=https://tile.openstreetmap.org/5/15/10.png
ClientException: Request to https://tile.openstreetmap.org/5/18/10.png failed with status 400: ., uri=https://tile.openstreetmap.org/5/18/10.png
ClientException: Request to https://tile.openstreetmap.org/5/15/9.png failed with status 400: ., uri=https://tile.openstreetmap.org/5/15/9.png
ClientException: Request to https://tile.openstreetmap.org/5/18/9.png failed with status 400: ., uri=https://tile.openstreetmap.org/5/18/9.png
ClientException: Request to https://tile.openstreetmap.org/5/15/11.png failed with status 400: ., uri=https://tile.openstreetmap.org/5/15/11.png
ClientException: Request to https://tile.openstreetmap.org/5/18/11.png failed with status 400: ., uri=https://tile.openstreetmap.org/5/18/11.png
ClientException: Request to https://tile.openstreetmap.org/5/16/8.png failed with status 400: ., uri=https://tile.openstreetmap.org/5/16/8.png
ClientException: Request to https://tile.openstreetmap.org/5/17/8.png failed with status 400: ., uri=https://tile.openstreetmap.org/5/17/8.png
ClientException: Request to https://tile.openstreetmap.org/5/16/12.png failed with status 400: ., uri=https://tile.openstreetmap.org/5/16/12.png
ClientException: Request to https://tile.openstreetmap.org/5/17/12.png failed with status 400: ., uri=https://tile.openstreetmap.org/5/17/12.png
ClientException: Request to https://tile.openstreetmap.org/5/15/8.png failed with status 400: ., uri=https://tile.openstreetmap.org/5/15/8.png
ClientException: Request to https://tile.openstreetmap.org/5/18/8.png failed with status 400: ., uri=https://tile.openstreetmap.org/5/18/8.png
ClientException: Request to https://tile.openstreetmap.org/5/14/10.png failed with status 400: ., uri=https://tile.openstreetmap.org/5/14/10.png
ClientException: Request to https://tile.openstreetmap.org/5/19/10.png failed with status 400: ., uri=https://tile.openstreetmap.org/5/19/10.png
ClientException: Request to https://tile.openstreetmap.org/5/15/12.png failed with status 400: ., uri=https://tile.openstreetmap.org/5/15/12.png
ClientException: Request to https://tile.openstreetmap.org/5/18/12.png failed with status 400: ., uri=https://tile.openstreetmap.org/5/18/12.png
ClientException: Request to https://tile.openstreetmap.org/5/14/9.png failed with status 400: ., uri=https://tile.openstreetmap.org/5/14/9.png
ClientException: Request to https://tile.openstreetmap.org/5/19/9.png failed with status 400: ., uri=https://tile.openstreetmap.org/5/19/9.png
ClientException: Request to https://tile.openstreetmap.org/5/14/11.png failed with status 400: ., uri=https://tile.openstreetmap.org/5/14/11.png
ClientException: Request to https://tile.openstreetmap.org/5/19/11.png failed with status 400: ., uri=https://tile.openstreetmap.org/5/19/11.png
ClientException: Request to https://tile.openstreetmap.org/5/14/8.png failed with status 400: ., uri=https://tile.openstreetmap.org/5/14/8.png
ClientException: Request to https://tile.openstreetmap.org/5/19/8.png failed with status 400: ., uri=https://tile.openstreetmap.org/5/19/8.png
ClientException: Request to https://tile.openstreetmap.org/5/14/12.png failed with status 400: ., uri=https://tile.openstreetmap.org/5/14/12.png
ClientException: Request to https://tile.openstreetmap.org/5/19/12.png failed with status 400: ., uri=https://tile.openstreetmap.org/5/19/12.png
00:53 +707 -1: /Users/alexandermessinger/dev/claudvibes/reflexjourney/test/features/trainer/trainer_discovery_screen_test.dart: „Standort verwenden“ mit Freigabe → Radius-Slider + Umkreissuche       00:53 +708 -1: /Users/alexandermessinger/dev/claudvibes/reflexjourney/test/features/trainer/trainer_discovery_screen_test.dart: „Standort verwenden“ mit Freigabe → Radius-Slider + Umkreissuche       00:53 +709 -1: /Users/alexandermessinger/dev/claudvibes/reflexjourney/test/features/trainer/trainer_discovery_screen_test.dart: „Standort verwenden“ mit Freigabe → Radius-Slider + Umkreissuche       00:53 +710 -1: /Users/alexandermessinger/dev/claudvibes/reflexjourney/test/features/trainer/trainer_discovery_screen_test.dart: „Standort verwenden“ mit Freigabe → Radius-Slider + Umkreissuche       00:53 +710 -1: /Users/alexandermessinger/dev/claudvibes/reflexjourney/test/features/trainer/trainer_discovery_screen_test.dart: „Standort verwenden“ mit Freigabe → Radius-Slider + Umkreissuche       
ClientException: Request to https://tile.openstreetmap.org/10/544/355.png failed with status 400: ., uri=https://tile.openstreetmap.org/10/544/355.png
ClientException: Request to https://tile.openstreetmap.org/10/545/355.png failed with status 400: ., uri=https://tile.openstreetmap.org/10/545/355.png
ClientException: Request to https://tile.openstreetmap.org/10/544/354.png failed with status 400: ., uri=https://tile.openstreetmap.org/10/544/354.png
ClientException: Request to https://tile.openstreetmap.org/10/545/354.png failed with status 400: ., uri=https://tile.openstreetmap.org/10/545/354.png
ClientException: Request to https://tile.openstreetmap.org/10/544/356.png failed with status 400: ., uri=https://tile.openstreetmap.org/10/544/356.png
ClientException: Request to https://tile.openstreetmap.org/10/545/356.png failed with status 400: ., uri=https://tile.openstreetmap.org/10/545/356.png
ClientException: Request to https://tile.openstreetmap.org/10/543/355.png failed with status 400: ., uri=https://tile.openstreetmap.org/10/543/355.png
ClientException: Request to https://tile.openstreetmap.org/10/546/355.png failed with status 400: ., uri=https://tile.openstreetmap.org/10/546/355.png
ClientException: Request to https://tile.openstreetmap.org/10/543/354.png failed with status 400: ., uri=https://tile.openstreetmap.org/10/543/354.png
ClientException: Request to https://tile.openstreetmap.org/10/546/354.png failed with status 400: ., uri=https://tile.openstreetmap.org/10/546/354.png
ClientException: Request to https://tile.openstreetmap.org/10/543/356.png failed with status 400: ., uri=https://tile.openstreetmap.org/10/543/356.png
ClientException: Request to https://tile.openstreetmap.org/10/546/356.png failed with status 400: ., uri=https://tile.openstreetmap.org/10/546/356.png
ClientException: Request to https://tile.openstreetmap.org/10/544/353.png failed with status 400: ., uri=https://tile.openstreetmap.org/10/544/353.png
ClientException: Request to https://tile.openstreetmap.org/10/545/353.png failed with status 400: ., uri=https://tile.openstreetmap.org/10/545/353.png
ClientException: Request to https://tile.openstreetmap.org/10/544/357.png failed with status 400: ., uri=https://tile.openstreetmap.org/10/544/357.png
ClientException: Request to https://tile.openstreetmap.org/10/545/357.png failed with status 400: ., uri=https://tile.openstreetmap.org/10/545/357.png
ClientException: Request to https://tile.openstreetmap.org/10/543/353.png failed with status 400: ., uri=https://tile.openstreetmap.org/10/543/353.png
ClientException: Request to https://tile.openstreetmap.org/10/546/353.png failed with status 400: ., uri=https://tile.openstreetmap.org/10/546/353.png
ClientException: Request to https://tile.openstreetmap.org/10/542/355.png failed with status 400: ., uri=https://tile.openstreetmap.org/10/542/355.png
ClientException: Request to https://tile.openstreetmap.org/10/547/355.png failed with status 400: ., uri=https://tile.openstreetmap.org/10/547/355.png
ClientException: Request to https://tile.openstreetmap.org/10/543/357.png failed with status 400: ., uri=https://tile.openstreetmap.org/10/543/357.png
ClientException: Request to https://tile.openstreetmap.org/10/546/357.png failed with status 400: ., uri=https://tile.openstreetmap.org/10/546/357.png
ClientException: Request to https://tile.openstreetmap.org/10/542/354.png failed with status 400: ., uri=https://tile.openstreetmap.org/10/542/354.png
ClientException: Request to https://tile.openstreetmap.org/10/547/354.png failed with status 400: ., uri=https://tile.openstreetmap.org/10/547/354.png
ClientException: Request to https://tile.openstreetmap.org/10/542/356.png failed with status 400: ., uri=https://tile.openstreetmap.org/10/542/356.png
ClientException: Request to https://tile.openstreetmap.org/10/547/356.png failed with status 400: ., uri=https://tile.openstreetmap.org/10/547/356.png
ClientException: Request to https://tile.openstreetmap.org/10/542/353.png failed with status 400: ., uri=https://tile.openstreetmap.org/10/542/353.png
ClientException: Request to https://tile.openstreetmap.org/10/547/353.png failed with status 400: ., uri=https://tile.openstreetmap.org/10/547/353.png
ClientException: Request to https://tile.openstreetmap.org/10/542/357.png failed with status 400: ., uri=https://tile.openstreetmap.org/10/542/357.png
ClientException: Request to https://tile.openstreetmap.org/10/547/357.png failed with status 400: ., uri=https://tile.openstreetmap.org/10/547/357.png
00:53 +711 -1: /Users/alexandermessinger/dev/claudvibes/reflexjourney/test/features/onboarding/pre_payoff_step_dots_test.dart: fills dots up to the 1-based currentStep                                00:53 +711 -1: /Users/alexandermessinger/dev/claudvibes/reflexjourney/test/features/trainer/trainer_discovery_screen_test.dart: Abgelehnt → Hinweis, Fallback-Liste bleibt nutzbar                     
ClientException: Request to https://tile.openstreetmap.org/5/16/10.png failed with status 400: ., uri=https://tile.openstreetmap.org/5/16/10.png
ClientException: Request to https://tile.openstreetmap.org/5/17/10.png failed with status 400: ., uri=https://tile.openstreetmap.org/5/17/10.png
ClientException: Request to https://tile.openstreetmap.org/5/16/9.png failed with status 400: ., uri=https://tile.openstreetmap.org/5/16/9.png
ClientException: Request to https://tile.openstreetmap.org/5/17/9.png failed with status 400: ., uri=https://tile.openstreetmap.org/5/17/9.png
ClientException: Request to https://tile.openstreetmap.org/5/16/11.png failed with status 400: ., uri=https://tile.openstreetmap.org/5/16/11.png
ClientException: Request to https://tile.openstreetmap.org/5/17/11.png failed with status 400: ., uri=https://tile.openstreetmap.org/5/17/11.png
ClientException: Request to https://tile.openstreetmap.org/5/15/10.png failed with status 400: ., uri=https://tile.openstreetmap.org/5/15/10.png
ClientException: Request to https://tile.openstreetmap.org/5/18/10.png failed with status 400: ., uri=https://tile.openstreetmap.org/5/18/10.png
ClientException: Request to https://tile.openstreetmap.org/5/15/9.png failed with status 400: ., uri=https://tile.openstreetmap.org/5/15/9.png
ClientException: Request to https://tile.openstreetmap.org/5/18/9.png failed with status 400: ., uri=https://tile.openstreetmap.org/5/18/9.png
ClientException: Request to https://tile.openstreetmap.org/5/15/11.png failed with status 400: ., uri=https://tile.openstreetmap.org/5/15/11.png
ClientException: Request to https://tile.openstreetmap.org/5/18/11.png failed with status 400: ., uri=https://tile.openstreetmap.org/5/18/11.png
ClientException: Request to https://tile.openstreetmap.org/5/16/8.png failed with status 400: ., uri=https://tile.openstreetmap.org/5/16/8.png
ClientException: Request to https://tile.openstreetmap.org/5/17/8.png failed with status 400: ., uri=https://tile.openstreetmap.org/5/17/8.png
ClientException: Request to https://tile.openstreetmap.org/5/16/12.png failed with status 400: ., uri=https://tile.openstreetmap.org/5/16/12.png
ClientException: Request to https://tile.openstreetmap.org/5/17/12.png failed with status 400: ., uri=https://tile.openstreetmap.org/5/17/12.png
ClientException: Request to https://tile.openstreetmap.org/5/15/8.png failed with status 400: ., uri=https://tile.openstreetmap.org/5/15/8.png
ClientException: Request to https://tile.openstreetmap.org/5/18/8.png failed with status 400: ., uri=https://tile.openstreetmap.org/5/18/8.png
ClientException: Request to https://tile.openstreetmap.org/5/14/10.png failed with status 400: ., uri=https://tile.openstreetmap.org/5/14/10.png
ClientException: Request to https://tile.openstreetmap.org/5/19/10.png failed with status 400: ., uri=https://tile.openstreetmap.org/5/19/10.png
ClientException: Request to https://tile.openstreetmap.org/5/15/12.png failed with status 400: ., uri=https://tile.openstreetmap.org/5/15/12.png
ClientException: Request to https://tile.openstreetmap.org/5/18/12.png failed with status 400: ., uri=https://tile.openstreetmap.org/5/18/12.png
ClientException: Request to https://tile.openstreetmap.org/5/14/9.png failed with status 400: ., uri=https://tile.openstreetmap.org/5/14/9.png
ClientException: Request to https://tile.openstreetmap.org/5/19/9.png failed with status 400: ., uri=https://tile.openstreetmap.org/5/19/9.png
ClientException: Request to https://tile.openstreetmap.org/5/14/11.png failed with status 400: ., uri=https://tile.openstreetmap.org/5/14/11.png
ClientException: Request to https://tile.openstreetmap.org/5/19/11.png failed with status 400: ., uri=https://tile.openstreetmap.org/5/19/11.png
ClientException: Request to https://tile.openstreetmap.org/5/14/8.png failed with status 400: ., uri=https://tile.openstreetmap.org/5/14/8.png
ClientException: Request to https://tile.openstreetmap.org/5/19/8.png failed with status 400: ., uri=https://tile.openstreetmap.org/5/19/8.png
ClientException: Request to https://tile.openstreetmap.org/5/14/12.png failed with status 400: ., uri=https://tile.openstreetmap.org/5/14/12.png
ClientException: Request to https://tile.openstreetmap.org/5/19/12.png failed with status 400: ., uri=https://tile.openstreetmap.org/5/19/12.png
00:53 +712 -1: /Users/alexandermessinger/dev/claudvibes/reflexjourney/test/features/onboarding/pre_payoff_step_dots_test.dart: fills dots up to the 1-based currentStep                                00:53 +712 -1: /Users/alexandermessinger/dev/claudvibes/reflexjourney/test/features/trainer/trainer_discovery_screen_test.dart: Dauerhaft abgelehnt → „Einstellungen öffnen“ öffnet App-Settings       
ClientException: Request to https://tile.openstreetmap.org/5/16/10.png failed with status 400: ., uri=https://tile.openstreetmap.org/5/16/10.png
ClientException: Request to https://tile.openstreetmap.org/5/17/10.png failed with status 400: ., uri=https://tile.openstreetmap.org/5/17/10.png
ClientException: Request to https://tile.openstreetmap.org/5/16/9.png failed with status 400: ., uri=https://tile.openstreetmap.org/5/16/9.png
ClientException: Request to https://tile.openstreetmap.org/5/17/9.png failed with status 400: ., uri=https://tile.openstreetmap.org/5/17/9.png
ClientException: Request to https://tile.openstreetmap.org/5/16/11.png failed with status 400: ., uri=https://tile.openstreetmap.org/5/16/11.png
ClientException: Request to https://tile.openstreetmap.org/5/17/11.png failed with status 400: ., uri=https://tile.openstreetmap.org/5/17/11.png
ClientException: Request to https://tile.openstreetmap.org/5/15/10.png failed with status 400: ., uri=https://tile.openstreetmap.org/5/15/10.png
ClientException: Request to https://tile.openstreetmap.org/5/18/10.png failed with status 400: ., uri=https://tile.openstreetmap.org/5/18/10.png
ClientException: Request to https://tile.openstreetmap.org/5/15/9.png failed with status 400: ., uri=https://tile.openstreetmap.org/5/15/9.png
ClientException: Request to https://tile.openstreetmap.org/5/18/9.png failed with status 400: ., uri=https://tile.openstreetmap.org/5/18/9.png
ClientException: Request to https://tile.openstreetmap.org/5/15/11.png failed with status 400: ., uri=https://tile.openstreetmap.org/5/15/11.png
ClientException: Request to https://tile.openstreetmap.org/5/18/11.png failed with status 400: ., uri=https://tile.openstreetmap.org/5/18/11.png
ClientException: Request to https://tile.openstreetmap.org/5/16/8.png failed with status 400: ., uri=https://tile.openstreetmap.org/5/16/8.png
ClientException: Request to https://tile.openstreetmap.org/5/17/8.png failed with status 400: ., uri=https://tile.openstreetmap.org/5/17/8.png
ClientException: Request to https://tile.openstreetmap.org/5/16/12.png failed with status 400: ., uri=https://tile.openstreetmap.org/5/16/12.png
ClientException: Request to https://tile.openstreetmap.org/5/17/12.png failed with status 400: ., uri=https://tile.openstreetmap.org/5/17/12.png
ClientException: Request to https://tile.openstreetmap.org/5/15/8.png failed with status 400: ., uri=https://tile.openstreetmap.org/5/15/8.png
ClientException: Request to https://tile.openstreetmap.org/5/18/8.png failed with status 400: ., uri=https://tile.openstreetmap.org/5/18/8.png
ClientException: Request to https://tile.openstreetmap.org/5/14/10.png failed with status 400: ., uri=https://tile.openstreetmap.org/5/14/10.png
ClientException: Request to https://tile.openstreetmap.org/5/19/10.png failed with status 400: ., uri=https://tile.openstreetmap.org/5/19/10.png
ClientException: Request to https://tile.openstreetmap.org/5/15/12.png failed with status 400: ., uri=https://tile.openstreetmap.org/5/15/12.png
ClientException: Request to https://tile.openstreetmap.org/5/18/12.png failed with status 400: ., uri=https://tile.openstreetmap.org/5/18/12.png
ClientException: Request to https://tile.openstreetmap.org/5/14/9.png failed with status 400: ., uri=https://tile.openstreetmap.org/5/14/9.png
ClientException: Request to https://tile.openstreetmap.org/5/19/9.png failed with status 400: ., uri=https://tile.openstreetmap.org/5/19/9.png
ClientException: Request to https://tile.openstreetmap.org/5/14/11.png failed with status 400: ., uri=https://tile.openstreetmap.org/5/14/11.png
ClientException: Request to https://tile.openstreetmap.org/5/19/11.png failed with status 400: ., uri=https://tile.openstreetmap.org/5/19/11.png
ClientException: Request to https://tile.openstreetmap.org/5/14/8.png failed with status 400: ., uri=https://tile.openstreetmap.org/5/14/8.png
ClientException: Request to https://tile.openstreetmap.org/5/19/8.png failed with status 400: ., uri=https://tile.openstreetmap.org/5/19/8.png
ClientException: Request to https://tile.openstreetmap.org/5/14/12.png failed with status 400: ., uri=https://tile.openstreetmap.org/5/14/12.png
ClientException: Request to https://tile.openstreetmap.org/5/19/12.png failed with status 400: ., uri=https://tile.openstreetmap.org/5/19/12.png
00:53 +713 -1: /Users/alexandermessinger/dev/claudvibes/reflexjourney/test/features/onboarding/pre_payoff_step_dots_test.dart: fills dots up to the 1-based currentStep                                00:53 +713 -1: /Users/alexandermessinger/dev/claudvibes/reflexjourney/test/features/trainer/trainer_discovery_screen_test.dart: Ortungsdienste aus → Hinweis mit Ortungs-Einstellungen                 
ClientException: Request to https://tile.openstreetmap.org/5/16/10.png failed with status 400: ., uri=https://tile.openstreetmap.org/5/16/10.png
ClientException: Request to https://tile.openstreetmap.org/5/17/10.png failed with status 400: ., uri=https://tile.openstreetmap.org/5/17/10.png
ClientException: Request to https://tile.openstreetmap.org/5/16/9.png failed with status 400: ., uri=https://tile.openstreetmap.org/5/16/9.png
ClientException: Request to https://tile.openstreetmap.org/5/17/9.png failed with status 400: ., uri=https://tile.openstreetmap.org/5/17/9.png
ClientException: Request to https://tile.openstreetmap.org/5/16/11.png failed with status 400: ., uri=https://tile.openstreetmap.org/5/16/11.png
ClientException: Request to https://tile.openstreetmap.org/5/17/11.png failed with status 400: ., uri=https://tile.openstreetmap.org/5/17/11.png
ClientException: Request to https://tile.openstreetmap.org/5/15/10.png failed with status 400: ., uri=https://tile.openstreetmap.org/5/15/10.png
ClientException: Request to https://tile.openstreetmap.org/5/18/10.png failed with status 400: ., uri=https://tile.openstreetmap.org/5/18/10.png
ClientException: Request to https://tile.openstreetmap.org/5/15/9.png failed with status 400: ., uri=https://tile.openstreetmap.org/5/15/9.png
ClientException: Request to https://tile.openstreetmap.org/5/18/9.png failed with status 400: ., uri=https://tile.openstreetmap.org/5/18/9.png
ClientException: Request to https://tile.openstreetmap.org/5/15/11.png failed with status 400: ., uri=https://tile.openstreetmap.org/5/15/11.png
ClientException: Request to https://tile.openstreetmap.org/5/18/11.png failed with status 400: ., uri=https://tile.openstreetmap.org/5/18/11.png
ClientException: Request to https://tile.openstreetmap.org/5/16/8.png failed with status 400: ., uri=https://tile.openstreetmap.org/5/16/8.png
ClientException: Request to https://tile.openstreetmap.org/5/17/8.png failed with status 400: ., uri=https://tile.openstreetmap.org/5/17/8.png
ClientException: Request to https://tile.openstreetmap.org/5/16/12.png failed with status 400: ., uri=https://tile.openstreetmap.org/5/16/12.png
ClientException: Request to https://tile.openstreetmap.org/5/17/12.png failed with status 400: ., uri=https://tile.openstreetmap.org/5/17/12.png
ClientException: Request to https://tile.openstreetmap.org/5/15/8.png failed with status 400: ., uri=https://tile.openstreetmap.org/5/15/8.png
ClientException: Request to https://tile.openstreetmap.org/5/18/8.png failed with status 400: ., uri=https://tile.openstreetmap.org/5/18/8.png
ClientException: Request to https://tile.openstreetmap.org/5/14/10.png failed with status 400: ., uri=https://tile.openstreetmap.org/5/14/10.png
ClientException: Request to https://tile.openstreetmap.org/5/19/10.png failed with status 400: ., uri=https://tile.openstreetmap.org/5/19/10.png
ClientException: Request to https://tile.openstreetmap.org/5/15/12.png failed with status 400: ., uri=https://tile.openstreetmap.org/5/15/12.png
ClientException: Request to https://tile.openstreetmap.org/5/18/12.png failed with status 400: ., uri=https://tile.openstreetmap.org/5/18/12.png
ClientException: Request to https://tile.openstreetmap.org/5/14/9.png failed with status 400: ., uri=https://tile.openstreetmap.org/5/14/9.png
ClientException: Request to https://tile.openstreetmap.org/5/19/9.png failed with status 400: ., uri=https://tile.openstreetmap.org/5/19/9.png
ClientException: Request to https://tile.openstreetmap.org/5/14/11.png failed with status 400: ., uri=https://tile.openstreetmap.org/5/14/11.png
ClientException: Request to https://tile.openstreetmap.org/5/19/11.png failed with status 400: ., uri=https://tile.openstreetmap.org/5/19/11.png
ClientException: Request to https://tile.openstreetmap.org/5/14/8.png failed with status 400: ., uri=https://tile.openstreetmap.org/5/14/8.png
ClientException: Request to https://tile.openstreetmap.org/5/19/8.png failed with status 400: ., uri=https://tile.openstreetmap.org/5/19/8.png
ClientException: Request to https://tile.openstreetmap.org/5/14/12.png failed with status 400: ., uri=https://tile.openstreetmap.org/5/14/12.png
ClientException: Request to https://tile.openstreetmap.org/5/19/12.png failed with status 400: ., uri=https://tile.openstreetmap.org/5/19/12.png
00:53 +714 -1: /Users/alexandermessinger/dev/claudvibes/reflexjourney/test/features/onboarding/presentation/screens/entry_points_screen_test.dart: renders all 5 area cards                            00:53 +715 -1: /Users/alexandermessinger/dev/claudvibes/reflexjourney/test/features/onboarding/presentation/screens/entry_points_screen_test.dart: renders all 5 area cards                            00:54 +715 -1: /Users/alexandermessinger/dev/claudvibes/reflexjourney/test/features/onboarding/presentation/screens/entry_points_screen_test.dart: renders all 5 area cards                            00:54 +715 -1: /Users/alexandermessinger/dev/claudvibes/reflexjourney/test/features/trainer/trainer_discovery_screen_test.dart: Umkreis leer → eigener Empty-State, CTA wechselt zu „Alle“             
ClientException: Request to https://tile.openstreetmap.org/5/16/10.png failed with status 400: ., uri=https://tile.openstreetmap.org/5/16/10.png
ClientException: Request to https://tile.openstreetmap.org/5/17/10.png failed with status 400: ., uri=https://tile.openstreetmap.org/5/17/10.png
ClientException: Request to https://tile.openstreetmap.org/5/16/9.png failed with status 400: ., uri=https://tile.openstreetmap.org/5/16/9.png
ClientException: Request to https://tile.openstreetmap.org/5/17/9.png failed with status 400: ., uri=https://tile.openstreetmap.org/5/17/9.png
ClientException: Request to https://tile.openstreetmap.org/5/16/11.png failed with status 400: ., uri=https://tile.openstreetmap.org/5/16/11.png
ClientException: Request to https://tile.openstreetmap.org/5/17/11.png failed with status 400: ., uri=https://tile.openstreetmap.org/5/17/11.png
ClientException: Request to https://tile.openstreetmap.org/5/15/10.png failed with status 400: ., uri=https://tile.openstreetmap.org/5/15/10.png
ClientException: Request to https://tile.openstreetmap.org/5/18/10.png failed with status 400: ., uri=https://tile.openstreetmap.org/5/18/10.png
ClientException: Request to https://tile.openstreetmap.org/5/15/9.png failed with status 400: ., uri=https://tile.openstreetmap.org/5/15/9.png
ClientException: Request to https://tile.openstreetmap.org/5/18/9.png failed with status 400: ., uri=https://tile.openstreetmap.org/5/18/9.png
ClientException: Request to https://tile.openstreetmap.org/5/15/11.png failed with status 400: ., uri=https://tile.openstreetmap.org/5/15/11.png
ClientException: Request to https://tile.openstreetmap.org/5/18/11.png failed with status 400: ., uri=https://tile.openstreetmap.org/5/18/11.png
ClientException: Request to https://tile.openstreetmap.org/5/16/8.png failed with status 400: ., uri=https://tile.openstreetmap.org/5/16/8.png
ClientException: Request to https://tile.openstreetmap.org/5/17/8.png failed with status 400: ., uri=https://tile.openstreetmap.org/5/17/8.png
ClientException: Request to https://tile.openstreetmap.org/5/16/12.png failed with status 400: ., uri=https://tile.openstreetmap.org/5/16/12.png
ClientException: Request to https://tile.openstreetmap.org/5/17/12.png failed with status 400: ., uri=https://tile.openstreetmap.org/5/17/12.png
ClientException: Request to https://tile.openstreetmap.org/5/15/8.png failed with status 400: ., uri=https://tile.openstreetmap.org/5/15/8.png
ClientException: Request to https://tile.openstreetmap.org/5/18/8.png failed with status 400: ., uri=https://tile.openstreetmap.org/5/18/8.png
ClientException: Request to https://tile.openstreetmap.org/5/14/10.png failed with status 400: ., uri=https://tile.openstreetmap.org/5/14/10.png
ClientException: Request to https://tile.openstreetmap.org/5/19/10.png failed with status 400: ., uri=https://tile.openstreetmap.org/5/19/10.png
ClientException: Request to https://tile.openstreetmap.org/5/15/12.png failed with status 400: ., uri=https://tile.openstreetmap.org/5/15/12.png
ClientException: Request to https://tile.openstreetmap.org/5/18/12.png failed with status 400: ., uri=https://tile.openstreetmap.org/5/18/12.png
ClientException: Request to https://tile.openstreetmap.org/5/14/9.png failed with status 400: ., uri=https://tile.openstreetmap.org/5/14/9.png
ClientException: Request to https://tile.openstreetmap.org/5/19/9.png failed with status 400: ., uri=https://tile.openstreetmap.org/5/19/9.png
ClientException: Request to https://tile.openstreetmap.org/5/14/11.png failed with status 400: ., uri=https://tile.openstreetmap.org/5/14/11.png
ClientException: Request to https://tile.openstreetmap.org/5/19/11.png failed with status 400: ., uri=https://tile.openstreetmap.org/5/19/11.png
ClientException: Request to https://tile.openstreetmap.org/5/14/8.png failed with status 400: ., uri=https://tile.openstreetmap.org/5/14/8.png
ClientException: Request to https://tile.openstreetmap.org/5/19/8.png failed with status 400: ., uri=https://tile.openstreetmap.org/5/19/8.png
ClientException: Request to https://tile.openstreetmap.org/5/14/12.png failed with status 400: ., uri=https://tile.openstreetmap.org/5/14/12.png
ClientException: Request to https://tile.openstreetmap.org/5/19/12.png failed with status 400: ., uri=https://tile.openstreetmap.org/5/19/12.png
ClientException: Request to https://tile.openstreetmap.org/5/16/10.png failed with status 400: ., uri=https://tile.openstreetmap.org/5/16/10.png
ClientException: Request to https://tile.openstreetmap.org/5/17/10.png failed with status 400: ., uri=https://tile.openstreetmap.org/5/17/10.png
ClientException: Request to https://tile.openstreetmap.org/5/16/11.png failed with status 400: ., uri=https://tile.openstreetmap.org/5/16/11.png
ClientException: Request to https://tile.openstreetmap.org/5/17/11.png failed with status 400: ., uri=https://tile.openstreetmap.org/5/17/11.png
ClientException: Request to https://tile.openstreetmap.org/5/16/9.png failed with status 400: ., uri=https://tile.openstreetmap.org/5/16/9.png
ClientException: Request to https://tile.openstreetmap.org/5/17/9.png failed with status 400: ., uri=https://tile.openstreetmap.org/5/17/9.png
ClientException: Request to https://tile.openstreetmap.org/5/15/10.png failed with status 400: ., uri=https://tile.openstreetmap.org/5/15/10.png
ClientException: Request to https://tile.openstreetmap.org/5/18/10.png failed with status 400: ., uri=https://tile.openstreetmap.org/5/18/10.png
ClientException: Request to https://tile.openstreetmap.org/5/15/11.png failed with status 400: ., uri=https://tile.openstreetmap.org/5/15/11.png
ClientException: Request to https://tile.openstreetmap.org/5/18/11.png failed with status 400: ., uri=https://tile.openstreetmap.org/5/18/11.png
ClientException: Request to https://tile.openstreetmap.org/5/16/12.png failed with status 400: ., uri=https://tile.openstreetmap.org/5/16/12.png
ClientException: Request to https://tile.openstreetmap.org/5/17/12.png failed with status 400: ., uri=https://tile.openstreetmap.org/5/17/12.png
ClientException: Request to https://tile.openstreetmap.org/5/15/9.png failed with status 400: ., uri=https://tile.openstreetmap.org/5/15/9.png
ClientException: Request to https://tile.openstreetmap.org/5/18/9.png failed with status 400: ., uri=https://tile.openstreetmap.org/5/18/9.png
ClientException: Request to https://tile.openstreetmap.org/5/15/12.png failed with status 400: ., uri=https://tile.openstreetmap.org/5/15/12.png
ClientException: Request to https://tile.openstreetmap.org/5/18/12.png failed with status 400: ., uri=https://tile.openstreetmap.org/5/18/12.png
ClientException: Request to https://tile.openstreetmap.org/5/14/10.png failed with status 400: ., uri=https://tile.openstreetmap.org/5/14/10.png
ClientException: Request to https://tile.openstreetmap.org/5/19/10.png failed with status 400: ., uri=https://tile.openstreetmap.org/5/19/10.png
ClientException: Request to https://tile.openstreetmap.org/5/14/11.png failed with status 400: ., uri=https://tile.openstreetmap.org/5/14/11.png
ClientException: Request to https://tile.openstreetmap.org/5/19/11.png failed with status 400: ., uri=https://tile.openstreetmap.org/5/19/11.png
ClientException: Request to https://tile.openstreetmap.org/5/14/9.png failed with status 400: ., uri=https://tile.openstreetmap.org/5/14/9.png
ClientException: Request to https://tile.openstreetmap.org/5/19/9.png failed with status 400: ., uri=https://tile.openstreetmap.org/5/19/9.png
ClientException: Request to https://tile.openstreetmap.org/5/14/12.png failed with status 400: ., uri=https://tile.openstreetmap.org/5/14/12.png
ClientException: Request to https://tile.openstreetmap.org/5/19/12.png failed with status 400: ., uri=https://tile.openstreetmap.org/5/19/12.png
00:54 +716 -1: /Users/alexandermessinger/dev/claudvibes/reflexjourney/test/features/onboarding/presentation/screens/entry_points_screen_test.dart: renders all 5 area cards                            00:54 +716 -1: /Users/alexandermessinger/dev/claudvibes/reflexjourney/test/features/trainer/trainer_discovery_screen_test.dart: Ladefehler → gestalteter Error-State, Retry lädt neu                   
ClientException: Request to https://tile.openstreetmap.org/5/16/10.png failed with status 400: ., uri=https://tile.openstreetmap.org/5/16/10.png
ClientException: Request to https://tile.openstreetmap.org/5/17/10.png failed with status 400: ., uri=https://tile.openstreetmap.org/5/17/10.png
ClientException: Request to https://tile.openstreetmap.org/5/16/9.png failed with status 400: ., uri=https://tile.openstreetmap.org/5/16/9.png
ClientException: Request to https://tile.openstreetmap.org/5/17/9.png failed with status 400: ., uri=https://tile.openstreetmap.org/5/17/9.png
ClientException: Request to https://tile.openstreetmap.org/5/16/11.png failed with status 400: ., uri=https://tile.openstreetmap.org/5/16/11.png
ClientException: Request to https://tile.openstreetmap.org/5/17/11.png failed with status 400: ., uri=https://tile.openstreetmap.org/5/17/11.png
ClientException: Request to https://tile.openstreetmap.org/5/15/10.png failed with status 400: ., uri=https://tile.openstreetmap.org/5/15/10.png
ClientException: Request to https://tile.openstreetmap.org/5/18/10.png failed with status 400: ., uri=https://tile.openstreetmap.org/5/18/10.png
ClientException: Request to https://tile.openstreetmap.org/5/15/9.png failed with status 400: ., uri=https://tile.openstreetmap.org/5/15/9.png
ClientException: Request to https://tile.openstreetmap.org/5/18/9.png failed with status 400: ., uri=https://tile.openstreetmap.org/5/18/9.png
ClientException: Request to https://tile.openstreetmap.org/5/15/11.png failed with status 400: ., uri=https://tile.openstreetmap.org/5/15/11.png
ClientException: Request to https://tile.openstreetmap.org/5/18/11.png failed with status 400: ., uri=https://tile.openstreetmap.org/5/18/11.png
ClientException: Request to https://tile.openstreetmap.org/5/16/8.png failed with status 400: ., uri=https://tile.openstreetmap.org/5/16/8.png
ClientException: Request to https://tile.openstreetmap.org/5/17/8.png failed with status 400: ., uri=https://tile.openstreetmap.org/5/17/8.png
ClientException: Request to https://tile.openstreetmap.org/5/16/12.png failed with status 400: ., uri=https://tile.openstreetmap.org/5/16/12.png
ClientException: Request to https://tile.openstreetmap.org/5/17/12.png failed with status 400: ., uri=https://tile.openstreetmap.org/5/17/12.png
ClientException: Request to https://tile.openstreetmap.org/5/15/8.png failed with status 400: ., uri=https://tile.openstreetmap.org/5/15/8.png
ClientException: Request to https://tile.openstreetmap.org/5/18/8.png failed with status 400: ., uri=https://tile.openstreetmap.org/5/18/8.png
ClientException: Request to https://tile.openstreetmap.org/5/14/10.png failed with status 400: ., uri=https://tile.openstreetmap.org/5/14/10.png
ClientException: Request to https://tile.openstreetmap.org/5/19/10.png failed with status 400: ., uri=https://tile.openstreetmap.org/5/19/10.png
ClientException: Request to https://tile.openstreetmap.org/5/15/12.png failed with status 400: ., uri=https://tile.openstreetmap.org/5/15/12.png
ClientException: Request to https://tile.openstreetmap.org/5/18/12.png failed with status 400: ., uri=https://tile.openstreetmap.org/5/18/12.png
ClientException: Request to https://tile.openstreetmap.org/5/14/9.png failed with status 400: ., uri=https://tile.openstreetmap.org/5/14/9.png
ClientException: Request to https://tile.openstreetmap.org/5/19/9.png failed with status 400: ., uri=https://tile.openstreetmap.org/5/19/9.png
ClientException: Request to https://tile.openstreetmap.org/5/14/11.png failed with status 400: ., uri=https://tile.openstreetmap.org/5/14/11.png
ClientException: Request to https://tile.openstreetmap.org/5/19/11.png failed with status 400: ., uri=https://tile.openstreetmap.org/5/19/11.png
ClientException: Request to https://tile.openstreetmap.org/5/14/8.png failed with status 400: ., uri=https://tile.openstreetmap.org/5/14/8.png
ClientException: Request to https://tile.openstreetmap.org/5/19/8.png failed with status 400: ., uri=https://tile.openstreetmap.org/5/19/8.png
ClientException: Request to https://tile.openstreetmap.org/5/14/12.png failed with status 400: ., uri=https://tile.openstreetmap.org/5/14/12.png
ClientException: Request to https://tile.openstreetmap.org/5/19/12.png failed with status 400: ., uri=https://tile.openstreetmap.org/5/19/12.png
00:54 +717 -1: /Users/alexandermessinger/dev/claudvibes/reflexjourney/test/features/onboarding/presentation/screens/entry_points_screen_test.dart: renders all 5 area cards                            00:54 +718 -1: /Users/alexandermessinger/dev/claudvibes/reflexjourney/test/features/onboarding/presentation/screens/entry_points_screen_test.dart: renders all 5 area cards                            00:54 +718 -1: /Users/alexandermessinger/dev/claudvibes/reflexjourney/test/features/onboarding/presentation/screens/entry_points_screen_test.dart: card detail hidden by default, shown after tap      00:54 +719 -1: /Users/alexandermessinger/dev/claudvibes/reflexjourney/test/features/onboarding/presentation/screens/entry_points_screen_test.dart: card detail hidden by default, shown after tap      00:54 +719 -1: /Users/alexandermessinger/dev/claudvibes/reflexjourney/test/features/onboarding/presentation/screens/entry_points_screen_test.dart: chip tap updates provider selection                 00:54 +720 -1: /Users/alexandermessinger/dev/claudvibes/reflexjourney/test/features/onboarding/presentation/screens/entry_points_screen_test.dart: chip tap updates provider selection                 00:54 +720 -1: /Users/alexandermessinger/dev/claudvibes/reflexjourney/test/features/onboarding/presentation/screens/entry_points_screen_test.dart: Weiter button is always active                      00:54 +721 -1: /Users/alexandermessinger/dev/claudvibes/reflexjourney/test/features/onboarding/presentation/screens/entry_points_screen_test.dart: Weiter button is always active                      00:54 +721 -1: /Users/alexandermessinger/dev/claudvibes/reflexjourney/test/features/onboarding/presentation/screens/entry_points_screen_test.dart: Weiter button navigates to dashboard                00:54 +722 -1: /Users/alexandermessinger/dev/claudvibes/reflexjourney/test/features/onboarding/presentation/screens/entry_points_screen_test.dart: Weiter button navigates to dashboard                00:54 +722 -1: Some tests failed.                                                                                                                                                                      
make: *** [release-readiness-mobile] Error 1
