python3 scripts/i18n_check.py
i18n check passed: app_en.arb has 1296 message keys in parity with the DE template.
python3 scripts/i18n_quality_check.py
i18n quality check passed: 1296 English message keys checked.
flutter analyze --no-fatal-infos
Resolving dependencies...
Downloading packages...
  _fe_analyzer_shared 93.0.0 (107.0.0 available)
  _flutterfire_internals 1.3.59 (1.3.77 available)
  agora_rtc_engine 6.5.3 (6.6.4 available)
  analyzer 10.0.1 (14.3.0 available)
  app_links 7.0.0 (7.2.1 available)
  app_links_platform_interface 2.0.2 (2.0.4 available)
  archive 4.0.9 (4.2.0 available)
  async 2.13.0 (2.13.1 available)
  audioplayers 6.6.0 (6.8.1 available)
  audioplayers_android 5.2.1 (5.3.0 available)
  audioplayers_darwin 6.4.0 (6.5.0 available)
  audioplayers_linux 4.2.1 (4.3.0 available)
  audioplayers_platform_interface 7.1.1 (7.2.0 available)
  audioplayers_web 5.2.0 (5.3.0 available)
  audioplayers_windows 4.3.0 (4.4.1 available)
  build 4.0.5 (4.0.11 available)
  build_config 1.3.0 (1.3.3 available)
  build_daemon 4.1.1 (4.1.6 available)
  build_runner 2.13.1 (2.16.1 available)
  built_value 8.12.4 (8.13.0 available)
  cached_network_image 3.4.1 (4.0.0 available)
  cached_network_image_platform_interface 4.1.1 (5.0.0 available)
  cached_network_image_web 1.3.1 (2.0.0 available)
  characters 1.4.0 (1.4.1 available)
  cli_util 0.4.2 (0.6.0 available)
  clock 1.1.2 (1.1.3 available)
  code_builder 4.11.1 (4.12.0 available)
  connectivity_plus 6.1.5 (7.3.1 available)
  connectivity_plus_platform_interface 2.0.1 (2.1.0 available)
  cross_file 0.3.5+2 (0.3.5+5 available)
  cupertino_icons 1.0.8 (1.0.9 available)
  dart_jsonwebtoken 3.3.2 (3.4.1 available)
  dart_style 3.1.7 (3.1.13 available)
  dbus 0.7.12 (0.7.15 available)
  drift 2.31.0 (2.34.4 available)
  drift_dev 2.31.0 (2.34.6 available)
  drift_flutter 0.2.8 (0.3.1 available)
  ed25519_edwards 0.3.1 (0.3.2 available)
  equatable 2.0.8 (2.1.0 available)
  firebase_core 3.15.2 (4.14.0 available)
  firebase_core_platform_interface 6.0.3 (8.1.1 available)
  firebase_core_web 2.24.1 (3.11.0 available)
  firebase_messaging 15.2.10 (16.6.0 available)
  firebase_messaging_platform_interface 4.6.10 (4.10.0 available)
  firebase_messaging_web 3.10.10 (4.2.5 available)
  fl_chart 0.69.2 (1.2.0 available)
  flutter_cache_manager 3.4.1 (3.4.2 available)
  flutter_dotenv 5.2.1 (6.0.1 available)
  flutter_lints 4.0.0 (6.0.0 available)
  flutter_local_notifications 19.5.0 (22.3.0 available)
  flutter_local_notifications_linux 6.0.0 (8.0.1 available)
  flutter_local_notifications_platform_interface 9.1.0 (12.2.0 available)
  flutter_local_notifications_windows 1.0.3 (3.1.1 available)
  flutter_map 7.0.2 (8.3.2 available)
  flutter_riverpod 2.6.1 (3.4.3 available)
  functions_client 2.5.0 (2.7.1 available)
  geolocator 13.0.4 (14.0.3 available)
  geolocator_android 4.6.2 (5.0.3 available)
  geolocator_apple 2.3.13 (2.3.14 available)
  geolocator_platform_interface 4.2.6 (4.3.0 available)
  geolocator_web 4.1.3 (4.1.4 available)
  glob 2.1.3 (2.2.0 available)
  go_router 14.8.1 (18.0.1 available)
  google_fonts 6.3.3 (8.2.1 available)
  google_sign_in_android 7.2.11 (7.2.17 available)
  google_sign_in_ios 6.3.0 (6.3.3 available)
  gotrue 2.20.0 (2.27.2 available)
  gtk 2.1.0 (2.2.0 available)
  html 0.15.6 (0.15.7 available)
  image 4.8.0 (4.9.2 available)
  intl 0.20.2 (0.20.3 available)
  io 1.0.5 (1.1.0 available)
  iris_method_channel 2.2.5 (2.2.7 available)
  json_annotation 4.11.0 (4.12.0 available)
  latlong2 0.9.1 (0.10.1 available)
  lints 4.0.0 (6.1.0 available)
  matcher 0.12.17 (0.12.20 available)
  material_color_utilities 0.11.1 (0.13.1 available)
  meta 1.17.0 (1.19.0 available)
  mgrs_dart 2.0.0 (3.0.0 available)
  mime 2.0.0 (2.1.0 available)
  mocktail 1.0.4 (1.0.5 available)
  package_config 2.2.0 (3.0.0 available)
  package_info_plus 8.3.1 (10.2.1 available)
  package_info_plus_platform_interface 3.2.1 (4.1.0 available)
  path_provider 2.1.5 (2.1.6 available)
  path_provider_android 2.2.22 (2.3.1 available)
  path_provider_foundation 2.5.1 (2.6.0 available)
  path_provider_linux 2.2.1 (2.2.2 available)
  path_provider_platform_interface 2.1.2 (2.1.3 available)
  pdf 3.12.0 (3.13.0 available)
  permission_handler 11.4.0 (13.0.2 available)
  permission_handler_android 12.1.0 (14.1.0 available)
  permission_handler_apple 9.4.7 (9.6.1 available)
  permission_handler_html 0.1.3+5 (0.1.4+1 available)
  permission_handler_platform_interface 4.3.0 (4.4.1 available)
  permission_handler_windows 0.2.1 (0.2.2 available)
  pool 1.5.2 (1.5.3 available)
  posix 6.5.0 (6.5.2 available)
  postgrest 2.7.0 (2.9.1 available)
  proj4dart 2.1.0 (3.0.0 available)
  pub_semver 2.2.0 (2.2.1 available)
  pubspec_parse 1.5.0 (1.6.0 available)
  qr 3.0.2 (4.0.0 available)
  realtime_client 2.7.3 (2.13.0 available)
  riverpod 2.6.1 (3.4.3 available)
  sentry 8.14.2 (9.29.0 available)
  sentry_flutter 8.14.2 (9.29.0 available)
  share_plus 10.1.4 (13.3.0 available)
  share_plus_platform_interface 5.0.2 (7.2.0 available)
  shared_preferences 2.5.4 (2.5.5 available)
  shared_preferences_android 2.4.21 (2.4.28 available)
  shared_preferences_foundation 2.5.6 (2.5.7 available)
  shared_preferences_platform_interface 2.4.1 (2.4.2 available)
  sign_in_with_apple 7.0.1 (8.2.0 available)
  source_gen 4.2.2 (4.3.0 available)
  sqflite 2.4.2 (2.4.3 available)
  sqflite_android 2.4.2+3 (2.4.3 available)
  sqflite_common 2.5.6 (2.5.11 available)
  sqflite_darwin 2.4.2 (2.4.3+1 available)
  sqflite_platform_interface 2.4.0 (2.4.1 available)
  sqlite3 2.9.4 (3.5.2 available)
  sqlite3_flutter_libs 0.5.42 (0.6.0+eol available)
  sqlparser 0.43.1 (0.45.0 available)
  stack_trace 1.12.1 (1.12.2 available)
  storage_client 2.5.2 (2.8.0 available)
  stream_transform 2.1.1 (2.1.2 available)
  supabase 2.10.6 (2.16.1 available)
  supabase_flutter 2.12.4 (2.17.2 available)
  synchronized 3.4.0 (3.4.1+2 available)
  test_api 0.7.7 (0.7.14 available)
! timezone 0.10.1 (overridden) (0.11.1 available)
  unicode 0.3.1 (1.1.9 available)
  url_launcher_android 6.3.28 (6.3.33 available)
  url_launcher_ios 6.4.1 (6.4.2 available)
  url_launcher_linux 3.2.2 (3.2.3 available)
  url_launcher_macos 3.2.5 (3.2.6 available)
  url_launcher_web 2.4.2 (2.4.3 available)
  url_launcher_windows 3.1.5 (3.1.6 available)
  uuid 4.5.3 (4.6.0 available)
  vector_math 2.2.0 (2.4.2 available)
  video_player 2.11.1 (2.14.0 available)
  video_player_android 2.9.4 (2.12.2 available)
  video_player_avfoundation 2.9.4 (2.11.1 available)
  video_player_platform_interface 6.6.0 (6.9.0 available)
  vm_service 15.0.2 (15.3.0 available)
  wakelock_plus 1.3.3 (1.8.0 available)
  wakelock_plus_platform_interface 1.4.0 (1.7.0 available)
  win32 5.15.0 (6.4.0 available)
  xml 6.6.1 (7.0.1 available)
  yaml 3.1.3 (3.1.4 available)
  yet_another_json_isolate 2.1.0 (2.1.1 available)
Got dependencies!
152 packages have newer versions incompatible with dependency constraints.
Try `flutter pub outdated` for more information.
Analyzing reflexjourney...                                      

   info • Parameter 'output' could be a super parameter • lib/core/logging/app_logger.dart:7:3 • use_super_parameters
   info • 'extra' is deprecated and shouldn't be used. Additional Data is deprecated in favor of structured [Contexts] and should be avoided when possible • lib/core/monitoring/sentry_service.dart:103:11 • deprecated_member_use
   info • Statements in an if should be enclosed in a block • lib/core/sync/sync_service.dart:123:9 • curly_braces_in_flow_control_structures
   info • Use 'const' with the constructor to improve performance • lib/features/assessment/domain/services/reflex_profile_pdf_radar.dart:15:29 • prefer_const_constructors
   info • Use 'const' with the constructor to improve performance • lib/features/assessment/domain/services/reflex_profile_pdf_radar.dart:17:33 • prefer_const_constructors
   info • Use 'const' for final variables initialized to a constant value • lib/features/assessment/domain/services/reflex_profile_pdf_radar.dart:47:3 • prefer_const_declarations
   info • Don't use 'BuildContext's across async gaps • lib/features/assessment/presentation/screens/reflex_profile_screen.dart:170:31 • use_build_context_synchronously
   info • Don't use 'BuildContext's across async gaps • lib/features/assessment/presentation/screens/reflex_profile_screen.dart:190:38 • use_build_context_synchronously
   info • Don't use 'BuildContext's across async gaps • lib/features/assessment/presentation/screens/reflex_profile_screen.dart:398:38 • use_build_context_synchronously
   info • Use 'const' with the constructor to improve performance • lib/features/assessment/presentation/screens/reflex_profile_screen.dart:818:23 • prefer_const_constructors
   info • Use 'const' with the constructor to improve performance • lib/features/assessment/presentation/widgets/adult_reflex_profile_result_view.dart:238:9 • prefer_const_constructors
   info • Use 'const' with the constructor to improve performance • lib/features/experience/presentation/screens/experience_feed_screen.dart:67:19 • prefer_const_constructors
   info • Use 'const' with the constructor to improve performance • lib/features/experience/presentation/widgets/experience_card.dart:49:28 • prefer_const_constructors
   info • Use 'const' with the constructor to improve performance • lib/features/trainer/presentation/screens/appointment_proposal_screen.dart:287:32 • prefer_const_constructors
   info • Don't use 'BuildContext's across async gaps • lib/features/trainer/presentation/screens/trainer_dashboard_screen.dart:1289:43 • use_build_context_synchronously
   info • Don't use 'BuildContext's across async gaps • lib/features/trainer/presentation/screens/trainer_dashboard_screen.dart:1308:33 • use_build_context_synchronously
   info • 'announce' is deprecated and shouldn't be used. Use sendAnnouncement instead. This API is incompatible with multiple windows. This feature was deprecated after v3.35.0-0.1.pre • lib/features/training/presentation/screens/training_exercise_screen.dart:175:22 • deprecated_member_use
   info • 'withOpacity' is deprecated and shouldn't be used. Use .withValues() to avoid precision loss • lib/features/training/presentation/screens/training_exercise_screen.dart:283:50 • deprecated_member_use
   info • 'withOpacity' is deprecated and shouldn't be used. Use .withValues() to avoid precision loss • lib/features/training/presentation/screens/training_exercise_screen.dart:284:52 • deprecated_member_use
   info • 'withOpacity' is deprecated and shouldn't be used. Use .withValues() to avoid precision loss • lib/features/training/presentation/screens/training_exercise_screen.dart:326:40 • deprecated_member_use
   info • 'withOpacity' is deprecated and shouldn't be used. Use .withValues() to avoid precision loss • lib/features/training/presentation/screens/training_exercise_screen.dart:361:44 • deprecated_member_use
   info • 'withOpacity' is deprecated and shouldn't be used. Use .withValues() to avoid precision loss • lib/features/training/presentation/screens/training_exercise_screen.dart:373:44 • deprecated_member_use
   info • 'withOpacity' is deprecated and shouldn't be used. Use .withValues() to avoid precision loss • lib/features/training/presentation/screens/training_exercise_screen.dart:384:60 • deprecated_member_use
   info • 'withOpacity' is deprecated and shouldn't be used. Use .withValues() to avoid precision loss • lib/features/training/presentation/screens/training_exercise_screen.dart:387:62 • deprecated_member_use
   info • 'withOpacity' is deprecated and shouldn't be used. Use .withValues() to avoid precision loss • lib/features/training/presentation/screens/training_exercise_screen.dart:547:56 • deprecated_member_use
   info • 'withOpacity' is deprecated and shouldn't be used. Use .withValues() to avoid precision loss • lib/features/training/presentation/screens/training_movement_screen.dart:62:50 • deprecated_member_use
   info • 'withOpacity' is deprecated and shouldn't be used. Use .withValues() to avoid precision loss • lib/features/training/presentation/screens/training_movement_screen.dart:63:52 • deprecated_member_use
   info • 'withOpacity' is deprecated and shouldn't be used. Use .withValues() to avoid precision loss • lib/features/training/presentation/screens/training_movement_screen.dart:84:32 • deprecated_member_use
   info • 'withOpacity' is deprecated and shouldn't be used. Use .withValues() to avoid precision loss • lib/features/training/presentation/screens/training_movement_screen.dart:89:49 • deprecated_member_use
   info • 'withOpacity' is deprecated and shouldn't be used. Use .withValues() to avoid precision loss • lib/features/training/presentation/screens/training_movement_screen.dart:130:61 • deprecated_member_use
   info • 'withOpacity' is deprecated and shouldn't be used. Use .withValues() to avoid precision loss • lib/features/training/presentation/screens/training_movement_screen.dart:136:40 • deprecated_member_use
   info • 'withOpacity' is deprecated and shouldn't be used. Use .withValues() to avoid precision loss • lib/features/training/presentation/screens/training_movement_screen.dart:168:44 • deprecated_member_use
   info • 'withOpacity' is deprecated and shouldn't be used. Use .withValues() to avoid precision loss • lib/features/training/presentation/screens/training_movement_screen.dart:171:46 • deprecated_member_use
   info • 'withOpacity' is deprecated and shouldn't be used. Use .withValues() to avoid precision loss • lib/features/training/presentation/screens/training_movement_screen.dart:217:56 • deprecated_member_use
   info • 'withOpacity' is deprecated and shouldn't be used. Use .withValues() to avoid precision loss • lib/features/training/presentation/screens/training_outro_screen.dart:70:34 • deprecated_member_use
   info • 'withOpacity' is deprecated and shouldn't be used. Use .withValues() to avoid precision loss • lib/features/training/presentation/screens/training_outro_screen.dart:86:32 • deprecated_member_use
   info • 'withOpacity' is deprecated and shouldn't be used. Use .withValues() to avoid precision loss • lib/features/training/presentation/screens/training_outro_screen.dart:112:42 • deprecated_member_use
   info • 'withOpacity' is deprecated and shouldn't be used. Use .withValues() to avoid precision loss • lib/features/training/presentation/screens/training_outro_screen.dart:133:62 • deprecated_member_use
   info • 'withOpacity' is deprecated and shouldn't be used. Use .withValues() to avoid precision loss • lib/features/training/presentation/screens/training_outro_screen.dart:136:64 • deprecated_member_use
   info • 'withOpacity' is deprecated and shouldn't be used. Use .withValues() to avoid precision loss • lib/features/training/presentation/screens/training_outro_screen.dart:240:57 • deprecated_member_use
   info • 'withOpacity' is deprecated and shouldn't be used. Use .withValues() to avoid precision loss • lib/features/training/presentation/screens/training_position_screen.dart:61:50 • deprecated_member_use
   info • 'withOpacity' is deprecated and shouldn't be used. Use .withValues() to avoid precision loss • lib/features/training/presentation/screens/training_position_screen.dart:62:52 • deprecated_member_use
   info • 'withOpacity' is deprecated and shouldn't be used. Use .withValues() to avoid precision loss • lib/features/training/presentation/screens/training_position_screen.dart:81:30 • deprecated_member_use
   info • 'withOpacity' is deprecated and shouldn't be used. Use .withValues() to avoid precision loss • lib/features/training/presentation/screens/training_position_screen.dart:86:47 • deprecated_member_use
   info • 'withOpacity' is deprecated and shouldn't be used. Use .withValues() to avoid precision loss • lib/features/training/presentation/screens/training_position_screen.dart:126:61 • deprecated_member_use
   info • 'withOpacity' is deprecated and shouldn't be used. Use .withValues() to avoid precision loss • lib/features/training/presentation/screens/training_position_screen.dart:132:40 • deprecated_member_use
   info • 'withOpacity' is deprecated and shouldn't be used. Use .withValues() to avoid precision loss • lib/features/training/presentation/screens/training_preparation_screen.dart:38:50 • deprecated_member_use
   info • 'withOpacity' is deprecated and shouldn't be used. Use .withValues() to avoid precision loss • lib/features/training/presentation/screens/training_preparation_screen.dart:39:52 • deprecated_member_use
   info • 'withOpacity' is deprecated and shouldn't be used. Use .withValues() to avoid precision loss • lib/features/training/presentation/screens/training_preparation_screen.dart:54:26 • deprecated_member_use
   info • 'withOpacity' is deprecated and shouldn't be used. Use .withValues() to avoid precision loss • lib/features/training/presentation/screens/training_preparation_screen.dart:76:58 • deprecated_member_use
   info • 'withOpacity' is deprecated and shouldn't be used. Use .withValues() to avoid precision loss • lib/features/training/presentation/widgets/animated_progress_bar.dart:94:35 • deprecated_member_use
   info • 'withOpacity' is deprecated and shouldn't be used. Use .withValues() to avoid precision loss • lib/features/training/presentation/widgets/animated_progress_bar.dart:102:39 • deprecated_member_use
   info • 'withOpacity' is deprecated and shouldn't be used. Use .withValues() to avoid precision loss • lib/features/training/presentation/widgets/animated_progress_bar.dart:126:56 • deprecated_member_use
   info • 'withOpacity' is deprecated and shouldn't be used. Use .withValues() to avoid precision loss • lib/features/training/presentation/widgets/animated_progress_bar.dart:201:32 • deprecated_member_use
   info • 'withOpacity' is deprecated and shouldn't be used. Use .withValues() to avoid precision loss • lib/features/training/presentation/widgets/animated_progress_bar.dart:208:32 • deprecated_member_use
   info • 'withOpacity' is deprecated and shouldn't be used. Use .withValues() to avoid precision loss • lib/features/training/presentation/widgets/animated_progress_bar.dart:276:60 • deprecated_member_use
   info • Use 'const' with the constructor to improve performance • lib/features/training/presentation/widgets/animated_progress_bar.dart:284:17 • prefer_const_constructors
   info • Statements in an if should be enclosed in a block • lib/features/training/presentation/widgets/animated_progress_bar.dart:297:7 • curly_braces_in_flow_control_structures
   info • Statements in an if should be enclosed in a block • lib/features/training/presentation/widgets/animated_progress_bar.dart:300:7 • curly_braces_in_flow_control_structures
   info • 'withOpacity' is deprecated and shouldn't be used. Use .withValues() to avoid precision loss • lib/features/training/presentation/widgets/animated_trophy.dart:87:36 • deprecated_member_use
   info • 'withOpacity' is deprecated and shouldn't be used. Use .withValues() to avoid precision loss • lib/features/training/presentation/widgets/arc_swap_visualizer.dart:123:37 • deprecated_member_use
   info • 'withOpacity' is deprecated and shouldn't be used. Use .withValues() to avoid precision loss • lib/features/training/presentation/widgets/arc_swap_visualizer.dart:124:24 • deprecated_member_use
   info • 'withOpacity' is deprecated and shouldn't be used. Use .withValues() to avoid precision loss • lib/features/training/presentation/widgets/arc_swap_visualizer.dart:127:37 • deprecated_member_use
   info • 'withOpacity' is deprecated and shouldn't be used. Use .withValues() to avoid precision loss • lib/features/training/presentation/widgets/arc_swap_visualizer.dart:128:24 • deprecated_member_use
   info • 'withOpacity' is deprecated and shouldn't be used. Use .withValues() to avoid precision loss • lib/features/training/presentation/widgets/arc_swap_visualizer.dart:299:45 • deprecated_member_use
   info • Use 'const' with the constructor to improve performance • lib/features/training/presentation/widgets/exercise_movement_widget.dart:214:21 • prefer_const_constructors
   info • Use 'const' with the constructor to improve performance • lib/features/training/presentation/widgets/exercise_movement_widget.dart:219:21 • prefer_const_constructors
   info • Use 'const' with the constructor to improve performance • lib/features/training/presentation/widgets/exercise_movement_widget.dart:287:36 • prefer_const_constructors
   info • Use 'const' with the constructor to improve performance • lib/features/training/presentation/widgets/exercise_movement_widget.dart:329:22 • prefer_const_constructors
   info • Use 'const' with the constructor to improve performance • lib/features/training/presentation/widgets/exercise_rest_widget.dart:71:20 • prefer_const_constructors
   info • Use 'const' with the constructor to improve performance • lib/features/training/presentation/widgets/exercise_rest_widget.dart:77:20 • prefer_const_constructors
   info • 'withOpacity' is deprecated and shouldn't be used. Use .withValues() to avoid precision loss • lib/features/training/presentation/widgets/parallel_lines_visualizer.dart:174:37 • deprecated_member_use
   info • 'withOpacity' is deprecated and shouldn't be used. Use .withValues() to avoid precision loss • lib/features/training/presentation/widgets/parallel_lines_visualizer.dart:175:24 • deprecated_member_use
   info • 'withOpacity' is deprecated and shouldn't be used. Use .withValues() to avoid precision loss • lib/features/training/presentation/widgets/parallel_lines_visualizer.dart:178:37 • deprecated_member_use
   info • 'withOpacity' is deprecated and shouldn't be used. Use .withValues() to avoid precision loss • lib/features/training/presentation/widgets/parallel_lines_visualizer.dart:179:24 • deprecated_member_use
   info • 'withOpacity' is deprecated and shouldn't be used. Use .withValues() to avoid precision loss • lib/features/training/presentation/widgets/parallel_lines_visualizer.dart:301:45 • deprecated_member_use
   info • 'withOpacity' is deprecated and shouldn't be used. Use .withValues() to avoid precision loss • lib/features/training/presentation/widgets/premium_glassmorphic_card.dart:38:46 • deprecated_member_use
   info • 'withOpacity' is deprecated and shouldn't be used. Use .withValues() to avoid precision loss • lib/features/training/presentation/widgets/premium_glassmorphic_card.dart:42:62 • deprecated_member_use
   info • 'withOpacity' is deprecated and shouldn't be used. Use .withValues() to avoid precision loss • lib/features/training/presentation/widgets/premium_glassmorphic_card.dart:47:50 • deprecated_member_use
   info • 'withOpacity' is deprecated and shouldn't be used. Use .withValues() to avoid precision loss • lib/features/training/presentation/widgets/rhythm_visualizer.dart:419:37 • deprecated_member_use
   info • 'withOpacity' is deprecated and shouldn't be used. Use .withValues() to avoid precision loss • lib/features/training/presentation/widgets/rhythm_visualizer.dart:420:24 • deprecated_member_use
   info • 'withOpacity' is deprecated and shouldn't be used. Use .withValues() to avoid precision loss • lib/features/training/presentation/widgets/rhythm_visualizer.dart:423:37 • deprecated_member_use
   info • 'withOpacity' is deprecated and shouldn't be used. Use .withValues() to avoid precision loss • lib/features/training/presentation/widgets/rhythm_visualizer.dart:424:24 • deprecated_member_use
   info • 'withOpacity' is deprecated and shouldn't be used. Use .withValues() to avoid precision loss • lib/features/training/presentation/widgets/rhythm_visualizer.dart:471:42 • deprecated_member_use
   info • 'withOpacity' is deprecated and shouldn't be used. Use .withValues() to avoid precision loss • lib/features/training/presentation/widgets/rhythm_visualizer.dart:671:59 • deprecated_member_use
   info • 'withOpacity' is deprecated and shouldn't be used. Use .withValues() to avoid precision loss • lib/features/training/presentation/widgets/rhythm_visualizer.dart:686:59 • deprecated_member_use
   info • 'withOpacity' is deprecated and shouldn't be used. Use .withValues() to avoid precision loss • lib/features/training/presentation/widgets/rhythm_visualizer.dart:752:41 • deprecated_member_use
   info • 'withOpacity' is deprecated and shouldn't be used. Use .withValues() to avoid precision loss • lib/features/training/presentation/widgets/rhythm_visualizer.dart:795:23 • deprecated_member_use
   info • 'groupValue' is deprecated and shouldn't be used. Use a RadioGroup ancestor to manage group value instead. This feature was deprecated after v3.32.0-0.0.pre • lib/features/training/presentation/widgets/training_anchor_sheet.dart:121:17 • deprecated_member_use
   info • 'onChanged' is deprecated and shouldn't be used. Use RadioGroup to handle value change instead. This feature was deprecated after v3.32.0-0.0.pre • lib/features/training/presentation/widgets/training_anchor_sheet.dart:122:17 • deprecated_member_use
   info • 'withOpacity' is deprecated and shouldn't be used. Use .withValues() to avoid precision loss • lib/features/training/presentation/widgets/training_disclaimer_dialog.dart:108:44 • deprecated_member_use
   info • 'withOpacity' is deprecated and shouldn't be used. Use .withValues() to avoid precision loss • lib/features/training/presentation/widgets/training_disclaimer_dialog.dart:111:46 • deprecated_member_use
   info • 'withOpacity' is deprecated and shouldn't be used. Use .withValues() to avoid precision loss • lib/features/training/presentation/widgets/training_disclaimer_dialog.dart:179:62 • deprecated_member_use
   info • 'surfaceVariant' is deprecated and shouldn't be used. Use surfaceContainerHighest instead. This feature was deprecated after v3.18.0-0.1.pre • lib/features/training/presentation/widgets/training_disclaimer_dialog.dart:225:37 • deprecated_member_use
   info • 'withOpacity' is deprecated and shouldn't be used. Use .withValues() to avoid precision loss • lib/features/training/presentation/widgets/training_disclaimer_dialog.dart:237:58 • deprecated_member_use
   info • 'dialogBackgroundColor' is deprecated and shouldn't be used. Use DialogThemeData.backgroundColor instead. This feature was deprecated after v3.27.0-0.1.pre • lib/features/training/presentation/widgets/training_disclaimer_dialog.dart:262:25 • deprecated_member_use
   info • 'withOpacity' is deprecated and shouldn't be used. Use .withValues() to avoid precision loss • lib/features/training/presentation/widgets/training_disclaimer_dialog.dart:262:47 • deprecated_member_use
   info • 'dialogBackgroundColor' is deprecated and shouldn't be used. Use DialogThemeData.backgroundColor instead. This feature was deprecated after v3.27.0-0.1.pre • lib/features/training/presentation/widgets/training_disclaimer_dialog.dart:263:25 • deprecated_member_use
   info • 'dialogBackgroundColor' is deprecated and shouldn't be used. Use DialogThemeData.backgroundColor instead. This feature was deprecated after v3.27.0-0.1.pre • lib/features/training/presentation/widgets/training_disclaimer_dialog.dart:264:25 • deprecated_member_use
   info • 'extra' is deprecated and shouldn't be used. Additional Data is deprecated in favor of structured [Contexts] and should be avoided when possible • test/core/monitoring/sentry_service_test.dart:20:9 • deprecated_member_use
   info • Use 'const' literals as arguments to constructors of '@immutable' classes • test/core/monitoring/sentry_service_test.dart:20:16 • prefer_const_literals_to_create_immutables
   info • 'extra' is deprecated and shouldn't be used. Additional Data is deprecated in favor of structured [Contexts] and should be avoided when possible • test/core/monitoring/sentry_service_test.dart:25:24 • deprecated_member_use
   info • Use 'const' with the constructor to improve performance • test/evidence/adult_reflexprofil_evidence_test.dart:70:10 • prefer_const_constructors
   info • Unnecessary 'const' keyword • test/features/assessment/presentation/additional_answers_panel_test.dart:42:35 • unnecessary_const
   info • 'hasFlag' is deprecated and shouldn't be used. Use flagsCollection instead. This feature was deprecated after v3.32.0-0.0.pre • test/features/assessment/presentation/adult_answer_choice_grid_test.dart:39:19 • deprecated_member_use
   info • Use 'const' with the constructor to improve performance • test/features/assessment/presentation/adult_progress_profile_card_test.dart:13:42 • prefer_const_constructors
   info • Use 'const' with the constructor to improve performance • test/features/assessment/presentation/adult_reflex_profile_result_view_test.dart:41:10 • prefer_const_constructors
   info • Use 'const' with the constructor to improve performance • test/features/assessment/presentation/adult_reflex_profile_result_view_test.dart:332:22 • prefer_const_constructors
   info • Use 'const' with the constructor to improve performance • test/features/assessment/presentation/adult_top_pattern_lines_test.dart:9:19 • prefer_const_constructors
   info • Use 'const' with the constructor to improve performance • test/features/invite/presentation/impact_tree_card_semantics_test.dart:11:7 • prefer_const_constructors
   info • Use 'const' with the constructor to improve performance • test/features/invite/presentation/impact_tree_card_semantics_test.dart:44:7 • prefer_const_constructors
   info • Use 'const' with the constructor to improve performance • test/features/invite/presentation/invite_redeem_screen_test.dart:79:18 • prefer_const_constructors
   info • The import of 'package:flutter/services.dart' is unnecessary because all of the used elements are also provided by the import of 'package:flutter/material.dart' • test/features/training/presentation/screens/immersive_session_announcement_readiness_test.dart:11:8 • unnecessary_import
   info • The import of 'dart:typed_data' is unnecessary because all of the used elements are also provided by the import of 'package:flutter/foundation.dart' • test/support/asset_bundles.dart:3:8 • unnecessary_import

114 issues found. (ran in 12.5s)
flutter test
Resolving dependencies...
Downloading packages...
  _fe_analyzer_shared 93.0.0 (107.0.0 available)
  _flutterfire_internals 1.3.59 (1.3.77 available)
  agora_rtc_engine 6.5.3 (6.6.4 available)
  analyzer 10.0.1 (14.3.0 available)
  app_links 7.0.0 (7.2.1 available)
  app_links_platform_interface 2.0.2 (2.0.4 available)
  archive 4.0.9 (4.2.0 available)
  async 2.13.0 (2.13.1 available)
  audioplayers 6.6.0 (6.8.1 available)
  audioplayers_android 5.2.1 (5.3.0 available)
  audioplayers_darwin 6.4.0 (6.5.0 available)
  audioplayers_linux 4.2.1 (4.3.0 available)
  audioplayers_platform_interface 7.1.1 (7.2.0 available)
  audioplayers_web 5.2.0 (5.3.0 available)
  audioplayers_windows 4.3.0 (4.4.1 available)
  build 4.0.5 (4.0.11 available)
  build_config 1.3.0 (1.3.3 available)
  build_daemon 4.1.1 (4.1.6 available)
  build_runner 2.13.1 (2.16.1 available)
  built_value 8.12.4 (8.13.0 available)
  cached_network_image 3.4.1 (4.0.0 available)
  cached_network_image_platform_interface 4.1.1 (5.0.0 available)
  cached_network_image_web 1.3.1 (2.0.0 available)
  characters 1.4.0 (1.4.1 available)
  cli_util 0.4.2 (0.6.0 available)
  clock 1.1.2 (1.1.3 available)
  code_builder 4.11.1 (4.12.0 available)
  connectivity_plus 6.1.5 (7.3.1 available)
  connectivity_plus_platform_interface 2.0.1 (2.1.0 available)
  cross_file 0.3.5+2 (0.3.5+5 available)
  cupertino_icons 1.0.8 (1.0.9 available)
  dart_jsonwebtoken 3.3.2 (3.4.1 available)
  dart_style 3.1.7 (3.1.13 available)
  dbus 0.7.12 (0.7.15 available)
  drift 2.31.0 (2.34.4 available)
  drift_dev 2.31.0 (2.34.6 available)
  drift_flutter 0.2.8 (0.3.1 available)
  ed25519_edwards 0.3.1 (0.3.2 available)
  equatable 2.0.8 (2.1.0 available)
  firebase_core 3.15.2 (4.14.0 available)
  firebase_core_platform_interface 6.0.3 (8.1.1 available)
  firebase_core_web 2.24.1 (3.11.0 available)
  firebase_messaging 15.2.10 (16.6.0 available)
  firebase_messaging_platform_interface 4.6.10 (4.10.0 available)
  firebase_messaging_web 3.10.10 (4.2.5 available)
  fl_chart 0.69.2 (1.2.0 available)
  flutter_cache_manager 3.4.1 (3.4.2 available)
  flutter_dotenv 5.2.1 (6.0.1 available)
  flutter_lints 4.0.0 (6.0.0 available)
  flutter_local_notifications 19.5.0 (22.3.0 available)
  flutter_local_notifications_linux 6.0.0 (8.0.1 available)
  flutter_local_notifications_platform_interface 9.1.0 (12.2.0 available)
  flutter_local_notifications_windows 1.0.3 (3.1.1 available)
  flutter_map 7.0.2 (8.3.2 available)
  flutter_riverpod 2.6.1 (3.4.3 available)
  functions_client 2.5.0 (2.7.1 available)
  geolocator 13.0.4 (14.0.3 available)
  geolocator_android 4.6.2 (5.0.3 available)
  geolocator_apple 2.3.13 (2.3.14 available)
  geolocator_platform_interface 4.2.6 (4.3.0 available)
  geolocator_web 4.1.3 (4.1.4 available)
  glob 2.1.3 (2.2.0 available)
  go_router 14.8.1 (18.0.1 available)
  google_fonts 6.3.3 (8.2.1 available)
  google_sign_in_android 7.2.11 (7.2.17 available)
  google_sign_in_ios 6.3.0 (6.3.3 available)
  gotrue 2.20.0 (2.27.2 available)
  gtk 2.1.0 (2.2.0 available)
  html 0.15.6 (0.15.7 available)
  image 4.8.0 (4.9.2 available)
  intl 0.20.2 (0.20.3 available)
  io 1.0.5 (1.1.0 available)
  iris_method_channel 2.2.5 (2.2.7 available)
  json_annotation 4.11.0 (4.12.0 available)
  latlong2 0.9.1 (0.10.1 available)
  lints 4.0.0 (6.1.0 available)
  matcher 0.12.17 (0.12.20 available)
  material_color_utilities 0.11.1 (0.13.1 available)
  meta 1.17.0 (1.19.0 available)
  mgrs_dart 2.0.0 (3.0.0 available)
  mime 2.0.0 (2.1.0 available)
  mocktail 1.0.4 (1.0.5 available)
  package_config 2.2.0 (3.0.0 available)
  package_info_plus 8.3.1 (10.2.1 available)
  package_info_plus_platform_interface 3.2.1 (4.1.0 available)
  path_provider 2.1.5 (2.1.6 available)
  path_provider_android 2.2.22 (2.3.1 available)
  path_provider_foundation 2.5.1 (2.6.0 available)
  path_provider_linux 2.2.1 (2.2.2 available)
  path_provider_platform_interface 2.1.2 (2.1.3 available)
  pdf 3.12.0 (3.13.0 available)
  permission_handler 11.4.0 (13.0.2 available)
  permission_handler_android 12.1.0 (14.1.0 available)
  permission_handler_apple 9.4.7 (9.6.1 available)
  permission_handler_html 0.1.3+5 (0.1.4+1 available)
  permission_handler_platform_interface 4.3.0 (4.4.1 available)
  permission_handler_windows 0.2.1 (0.2.2 available)
  pool 1.5.2 (1.5.3 available)
  posix 6.5.0 (6.5.2 available)
  postgrest 2.7.0 (2.9.1 available)
  proj4dart 2.1.0 (3.0.0 available)
  pub_semver 2.2.0 (2.2.1 available)
  pubspec_parse 1.5.0 (1.6.0 available)
  qr 3.0.2 (4.0.0 available)
  realtime_client 2.7.3 (2.13.0 available)
  riverpod 2.6.1 (3.4.3 available)
  sentry 8.14.2 (9.29.0 available)
  sentry_flutter 8.14.2 (9.29.0 available)
  share_plus 10.1.4 (13.3.0 available)
  share_plus_platform_interface 5.0.2 (7.2.0 available)
  shared_preferences 2.5.4 (2.5.5 available)
  shared_preferences_android 2.4.21 (2.4.28 available)
  shared_preferences_foundation 2.5.6 (2.5.7 available)
  shared_preferences_platform_interface 2.4.1 (2.4.2 available)
  sign_in_with_apple 7.0.1 (8.2.0 available)
  source_gen 4.2.2 (4.3.0 available)
  sqflite 2.4.2 (2.4.3 available)
  sqflite_android 2.4.2+3 (2.4.3 available)
  sqflite_common 2.5.6 (2.5.11 available)
  sqflite_darwin 2.4.2 (2.4.3+1 available)
  sqflite_platform_interface 2.4.0 (2.4.1 available)
  sqlite3 2.9.4 (3.5.2 available)
  sqlite3_flutter_libs 0.5.42 (0.6.0+eol available)
  sqlparser 0.43.1 (0.45.0 available)
  stack_trace 1.12.1 (1.12.2 available)
  storage_client 2.5.2 (2.8.0 available)
  stream_transform 2.1.1 (2.1.2 available)
  supabase 2.10.6 (2.16.1 available)
  supabase_flutter 2.12.4 (2.17.2 available)
  synchronized 3.4.0 (3.4.1+2 available)
  test_api 0.7.7 (0.7.14 available)
! timezone 0.10.1 (overridden) (0.11.1 available)
  unicode 0.3.1 (1.1.9 available)
  url_launcher_android 6.3.28 (6.3.33 available)
  url_launcher_ios 6.4.1 (6.4.2 available)
  url_launcher_linux 3.2.2 (3.2.3 available)
  url_launcher_macos 3.2.5 (3.2.6 available)
  url_launcher_web 2.4.2 (2.4.3 available)
  url_launcher_windows 3.1.5 (3.1.6 available)
  uuid 4.5.3 (4.6.0 available)
  vector_math 2.2.0 (2.4.2 available)
  video_player 2.11.1 (2.14.0 available)
  video_player_android 2.9.4 (2.12.2 available)
  video_player_avfoundation 2.9.4 (2.11.1 available)
  video_player_platform_interface 6.6.0 (6.9.0 available)
  vm_service 15.0.2 (15.3.0 available)
  wakelock_plus 1.3.3 (1.8.0 available)
  wakelock_plus_platform_interface 1.4.0 (1.7.0 available)
  win32 5.15.0 (6.4.0 available)
  xml 6.6.1 (7.0.1 available)
  yaml 3.1.3 (3.1.4 available)
  yet_another_json_isolate 2.1.0 (2.1.1 available)
Got dependencies!
152 packages have newer versions incompatible with dependency constraints.
Try `flutter pub outdated` for more information.
00:00 +0: loading /Users/alexandermessinger/dev/claudvibes/reflexjourney/test/core/database/persistent_open_test.dart                                                                                  00:01 +0: loading /Users/alexandermessinger/dev/claudvibes/reflexjourney/test/core/database/persistent_open_test.dart                                                                                  00:02 +0: loading /Users/alexandermessinger/dev/claudvibes/reflexjourney/test/core/database/persistent_open_test.dart                                                                                  00:02 +0: /Users/alexandermessinger/dev/claudvibes/reflexjourney/test/core/database/persistent_open_test.dart: storage failure aborts startup instead of accepting nonpersistent writes                00:02 +1: /Users/alexandermessinger/dev/claudvibes/reflexjourney/test/core/database/persistent_open_test.dart: storage failure aborts startup instead of accepting nonpersistent writes                00:02 +1: loading /Users/alexandermessinger/dev/claudvibes/reflexjourney/test/core/database/backup_exclusion_test.dart                                                                                 00:02 +1: /Users/alexandermessinger/dev/claudvibes/reflexjourney/test/core/database/backup_exclusion_test.dart: short-circuits true on non-iOS platforms without a channel call                        00:02 +2: /Users/alexandermessinger/dev/claudvibes/reflexjourney/test/core/database/backup_exclusion_test.dart: short-circuits true on non-iOS platforms without a channel call                        00:02 +2: /Users/alexandermessinger/dev/claudvibes/reflexjourney/test/core/database/backup_exclusion_test.dart: passes the path over the channel on iOS and returns its result                         00:02 +3: /Users/alexandermessinger/dev/claudvibes/reflexjourney/test/core/database/backup_exclusion_test.dart: passes the path over the channel on iOS and returns its result                         00:02 +3: /Users/alexandermessinger/dev/claudvibes/reflexjourney/test/core/database/backup_exclusion_test.dart: returns false instead of throwing when the channel fails                               00:02 +3: /Users/alexandermessinger/dev/claudvibes/reflexjourney/test/core/database/backup_exclusion_test.dart: returns false instead of throwing when the channel fails                               
BackupExclusion: could not set exclusion flag: PlatformException(exclusion_failed, null, null, null)
00:02 +4: /Users/alexandermessinger/dev/claudvibes/reflexjourney/test/core/database/backup_exclusion_test.dart: returns false instead of throwing when the channel fails                               00:02 +4: loading /Users/alexandermessinger/dev/claudvibes/reflexjourney/test/core/l10n/localized_content_test.dart                                                                                    00:02 +4: /Users/alexandermessinger/dev/claudvibes/reflexjourney/test/core/l10n/localized_content_test.dart: German picks the German variant                                                           00:02 +5: /Users/alexandermessinger/dev/claudvibes/reflexjourney/test/core/l10n/localized_content_test.dart: German picks the German variant                                                           00:02 +5: /Users/alexandermessinger/dev/claudvibes/reflexjourney/test/core/l10n/localized_content_test.dart: English picks the English variant                                                         00:02 +6: /Users/alexandermessinger/dev/claudvibes/reflexjourney/test/core/l10n/localized_content_test.dart: English picks the English variant                                                         00:02 +6: /Users/alexandermessinger/dev/claudvibes/reflexjourney/test/core/l10n/localized_content_test.dart: unknown locales resolve like the international default (English)                          00:02 +7: /Users/alexandermessinger/dev/claudvibes/reflexjourney/test/core/l10n/localized_content_test.dart: unknown locales resolve like the international default (English)                          00:02 +7: /Users/alexandermessinger/dev/claudvibes/reflexjourney/test/core/l10n/localized_content_test.dart: works for non-string content                                                              00:02 +8: /Users/alexandermessinger/dev/claudvibes/reflexjourney/test/core/l10n/localized_content_test.dart: works for non-string content                                                              00:02 +8: loading /Users/alexandermessinger/dev/claudvibes/reflexjourney/test/core/l10n/app_languages_test.dart                                                                                        00:02 +8: /Users/alexandermessinger/dev/claudvibes/reflexjourney/test/core/l10n/app_languages_test.dart: registry lists German first and English second                                                00:02 +9: /Users/alexandermessinger/dev/claudvibes/reflexjourney/test/core/l10n/app_languages_test.dart: registry lists German first and English second                                                00:02 +9: /Users/alexandermessinger/dev/claudvibes/reflexjourney/test/core/l10n/app_languages_test.dart: locales derive from the registry                                                              00:02 +10: /Users/alexandermessinger/dev/claudvibes/reflexjourney/test/core/l10n/app_languages_test.dart: locales derive from the registry                                                             00:02 +10: /Users/alexandermessinger/dev/claudvibes/reflexjourney/test/core/l10n/app_languages_test.dart: isSupported accepts registry codes only                                                      00:02 +11: /Users/alexandermessinger/dev/claudvibes/reflexjourney/test/core/l10n/app_languages_test.dart: isSupported accepts registry codes only                                                      00:02 +11: /Users/alexandermessinger/dev/claudvibes/reflexjourney/test/core/l10n/app_languages_test.dart: resolveInitial: supported device language wins, otherwise English                            00:02 +12: /Users/alexandermessinger/dev/claudvibes/reflexjourney/test/core/l10n/app_languages_test.dart: resolveInitial: supported device language wins, otherwise English                            00:02 +12: /Users/alexandermessinger/dev/claudvibes/reflexjourney/test/core/l10n/app_languages_test.dart: normalize falls back to the source language                                                  00:02 +13: /Users/alexandermessinger/dev/claudvibes/reflexjourney/test/core/l10n/app_languages_test.dart: normalize falls back to the source language                                                  00:02 +13: /Users/alexandermessinger/dev/claudvibes/reflexjourney/test/core/l10n/app_languages_test.dart: byCode returns the registry entry                                                            00:02 +14: /Users/alexandermessinger/dev/claudvibes/reflexjourney/test/core/l10n/app_languages_test.dart: byCode returns the registry entry                                                            00:03 +14: /Users/alexandermessinger/dev/claudvibes/reflexjourney/test/core/l10n/app_languages_test.dart: byCode returns the registry entry                                                            00:03 +14: loading /Users/alexandermessinger/dev/claudvibes/reflexjourney/test/core/training/training_session_checkpoint_store_test.dart                                                               00:03 +14: /Users/alexandermessinger/dev/claudvibes/reflexjourney/test/core/training/training_session_checkpoint_store_test.dart: round-trips exact remaining state                                    00:03 +15: /Users/alexandermessinger/dev/claudvibes/reflexjourney/test/core/training/training_session_checkpoint_store_test.dart: round-trips exact remaining state                                    00:03 +15: /Users/alexandermessinger/dev/claudvibes/reflexjourney/test/core/training/training_session_checkpoint_store_test.dart: is isolated by profile, package and content version                  00:03 +16: /Users/alexandermessinger/dev/claudvibes/reflexjourney/test/core/training/training_session_checkpoint_store_test.dart: is isolated by profile, package and content version                  00:03 +16: /Users/alexandermessinger/dev/claudvibes/reflexjourney/test/core/training/training_session_checkpoint_store_test.dart: completed state remains until persistence succeeds                   00:03 +17: /Users/alexandermessinger/dev/claudvibes/reflexjourney/test/core/training/training_session_checkpoint_store_test.dart: completed state remains until persistence succeeds                   00:03 +17: /Users/alexandermessinger/dev/claudvibes/reflexjourney/test/core/training/training_session_checkpoint_store_test.dart: surfaces a platform-rejected checkpoint write                        00:03 +18: /Users/alexandermessinger/dev/claudvibes/reflexjourney/test/core/training/training_session_checkpoint_store_test.dart: surfaces a platform-rejected checkpoint write                        00:03 +18: /Users/alexandermessinger/dev/claudvibes/reflexjourney/test/core/training/training_session_checkpoint_store_test.dart: surfaces a platform-rejected checkpoint clear                        00:03 +19: /Users/alexandermessinger/dev/claudvibes/reflexjourney/test/core/training/training_session_checkpoint_store_test.dart: surfaces a platform-rejected checkpoint clear                        00:03 +19: /Users/alexandermessinger/dev/claudvibes/reflexjourney/test/core/training/training_session_checkpoint_store_test.dart: a failed best-effort write does not poison later checkpoints         00:03 +20: /Users/alexandermessinger/dev/claudvibes/reflexjourney/test/core/training/training_session_checkpoint_store_test.dart: a failed best-effort write does not poison later checkpoints         00:03 +20: /Users/alexandermessinger/dev/claudvibes/reflexjourney/test/core/training/training_session_checkpoint_store_test.dart: a required completed checkpoint can be retried after failure         00:03 +21: /Users/alexandermessinger/dev/claudvibes/reflexjourney/test/core/training/training_session_checkpoint_store_test.dart: a required completed checkpoint can be retried after failure         00:03 +21: loading /Users/alexandermessinger/dev/claudvibes/reflexjourney/test/core/training/in_app_music_settings_test.dart                                                                           00:03 +21: /Users/alexandermessinger/dev/claudvibes/reflexjourney/test/core/training/in_app_music_settings_test.dart: InAppMusicSettings selectedTrack returns null when not set                       00:03 +22: /Users/alexandermessinger/dev/claudvibes/reflexjourney/test/core/training/in_app_music_settings_test.dart: InAppMusicSettings selectedTrack returns null when not set                       00:03 +22: /Users/alexandermessinger/dev/claudvibes/reflexjourney/test/core/training/in_app_music_settings_test.dart: InAppMusicSettings persists selected track                                       00:03 +23: /Users/alexandermessinger/dev/claudvibes/reflexjourney/test/core/training/in_app_music_settings_test.dart: InAppMusicSettings persists selected track                                       00:03 +23: /Users/alexandermessinger/dev/claudvibes/reflexjourney/test/core/training/in_app_music_settings_test.dart: InAppMusicSettings volume defaults to 0.7                                        00:03 +24: /Users/alexandermessinger/dev/claudvibes/reflexjourney/test/core/training/in_app_music_settings_test.dart: InAppMusicSettings volume defaults to 0.7                                        00:03 +24: /Users/alexandermessinger/dev/claudvibes/reflexjourney/test/core/training/in_app_music_settings_test.dart: InAppMusicSettings clears track when set to null                                 00:03 +25: /Users/alexandermessinger/dev/claudvibes/reflexjourney/test/core/training/in_app_music_settings_test.dart: InAppMusicSettings clears track when set to null                                 00:03 +25: /Users/alexandermessinger/dev/claudvibes/reflexjourney/test/core/training/in_app_music_settings_test.dart: InAppMusicSettings persists volume                                               00:03 +26: /Users/alexandermessinger/dev/claudvibes/reflexjourney/test/core/training/in_app_music_settings_test.dart: InAppMusicSettings persists volume                                               00:03 +26: /Users/alexandermessinger/dev/claudvibes/reflexjourney/test/core/training/in_app_music_settings_test.dart: InAppMusicSettings clamps volume to 0.0..1.0                                     00:03 +27: /Users/alexandermessinger/dev/claudvibes/reflexjourney/test/core/training/in_app_music_settings_test.dart: InAppMusicSettings clamps volume to 0.0..1.0                                     00:03 +27: loading /Users/alexandermessinger/dev/claudvibes/reflexjourney/test/core/training/training_familiarity_settings_test.dart                                                                   00:03 +27: /Users/alexandermessinger/dev/claudvibes/reflexjourney/test/core/training/training_familiarity_settings_test.dart: progression is scoped by profile, package and content version            00:03 +28: /Users/alexandermessinger/dev/claudvibes/reflexjourney/test/core/training/training_familiarity_settings_test.dart: progression is scoped by profile, package and content version            00:03 +28: /Users/alexandermessinger/dev/claudvibes/reflexjourney/test/core/training/training_familiarity_settings_test.dart: records the same persisted session only once                             00:03 +29: /Users/alexandermessinger/dev/claudvibes/reflexjourney/test/core/training/training_familiarity_settings_test.dart: records the same persisted session only once                             00:03 +29: /Users/alexandermessinger/dev/claudvibes/reflexjourney/test/core/training/training_familiarity_settings_test.dart: parallel retries of the same persisted session remain idempotent         00:03 +30: /Users/alexandermessinger/dev/claudvibes/reflexjourney/test/core/training/training_familiarity_settings_test.dart: parallel retries of the same persisted session remain idempotent         00:03 +30: /Users/alexandermessinger/dev/claudvibes/reflexjourney/test/core/training/training_familiarity_settings_test.dart: parallel distinct persisted sessions are both retained                   00:03 +31: /Users/alexandermessinger/dev/claudvibes/reflexjourney/test/core/training/training_familiarity_settings_test.dart: parallel distinct persisted sessions are both retained                   00:03 +31: /Users/alexandermessinger/dev/claudvibes/reflexjourney/test/core/training/training_familiarity_settings_test.dart: does not report completion when the platform rejects the ledger write    00:03 +32: /Users/alexandermessinger/dev/claudvibes/reflexjourney/test/core/training/training_familiarity_settings_test.dart: does not report completion when the platform rejects the ledger write    00:03 +32: /Users/alexandermessinger/dev/claudvibes/reflexjourney/test/core/training/training_familiarity_settings_test.dart: a rejected ledger write is retried instead of trusted from RAM           00:03 +33: /Users/alexandermessinger/dev/claudvibes/reflexjourney/test/core/training/training_familiarity_settings_test.dart: a rejected ledger write is retried instead of trusted from RAM           00:03 +33: /Users/alexandermessinger/dev/claudvibes/reflexjourney/test/core/training/training_familiarity_settings_test.dart: recommends routine only after two completed sessions                     00:03 +34: /Users/alexandermessinger/dev/claudvibes/reflexjourney/test/core/training/training_familiarity_settings_test.dart: recommends routine only after two completed sessions                     00:03 +34: loading /Users/alexandermessinger/dev/claudvibes/reflexjourney/test/core/training/transition_duration_settings_test.dart                                                                    00:03 +34: /Users/alexandermessinger/dev/claudvibes/reflexjourney/test/core/training/transition_duration_settings_test.dart: TransitionDurationSettings returns default 10 when not set                00:03 +35: /Users/alexandermessinger/dev/claudvibes/reflexjourney/test/core/training/transition_duration_settings_test.dart: TransitionDurationSettings returns default 10 when not set                00:03 +35: /Users/alexandermessinger/dev/claudvibes/reflexjourney/test/core/training/transition_duration_settings_test.dart: TransitionDurationSettings returns persisted value                        00:03 +36: /Users/alexandermessinger/dev/claudvibes/reflexjourney/test/core/training/transition_duration_settings_test.dart: TransitionDurationSettings returns persisted value                        00:03 +36: /Users/alexandermessinger/dev/claudvibes/reflexjourney/test/core/training/transition_duration_settings_test.dart: TransitionDurationSettings clamps to valid range 5..30                    00:03 +37: /Users/alexandermessinger/dev/claudvibes/reflexjourney/test/core/training/transition_duration_settings_test.dart: TransitionDurationSettings clamps to valid range 5..30                    00:03 +37: loading /Users/alexandermessinger/dev/claudvibes/reflexjourney/test/core/training/training_feedback_settings_test.dart                                                                      00:03 +37: /Users/alexandermessinger/dev/claudvibes/reflexjourney/test/core/training/training_feedback_settings_test.dart: ... migration defaults to voice and cues and writes the canonical string key00:03 +38: /Users/alexandermessinger/dev/claudvibes/reflexjourney/test/core/training/training_feedback_settings_test.dart: ... migration defaults to voice and cues and writes the canonical string key00:03 +38: /Users/alexandermessinger/dev/claudvibes/reflexjourney/test/core/training/training_feedback_settings_test.dart: TrainingFeedbackSettings migration migrates the legacy integer format       00:03 +39: /Users/alexandermessinger/dev/claudvibes/reflexjourney/test/core/training/training_feedback_settings_test.dart: TrainingFeedbackSettings migration migrates the legacy integer format       00:03 +39: /Users/alexandermessinger/dev/claudvibes/reflexjourney/test/core/training/training_feedback_settings_test.dart: TrainingFeedbackSettings migration understands historical string enum names 00:03 +40: /Users/alexandermessinger/dev/claudvibes/reflexjourney/test/core/training/training_feedback_settings_test.dart: TrainingFeedbackSettings migration understands historical string enum names 00:03 +40: /Users/alexandermessinger/dev/claudvibes/reflexjourney/test/core/training/training_feedback_settings_test.dart: ... migration chooses the quieter mode when both formats disagree           00:03 +41: /Users/alexandermessinger/dev/claudvibes/reflexjourney/test/core/training/training_feedback_settings_test.dart: ... migration chooses the quieter mode when both formats disagree           00:03 +41: /Users/alexandermessinger/dev/claudvibes/reflexjourney/test/core/training/training_feedback_settings_test.dart: ... migration never overrides canonical silent with a louder legacy value   00:03 +42: /Users/alexandermessinger/dev/claudvibes/reflexjourney/test/core/training/training_feedback_settings_test.dart: ... migration never overrides canonical silent with a louder legacy value   00:03 +42: /Users/alexandermessinger/dev/claudvibes/reflexjourney/test/core/training/training_feedback_settings_test.dart: ... migration explicit writes remove the integer legacy key                 00:03 +43: /Users/alexandermessinger/dev/claudvibes/reflexjourney/test/core/training/training_feedback_settings_test.dart: ... migration explicit writes remove the integer legacy key                 00:03 +43: /Users/alexandermessinger/dev/claudvibes/reflexjourney/test/core/training/training_feedback_settings_test.dart: ... SettingsNotifier serializes migration before an immediate user write    00:03 +44: /Users/alexandermessinger/dev/claudvibes/reflexjourney/test/core/training/training_feedback_settings_test.dart: ... SettingsNotifier serializes migration before an immediate user write    00:03 +44: /Users/alexandermessinger/dev/claudvibes/reflexjourney/test/core/training/training_feedback_settings_test.dart: feedback policy matrix has exact channel permissions                        00:03 +45: /Users/alexandermessinger/dev/claudvibes/reflexjourney/test/core/training/training_feedback_settings_test.dart: feedback policy matrix has exact channel permissions                        00:03 +45: loading /Users/alexandermessinger/dev/claudvibes/reflexjourney/test/core/training/adaptive_tempo_settings_test.dart                                                                         00:03 +45: /Users/alexandermessinger/dev/claudvibes/reflexjourney/test/core/training/adaptive_tempo_settings_test.dart: scopes tempo by profile, package, content and exercise                         00:03 +46: /Users/alexandermessinger/dev/claudvibes/reflexjourney/test/core/training/adaptive_tempo_settings_test.dart: scopes tempo by profile, package, content and exercise                         00:03 +46: /Users/alexandermessinger/dev/claudvibes/reflexjourney/test/core/training/adaptive_tempo_settings_test.dart: reads the legacy sequence key as a compatibility fallback                      00:03 +47: /Users/alexandermessinger/dev/claudvibes/reflexjourney/test/core/training/adaptive_tempo_settings_test.dart: reads the legacy sequence key as a compatibility fallback                      00:03 +47: loading /Users/alexandermessinger/dev/claudvibes/reflexjourney/test/core/training/training_anchor_test.dart                                                                                 00:03 +47: /Users/alexandermessinger/dev/claudvibes/reflexjourney/test/core/training/training_anchor_test.dart: adults are offered four anchors, waking up first                                       00:04 +47: /Users/alexandermessinger/dev/claudvibes/reflexjourney/test/core/training/training_anchor_test.dart: adults are offered four anchors, waking up first                                       00:04 +48: /Users/alexandermessinger/dev/claudvibes/reflexjourney/test/core/training/training_anchor_test.dart: adults are offered four anchors, waking up first                                       00:04 +48: /Users/alexandermessinger/dev/claudvibes/reflexjourney/test/core/training/training_anchor_test.dart: families are offered their own four anchors                                            00:04 +49: /Users/alexandermessinger/dev/claudvibes/reflexjourney/test/core/training/training_anchor_test.dart: families are offered their own four anchors                                            00:04 +49: /Users/alexandermessinger/dev/claudvibes/reflexjourney/test/core/training/training_anchor_test.dart: only adults get a recommendation (A2)                                                  00:04 +50: /Users/alexandermessinger/dev/claudvibes/reflexjourney/test/core/training/training_anchor_test.dart: only adults get a recommendation (A2)                                                  00:04 +50: /Users/alexandermessinger/dev/claudvibes/reflexjourney/test/core/training/training_anchor_test.dart: every offered anchor proposes a time inside the day                                    00:04 +51: /Users/alexandermessinger/dev/claudvibes/reflexjourney/test/core/training/training_anchor_test.dart: every offered anchor proposes a time inside the day                                    00:04 +51: /Users/alexandermessinger/dev/claudvibes/reflexjourney/test/core/training/training_anchor_test.dart: the proposed times follow the order of the day                                         00:04 +52: /Users/alexandermessinger/dev/claudvibes/reflexjourney/test/core/training/training_anchor_test.dart: the proposed times follow the order of the day                                         00:04 +52: /Users/alexandermessinger/dev/claudvibes/reflexjourney/test/core/training/training_anchor_test.dart: the sleep hint belongs to the late anchors only                                        00:04 +53: /Users/alexandermessinger/dev/claudvibes/reflexjourney/test/core/training/training_anchor_test.dart: the sleep hint belongs to the late anchors only                                        00:04 +53: /Users/alexandermessinger/dev/claudvibes/reflexjourney/test/core/training/training_anchor_test.dart: unknown or missing names decode to null                                                00:04 +54: /Users/alexandermessinger/dev/claudvibes/reflexjourney/test/core/training/training_anchor_test.dart: unknown or missing names decode to null                                                00:04 +54: loading /Users/alexandermessinger/dev/claudvibes/reflexjourney/test/core/training/training_tempo_defaults_test.dart                                                                         00:04 +54: /Users/alexandermessinger/dev/claudvibes/reflexjourney/test/core/training/training_tempo_defaults_test.dart: training tempo defaults regression exercise 1 defaults to 3.0s                 00:04 +55: /Users/alexandermessinger/dev/claudvibes/reflexjourney/test/core/training/training_tempo_defaults_test.dart: training tempo defaults regression exercise 1 defaults to 3.0s                 00:04 +55: /Users/alexandermessinger/dev/claudvibes/reflexjourney/test/core/training/training_tempo_defaults_test.dart: training tempo defaults regression exercise 6 defaults to 7.0s                 00:04 +56: /Users/alexandermessinger/dev/claudvibes/reflexjourney/test/core/training/training_tempo_defaults_test.dart: training tempo defaults regression exercise 6 defaults to 7.0s                 00:04 +56: /Users/alexandermessinger/dev/claudvibes/reflexjourney/test/core/training/training_tempo_defaults_test.dart: ... tempo defaults regression early exercise clamps low persisted tempo to 1.0s00:04 +57: /Users/alexandermessinger/dev/claudvibes/reflexjourney/test/core/training/training_tempo_defaults_test.dart: ... tempo defaults regression early exercise clamps low persisted tempo to 1.0s00:04 +57: /Users/alexandermessinger/dev/claudvibes/reflexjourney/test/core/training/training_tempo_defaults_test.dart: ... defaults regression early exercise clamps high persisted tempo to 7.0s     00:04 +58: /Users/alexandermessinger/dev/claudvibes/reflexjourney/test/core/training/training_tempo_defaults_test.dart: ... defaults regression early exercise clamps high persisted tempo to 7.0s     00:04 +58: /Users/alexandermessinger/dev/claudvibes/reflexjourney/test/core/training/training_tempo_defaults_test.dart: ... tempo defaults regression late exercise clamps low persisted tempo to 2.0s 00:04 +59: /Users/alexandermessinger/dev/claudvibes/reflexjourney/test/core/training/training_tempo_defaults_test.dart: ... tempo defaults regression late exercise clamps low persisted tempo to 2.0s 00:04 +59: /Users/alexandermessinger/dev/claudvibes/reflexjourney/test/core/training/training_tempo_defaults_test.dart: training tempo defaults regression late exercise keeps valid persisted tempo   00:04 +60: /Users/alexandermessinger/dev/claudvibes/reflexjourney/test/core/training/training_tempo_defaults_test.dart: training tempo defaults regression late exercise keeps valid persisted tempo   00:04 +60: loading /Users/alexandermessinger/dev/claudvibes/reflexjourney/test/core/training/training_anchor_settings_test.dart                                                                        00:04 +60: /Users/alexandermessinger/dev/claudvibes/reflexjourney/test/core/training/training_anchor_settings_test.dart: nothing is stored before the question is answered                             00:04 +61: /Users/alexandermessinger/dev/claudvibes/reflexjourney/test/core/training/training_anchor_settings_test.dart: nothing is stored before the question is answered                             00:04 +61: /Users/alexandermessinger/dev/claudvibes/reflexjourney/test/core/training/training_anchor_settings_test.dart: a stored anchor survives a reload                                             00:04 +62: /Users/alexandermessinger/dev/claudvibes/reflexjourney/test/core/training/training_anchor_settings_test.dart: a stored anchor survives a reload                                             00:04 +62: /Users/alexandermessinger/dev/claudvibes/reflexjourney/test/core/training/training_anchor_settings_test.dart: asks after exactly one completed session                                      00:04 +63: /Users/alexandermessinger/dev/claudvibes/reflexjourney/test/core/training/training_anchor_settings_test.dart: asks after exactly one completed session                                      00:04 +63: /Users/alexandermessinger/dev/claudvibes/reflexjourney/test/core/training/training_anchor_settings_test.dart: does not ask before the first session                                         00:04 +64: /Users/alexandermessinger/dev/claudvibes/reflexjourney/test/core/training/training_anchor_settings_test.dart: does not ask before the first session                                         00:04 +64: /Users/alexandermessinger/dev/claudvibes/reflexjourney/test/core/training/training_anchor_settings_test.dart: does not ask again once the question was put                                  00:04 +65: /Users/alexandermessinger/dev/claudvibes/reflexjourney/test/core/training/training_anchor_settings_test.dart: does not ask again once the question was put                                  00:04 +65: /Users/alexandermessinger/dev/claudvibes/reflexjourney/test/core/training/training_anchor_settings_test.dart: a missed moment is not made up later                                          00:04 +66: /Users/alexandermessinger/dev/claudvibes/reflexjourney/test/core/training/training_anchor_settings_test.dart: a missed moment is not made up later                                          00:04 +66: loading /Users/alexandermessinger/dev/claudvibes/reflexjourney/test/core/training/training_announcement_manifest_test.dart                                                                  00:04 +66: /Users/alexandermessinger/dev/claudvibes/reflexjourney/test/core/training/training_announcement_manifest_test.dart: bundled manifest is the exact 48-event DE/EN recording contract         00:04 +67: /Users/alexandermessinger/dev/claudvibes/reflexjourney/test/core/training/training_announcement_manifest_test.dart: bundled manifest is the exact 48-event DE/EN recording contract         00:04 +67: /Users/alexandermessinger/dev/claudvibes/reflexjourney/test/core/training/training_announcement_manifest_test.dart: locale resolution is exact, base-language aware, and deterministic      00:04 +68: /Users/alexandermessinger/dev/claudvibes/reflexjourney/test/core/training/training_announcement_manifest_test.dart: locale resolution is exact, base-language aware, and deterministic      00:04 +68: /Users/alexandermessinger/dev/claudvibes/reflexjourney/test/core/training/training_announcement_manifest_test.dart: full-catalog preflight reports all 48 entries unassigned per locale     00:04 +69: /Users/alexandermessinger/dev/claudvibes/reflexjourney/test/core/training/training_announcement_manifest_test.dart: full-catalog preflight reports all 48 entries unassigned per locale     00:04 +69: /Users/alexandermessinger/dev/claudvibes/reflexjourney/test/core/training/training_announcement_manifest_test.dart: solo and duo runtime scopes each require exactly 41 gated events        00:04 +70: /Users/alexandermessinger/dev/claudvibes/reflexjourney/test/core/training/training_announcement_manifest_test.dart: solo and duo runtime scopes each require exactly 41 gated events        00:04 +70: /Users/alexandermessinger/dev/claudvibes/reflexjourney/test/core/training/training_announcement_manifest_test.dart: preflight separates missing entries, invalid keys, and absent files     00:04 +71: /Users/alexandermessinger/dev/claudvibes/reflexjourney/test/core/training/training_announcement_manifest_test.dart: preflight separates missing entries, invalid keys, and absent files     00:04 +71: /Users/alexandermessinger/dev/claudvibes/reflexjourney/test/core/training/training_announcement_manifest_test.dart: bundle probe reports the manifest and rejects an absent MP3             00:04 +72: /Users/alexandermessinger/dev/claudvibes/reflexjourney/test/core/training/training_announcement_manifest_test.dart: bundle probe reports the manifest and rejects an absent MP3             00:04 +72: /Users/alexandermessinger/dev/claudvibes/reflexjourney/test/core/training/training_announcement_manifest_test.dart: parser rejects unsupported schema versions                              00:04 +73: /Users/alexandermessinger/dev/claudvibes/reflexjourney/test/core/training/training_announcement_manifest_test.dart: parser rejects unsupported schema versions                              00:05 +73: /Users/alexandermessinger/dev/claudvibes/reflexjourney/test/core/training/training_announcement_manifest_test.dart: parser rejects unsupported schema versions                              00:05 +73: loading /Users/alexandermessinger/dev/claudvibes/reflexjourney/test/core/navigation/app_shell_test.dart                                                                                     00:05 +73: /Users/alexandermessinger/dev/claudvibes/reflexjourney/test/core/navigation/app_shell_test.dart: shows user tabs for practitioners                                                          00:05 +74: /Users/alexandermessinger/dev/claudvibes/reflexjourney/test/core/navigation/app_shell_test.dart: shows user tabs for practitioners                                                          00:05 +75: /Users/alexandermessinger/dev/claudvibes/reflexjourney/test/core/navigation/app_shell_test.dart: shows user tabs for practitioners                                                          00:05 +76: /Users/alexandermessinger/dev/claudvibes/reflexjourney/test/core/navigation/app_shell_test.dart: shows user tabs for practitioners                                                          00:05 +77: /Users/alexandermessinger/dev/claudvibes/reflexjourney/test/core/navigation/app_shell_test.dart: shows user tabs for practitioners                                                          00:05 +78: /Users/alexandermessinger/dev/claudvibes/reflexjourney/test/core/navigation/app_shell_test.dart: shows user tabs for practitioners                                                          00:06 +78: /Users/alexandermessinger/dev/claudvibes/reflexjourney/test/core/navigation/app_shell_test.dart: shows user tabs for practitioners                                                          00:06 +79: /Users/alexandermessinger/dev/claudvibes/reflexjourney/test/core/navigation/app_shell_test.dart: shows user tabs for practitioners                                                          00:06 +80: /Users/alexandermessinger/dev/claudvibes/reflexjourney/test/core/navigation/app_shell_test.dart: shows user tabs for practitioners                                                          00:06 +81: /Users/alexandermessinger/dev/claudvibes/reflexjourney/test/core/navigation/app_shell_test.dart: shows user tabs for practitioners                                                          00:06 +82: /Users/alexandermessinger/dev/claudvibes/reflexjourney/test/core/navigation/app_shell_test.dart: shows user tabs for practitioners                                                          00:06 +83: /Users/alexandermessinger/dev/claudvibes/reflexjourney/test/core/navigation/app_shell_test.dart: shows user tabs for practitioners                                                          00:06 +84: /Users/alexandermessinger/dev/claudvibes/reflexjourney/test/core/navigation/app_shell_test.dart: shows user tabs for practitioners                                                          00:06 +85: /Users/alexandermessinger/dev/claudvibes/reflexjourney/test/core/navigation/app_shell_test.dart: shows user tabs for practitioners                                                          00:06 +86: /Users/alexandermessinger/dev/claudvibes/reflexjourney/test/core/navigation/app_shell_test.dart: shows user tabs for practitioners                                                          00:06 +87: /Users/alexandermessinger/dev/claudvibes/reflexjourney/test/core/navigation/launch_gate_test.dart: direkter Aufruf von /community landet auf dem Dashboard                                  00:06 +88: /Users/alexandermessinger/dev/claudvibes/reflexjourney/test/core/navigation/launch_gate_test.dart: direkter Aufruf von /community landet auf dem Dashboard                                  00:06 +89: /Users/alexandermessinger/dev/claudvibes/reflexjourney/test/core/navigation/launch_gate_test.dart: direkter Aufruf von /community landet auf dem Dashboard                                  00:06 +90: /Users/alexandermessinger/dev/claudvibes/reflexjourney/test/core/navigation/launch_gate_test.dart: direkter Aufruf von /community landet auf dem Dashboard                                  00:06 +91: /Users/alexandermessinger/dev/claudvibes/reflexjourney/test/core/navigation/launch_gate_test.dart: direkter Aufruf von /community landet auf dem Dashboard                                  00:06 +92: /Users/alexandermessinger/dev/claudvibes/reflexjourney/test/core/navigation/launch_gate_test.dart: direkter Aufruf von /community landet auf dem Dashboard                                  00:06 +93: /Users/alexandermessinger/dev/claudvibes/reflexjourney/test/core/navigation/launch_gate_test.dart: direkter Aufruf von /community landet auf dem Dashboard                                  00:06 +94: /Users/alexandermessinger/dev/claudvibes/reflexjourney/test/core/navigation/launch_gate_test.dart: direkter Aufruf von /community landet auf dem Dashboard                                  00:06 +95: /Users/alexandermessinger/dev/claudvibes/reflexjourney/test/core/navigation/launch_gate_test.dart: direkter Aufruf von /community landet auf dem Dashboard                                  00:06 +96: /Users/alexandermessinger/dev/claudvibes/reflexjourney/test/core/navigation/launch_gate_test.dart: direkter Aufruf von /community landet auf dem Dashboard                                  00:06 +97: /Users/alexandermessinger/dev/claudvibes/reflexjourney/test/core/navigation/launch_gate_test.dart: direkter Aufruf von /community landet auf dem Dashboard                                  00:06 +98: /Users/alexandermessinger/dev/claudvibes/reflexjourney/test/core/navigation/launch_gate_test.dart: direkter Aufruf von /community landet auf dem Dashboard                                  00:06 +99: /Users/alexandermessinger/dev/claudvibes/reflexjourney/test/core/navigation/launch_gate_test.dart: direkter Aufruf von /community landet auf dem Dashboard                                  00:06 +100: /Users/alexandermessinger/dev/claudvibes/reflexjourney/test/core/navigation/launch_gate_test.dart: direkter Aufruf von /community landet auf dem Dashboard                                 00:06 +101: /Users/alexandermessinger/dev/claudvibes/reflexjourney/test/core/navigation/app_shell_test.dart: tapping Begleitung tab navigates to /begleitung                                           00:06 +102: /Users/alexandermessinger/dev/claudvibes/reflexjourney/test/core/navigation/app_shell_test.dart: tapping Begleitung tab navigates to /begleitung                                           00:06 +103: /Users/alexandermessinger/dev/claudvibes/reflexjourney/test/core/navigation/app_shell_test.dart: tapping Begleitung tab navigates to /begleitung                                           00:06 +104: /Users/alexandermessinger/dev/claudvibes/reflexjourney/test/core/storage/file_local_storage_test.dart: new session wins if legacy file also exists                                         00:06 +105: /Users/alexandermessinger/dev/claudvibes/reflexjourney/test/core/storage/file_local_storage_test.dart: new session wins if legacy file also exists                                         00:06 +105: /Users/alexandermessinger/dev/claudvibes/reflexjourney/test/core/storage/file_local_storage_test.dart: logout waits for in-flight writes and cannot resurrect the session                  00:06 +106: /Users/alexandermessinger/dev/claudvibes/reflexjourney/test/core/storage/file_local_storage_test.dart: logout waits for in-flight writes and cannot resurrect the session                  00:06 +106: /Users/alexandermessinger/dev/claudvibes/reflexjourney/test/core/storage/file_local_storage_test.dart: atomic replacement and logout remove interrupted temporary files                    00:06 +107: /Users/alexandermessinger/dev/claudvibes/reflexjourney/test/core/storage/file_local_storage_test.dart: atomic replacement and logout remove interrupted temporary files                    00:06 +107: /Users/alexandermessinger/dev/claudvibes/reflexjourney/test/core/storage/file_local_storage_test.dart: failed backup exclusion rejects persistence but erasure remains usable              00:06 +108: /Users/alexandermessinger/dev/claudvibes/reflexjourney/test/core/storage/file_local_storage_test.dart: failed backup exclusion rejects persistence but erasure remains usable              00:07 +108: /Users/alexandermessinger/dev/claudvibes/reflexjourney/test/core/storage/file_local_storage_test.dart: failed backup exclusion rejects persistence but erasure remains usable              00:07 +108: loading /Users/alexandermessinger/dev/claudvibes/reflexjourney/test/core/theme/app_theme_test.dart                                                                                         00:07 +108: /Users/alexandermessinger/dev/claudvibes/reflexjourney/test/core/theme/app_theme_test.dart: (setUpAll)                                                                                     00:07 +108: /Users/alexandermessinger/dev/claudvibes/reflexjourney/test/core/theme/app_theme_test.dart: AppTheme light theme (setUpAll)                                                                00:07 +108: /Users/alexandermessinger/dev/claudvibes/reflexjourney/test/core/theme/app_theme_test.dart: AppTheme light theme scaffold background is green-tinted                                       00:07 +108: /Users/alexandermessinger/dev/claudvibes/reflexjourney/test/core/theme/app_theme_test.dart: AppTheme light theme (setUpAll)                                                                
Error: google_fonts was unable to load font Poppins-Regular because the following exception occurred:
Exception: GoogleFonts.config.allowRuntimeFetching is false but font Poppins-Regular was not found in the application assets. Ensure Poppins-Regular.ttf exists in a folder that is included in your pubspec's assets.

There is likely something wrong with your test. Please see https://github.com/flutter/packages/blob/main/packages/google_fonts/example/test for examples of how to test with google_fonts.
If troubleshooting doesn't solve the problem, please file an issue at https://github.com/flutter/flutter/issues/new/choose.

Error: google_fonts was unable to load font Poppins-SemiBold because the following exception occurred:
Exception: GoogleFonts.config.allowRuntimeFetching is false but font Poppins-SemiBold was not found in the application assets. Ensure Poppins-SemiBold.ttf exists in a folder that is included in your pubspec's assets.

There is likely something wrong with your test. Please see https://github.com/flutter/packages/blob/main/packages/google_fonts/example/test for examples of how to test with google_fonts.
If troubleshooting doesn't solve the problem, please file an issue at https://github.com/flutter/flutter/issues/new/choose.

00:07 +109: /Users/alexandermessinger/dev/claudvibes/reflexjourney/test/core/theme/app_theme_test.dart: AppTheme light theme scaffold background is green-tinted                                       00:07 +109: /Users/alexandermessinger/dev/claudvibes/reflexjourney/test/core/theme/app_theme_test.dart: AppTheme light theme scaffold background hex matches design spec                               00:07 +110: /Users/alexandermessinger/dev/claudvibes/reflexjourney/test/core/theme/app_theme_test.dart: AppTheme light theme scaffold background hex matches design spec                               00:07 +110: /Users/alexandermessinger/dev/claudvibes/reflexjourney/test/core/theme/app_theme_test.dart: AppTheme light theme elevated button background is primary green                               00:07 +111: /Users/alexandermessinger/dev/claudvibes/reflexjourney/test/core/theme/app_theme_test.dart: AppTheme light theme elevated button background is primary green                               00:07 +111: /Users/alexandermessinger/dev/claudvibes/reflexjourney/test/core/theme/app_theme_test.dart: AppTheme light theme elevated button foreground is contrast-safe on primary green              00:07 +112: /Users/alexandermessinger/dev/claudvibes/reflexjourney/test/core/theme/app_theme_test.dart: AppTheme light theme elevated button foreground is contrast-safe on primary green              00:07 +112: /Users/alexandermessinger/dev/claudvibes/reflexjourney/test/core/theme/app_theme_test.dart: AppTheme light theme filled button foreground is contrast-safe on primary green                00:07 +113: /Users/alexandermessinger/dev/claudvibes/reflexjourney/test/core/theme/app_theme_test.dart: AppTheme light theme filled button foreground is contrast-safe on primary green                00:07 +113: /Users/alexandermessinger/dev/claudvibes/reflexjourney/test/core/theme/app_theme_test.dart: AppTheme light theme color scheme onPrimary is contrast-safe on primary green                  00:07 +114: /Users/alexandermessinger/dev/claudvibes/reflexjourney/test/core/theme/app_theme_test.dart: AppTheme light theme color scheme onPrimary is contrast-safe on primary green                  00:07 +114: /Users/alexandermessinger/dev/claudvibes/reflexjourney/test/core/theme/app_theme_test.dart: AppTheme light theme elevated button radius is 14                                              00:07 +115: /Users/alexandermessinger/dev/claudvibes/reflexjourney/test/core/theme/app_theme_test.dart: AppTheme light theme elevated button radius is 14                                              00:07 +115: /Users/alexandermessinger/dev/claudvibes/reflexjourney/test/core/theme/app_theme_test.dart: AppTheme light theme card radius is 16                                                         00:07 +116: /Users/alexandermessinger/dev/claudvibes/reflexjourney/test/core/theme/app_theme_test.dart: AppTheme light theme card radius is 16                                                         00:07 +116: /Users/alexandermessinger/dev/claudvibes/reflexjourney/test/core/theme/app_theme_test.dart: AppTheme light theme app bar background is green-tinted                                        00:07 +117: /Users/alexandermessinger/dev/claudvibes/reflexjourney/test/core/theme/app_theme_test.dart: AppTheme light theme app bar background is green-tinted                                        00:07 +117: /Users/alexandermessinger/dev/claudvibes/reflexjourney/test/core/theme/app_theme_test.dart: AppTheme light theme (tearDownAll)                                                             00:07 +117: /Users/alexandermessinger/dev/claudvibes/reflexjourney/test/core/theme/app_theme_test.dart: AppTheme dark theme (setUpAll)                                                                 00:07 +117: /Users/alexandermessinger/dev/claudvibes/reflexjourney/test/core/theme/app_theme_test.dart: AppTheme dark theme scaffold background is pure neutral dark                                   00:07 +117: /Users/alexandermessinger/dev/claudvibes/reflexjourney/test/core/theme/app_theme_test.dart: AppTheme dark theme (setUpAll)                                                                 
Error: google_fonts was unable to load font Poppins-Regular because the following exception occurred:
Exception: GoogleFonts.config.allowRuntimeFetching is false but font Poppins-Regular was not found in the application assets. Ensure Poppins-Regular.ttf exists in a folder that is included in your pubspec's assets.

There is likely something wrong with your test. Please see https://github.com/flutter/packages/blob/main/packages/google_fonts/example/test for examples of how to test with google_fonts.
If troubleshooting doesn't solve the problem, please file an issue at https://github.com/flutter/flutter/issues/new/choose.

Error: google_fonts was unable to load font Poppins-SemiBold because the following exception occurred:
Exception: GoogleFonts.config.allowRuntimeFetching is false but font Poppins-SemiBold was not found in the application assets. Ensure Poppins-SemiBold.ttf exists in a folder that is included in your pubspec's assets.

There is likely something wrong with your test. Please see https://github.com/flutter/packages/blob/main/packages/google_fonts/example/test for examples of how to test with google_fonts.
If troubleshooting doesn't solve the problem, please file an issue at https://github.com/flutter/flutter/issues/new/choose.

00:07 +118: /Users/alexandermessinger/dev/claudvibes/reflexjourney/test/core/theme/app_theme_test.dart: AppTheme dark theme scaffold background is pure neutral dark                                   00:07 +118: /Users/alexandermessinger/dev/claudvibes/reflexjourney/test/core/theme/app_theme_test.dart: AppTheme dark theme elevated button background is primary green                                00:07 +119: /Users/alexandermessinger/dev/claudvibes/reflexjourney/test/core/theme/app_theme_test.dart: AppTheme dark theme elevated button background is primary green                                00:07 +119: /Users/alexandermessinger/dev/claudvibes/reflexjourney/test/core/theme/app_theme_test.dart: AppTheme dark theme elevated button foreground is contrast-safe on primary green               00:07 +120: /Users/alexandermessinger/dev/claudvibes/reflexjourney/test/core/theme/app_theme_test.dart: AppTheme dark theme elevated button foreground is contrast-safe on primary green               00:07 +120: /Users/alexandermessinger/dev/claudvibes/reflexjourney/test/core/theme/app_theme_test.dart: AppTheme dark theme filled button foreground is contrast-safe on primary green                 00:07 +121: /Users/alexandermessinger/dev/claudvibes/reflexjourney/test/core/theme/app_theme_test.dart: AppTheme dark theme filled button foreground is contrast-safe on primary green                 00:07 +121: /Users/alexandermessinger/dev/claudvibes/reflexjourney/test/core/theme/app_theme_test.dart: AppTheme dark theme color scheme onPrimary is contrast-safe on primary green                   00:07 +122: /Users/alexandermessinger/dev/claudvibes/reflexjourney/test/core/theme/app_theme_test.dart: AppTheme dark theme color scheme onPrimary is contrast-safe on primary green                   00:07 +122: /Users/alexandermessinger/dev/claudvibes/reflexjourney/test/core/theme/app_theme_test.dart: AppTheme dark theme elevated button radius is 14                                               00:07 +123: /Users/alexandermessinger/dev/claudvibes/reflexjourney/test/core/theme/app_theme_test.dart: AppTheme dark theme elevated button radius is 14                                               00:07 +123: /Users/alexandermessinger/dev/claudvibes/reflexjourney/test/core/theme/app_theme_test.dart: AppTheme dark theme app bar background is dark                                                 00:07 +124: /Users/alexandermessinger/dev/claudvibes/reflexjourney/test/core/theme/app_theme_test.dart: AppTheme dark theme app bar background is dark                                                 00:07 +124: /Users/alexandermessinger/dev/claudvibes/reflexjourney/test/core/theme/app_theme_test.dart: AppTheme dark theme card surface is dark                                                       00:07 +125: /Users/alexandermessinger/dev/claudvibes/reflexjourney/test/core/theme/app_theme_test.dart: AppTheme dark theme card surface is dark                                                       00:07 +125: /Users/alexandermessinger/dev/claudvibes/reflexjourney/test/core/theme/app_theme_test.dart: AppTheme dark theme (tearDownAll)                                                              00:07 +125: /Users/alexandermessinger/dev/claudvibes/reflexjourney/test/core/theme/app_theme_test.dart: (tearDownAll)                                                                                  00:07 +125: loading /Users/alexandermessinger/dev/claudvibes/reflexjourney/test/core/theme/app_colors_test.dart                                                                                        00:07 +125: /Users/alexandermessinger/dev/claudvibes/reflexjourney/test/core/theme/app_colors_test.dart: AppColors — green palette primary is Free Place green                                         00:07 +126: /Users/alexandermessinger/dev/claudvibes/reflexjourney/test/core/sync/exercises_sync_service_test.dart: rejects an empty or changed Moro response before cache mutation                    00:07 +127: /Users/alexandermessinger/dev/claudvibes/reflexjourney/test/core/sync/exercises_sync_service_test.dart: rejects an empty or changed Moro response before cache mutation                    00:07 +128: /Users/alexandermessinger/dev/claudvibes/reflexjourney/test/core/sync/exercises_sync_service_test.dart: rejects an empty or changed Moro response before cache mutation                    00:07 +129: /Users/alexandermessinger/dev/claudvibes/reflexjourney/test/core/sync/exercises_sync_service_test.dart: rejects an empty or changed Moro response before cache mutation                    00:07 +130: /Users/alexandermessinger/dev/claudvibes/reflexjourney/test/core/sync/exercises_sync_service_test.dart: rejects an empty or changed Moro response before cache mutation                    00:07 +131: /Users/alexandermessinger/dev/claudvibes/reflexjourney/test/core/sync/exercises_sync_service_test.dart: rejects an empty or changed Moro response before cache mutation                    00:07 +132: /Users/alexandermessinger/dev/claudvibes/reflexjourney/test/core/sync/exercises_sync_service_test.dart: rejects an empty or changed Moro response before cache mutation                    00:07 +133: /Users/alexandermessinger/dev/claudvibes/reflexjourney/test/core/theme/app_colors_test.dart: AppColors — green palette divider is light green-tinted border                                00:07 +134: /Users/alexandermessinger/dev/claudvibes/reflexjourney/test/core/theme/app_colors_test.dart: AppColors — green palette divider is light green-tinted border                                00:07 +134: /Users/alexandermessinger/dev/claudvibes/reflexjourney/test/core/theme/app_colors_test.dart: AppColors — green palette primary button text passes WCAG AA contrast                         00:07 +135: /Users/alexandermessinger/dev/claudvibes/reflexjourney/test/core/sync/exercises_sync_service_test.dart: validated refresh atomically removes stale rows                                    00:07 +136: /Users/alexandermessinger/dev/claudvibes/reflexjourney/test/core/sync/exercises_sync_service_test.dart: validated refresh atomically removes stale rows                                    00:07 +137: /Users/alexandermessinger/dev/claudvibes/reflexjourney/test/core/sync/exercises_sync_service_test.dart: validated refresh atomically removes stale rows                                    00:07 +138: /Users/alexandermessinger/dev/claudvibes/reflexjourney/test/core/sync/exercises_sync_service_test.dart: validated refresh atomically removes stale rows                                    00:07 +139: /Users/alexandermessinger/dev/claudvibes/reflexjourney/test/core/sync/exercises_sync_service_test.dart: validated refresh atomically removes stale rows                                    00:07 +139: /Users/alexandermessinger/dev/claudvibes/reflexjourney/test/core/sync/exercises_sync_service_test.dart: validation failure leaves the previous snapshot untouched                          00:07 +140: /Users/alexandermessinger/dev/claudvibes/reflexjourney/test/core/sync/exercises_sync_service_test.dart: validation failure leaves the previous snapshot untouched                          00:07 +140: /Users/alexandermessinger/dev/claudvibes/reflexjourney/test/core/sync/exercises_sync_service_test.dart: failed replacement rolls back deletion and partial inserts                         00:07 +141: /Users/alexandermessinger/dev/claudvibes/reflexjourney/test/core/sync/exercises_sync_service_test.dart: failed replacement rolls back deletion and partial inserts                         00:07 +141: /Users/alexandermessinger/dev/claudvibes/reflexjourney/test/core/sync/exercises_sync_service_test.dart: parallel validated replacements never expose a mixed snapshot                      00:07 +142: /Users/alexandermessinger/dev/claudvibes/reflexjourney/test/core/sync/exercises_sync_service_test.dart: parallel validated replacements never expose a mixed snapshot                      00:07 +142: /Users/alexandermessinger/dev/claudvibes/reflexjourney/test/core/sync/exercises_sync_service_test.dart: syncIfNeeded repairs a non-empty partial Moro cache                                00:07 +142: /Users/alexandermessinger/dev/claudvibes/reflexjourney/test/core/sync/exercises_sync_service_test.dart: syncIfNeeded repairs a non-empty partial Moro cache                                
[I] TIME: 2026-09-05T20:38:24.190164 ExercisesSyncService: cached 7 exercises from Supabase
00:07 +143: /Users/alexandermessinger/dev/claudvibes/reflexjourney/test/core/sync/exercises_sync_service_test.dart: syncIfNeeded repairs a non-empty partial Moro cache                                00:07 +143: /Users/alexandermessinger/dev/claudvibes/reflexjourney/test/core/sync/exercises_sync_service_test.dart: syncIfNeeded repairs a cache row with malformed serialized fields                  00:07 +143: /Users/alexandermessinger/dev/claudvibes/reflexjourney/test/core/sync/exercises_sync_service_test.dart: syncIfNeeded repairs a cache row with malformed serialized fields                  
[W] TIME: 2026-09-05T20:38:24.204374 ExercisesSyncService: corrupt cached snapshot — refreshing (FormatException: Unexpected character (at character 1)
not-json
^
)
[I] TIME: 2026-09-05T20:38:24.208516 ExercisesSyncService: cached 7 exercises from Supabase
00:07 +144: /Users/alexandermessinger/dev/claudvibes/reflexjourney/test/core/sync/exercises_sync_service_test.dart: syncIfNeeded repairs a cache row with malformed serialized fields                  00:07 +144: /Users/alexandermessinger/dev/claudvibes/reflexjourney/test/core/sync/exercises_sync_service_test.dart: syncIfNeeded skips a fully validated Moro cache                                    00:07 +144: /Users/alexandermessinger/dev/claudvibes/reflexjourney/test/core/sync/exercises_sync_service_test.dart: syncIfNeeded skips a fully validated Moro cache                                    
[D] TIME: 2026-09-05T20:38:24.218602 ExercisesSyncService: validated 7 cached rows — skipping
00:07 +145: /Users/alexandermessinger/dev/claudvibes/reflexjourney/test/core/sync/exercises_sync_service_test.dart: syncIfNeeded skips a fully validated Moro cache                                    00:07 +145: /Users/alexandermessinger/dev/claudvibes/reflexjourney/test/core/sync/exercises_sync_service_test.dart: overlapping refresh requests share one remote generation                           00:07 +145: /Users/alexandermessinger/dev/claudvibes/reflexjourney/test/core/sync/exercises_sync_service_test.dart: overlapping refresh requests share one remote generation                           
[I] TIME: 2026-09-05T20:38:24.231102 ExercisesSyncService: cached 7 exercises from Supabase
00:07 +146: /Users/alexandermessinger/dev/claudvibes/reflexjourney/test/core/sync/exercises_sync_service_test.dart: overlapping refresh requests share one remote generation                           00:08 +146: /Users/alexandermessinger/dev/claudvibes/reflexjourney/test/core/sync/exercises_sync_service_test.dart: overlapping refresh requests share one remote generation                           00:08 +146: loading /Users/alexandermessinger/dev/claudvibes/reflexjourney/test/core/sync/sync_service_test.dart                                                                                       00:08 +146: /Users/alexandermessinger/dev/claudvibes/reflexjourney/test/core/sync/sync_service_test.dart: simultaneous drains reserve one worker before connectivity returns                           00:08 +147: /Users/alexandermessinger/dev/claudvibes/reflexjourney/test/core/sync/sync_service_test.dart: simultaneous drains reserve one worker before connectivity returns                           00:08 +148: /Users/alexandermessinger/dev/claudvibes/reflexjourney/test/core/sync/sync_service_test.dart: simultaneous drains reserve one worker before connectivity returns                           00:08 +149: /Users/alexandermessinger/dev/claudvibes/reflexjourney/test/core/sync/sync_service_test.dart: simultaneous drains reserve one worker before connectivity returns                           00:08 +150: /Users/alexandermessinger/dev/claudvibes/reflexjourney/test/core/sync/sync_service_test.dart: simultaneous drains reserve one worker before connectivity returns                           00:08 +150: /Users/alexandermessinger/dev/claudvibes/reflexjourney/test/core/sync/sync_service_test.dart: ordered partial writes do not lose fields by last-job coalescing                             00:08 +151: /Users/alexandermessinger/dev/claudvibes/reflexjourney/test/core/sync/sync_service_test.dart: ordered partial writes do not lose fields by last-job coalescing                             00:08 +151: /Users/alexandermessinger/dev/claudvibes/reflexjourney/test/core/sync/sync_service_test.dart: a changed stable-ID job is not acknowledged by an older response                             00:08 +152: /Users/alexandermessinger/dev/claudvibes/reflexjourney/test/core/sync/sync_service_test.dart: a changed stable-ID job is not acknowledged by an older response                             00:08 +152: /Users/alexandermessinger/dev/claudvibes/reflexjourney/test/core/sync/sync_service_test.dart: FK conflict retains offline record and intent, later writes cannot overtake                  00:08 +152: /Users/alexandermessinger/dev/claudvibes/reflexjourney/test/core/sync/sync_service_test.dart: FK conflict retains offline record and intent, later writes cannot overtake                  
[E] TIME: 2026-09-05T20:38:24.409014 Sync job retained for retry  ERROR: PostgrestException
00:08 +153: /Users/alexandermessinger/dev/claudvibes/reflexjourney/test/core/sync/sync_service_test.dart: FK conflict retains offline record and intent, later writes cannot overtake                  00:08 +153: /Users/alexandermessinger/dev/claudvibes/reflexjourney/test/core/sync/sync_service_test.dart: acknowledgement clears needsSync only after all record writes succeed                        00:08 +154: /Users/alexandermessinger/dev/claudvibes/reflexjourney/test/core/sync/sync_service_test.dart: acknowledgement clears needsSync only after all record writes succeed                        00:08 +154: /Users/alexandermessinger/dev/claudvibes/reflexjourney/test/core/sync/sync_service_test.dart: restore includes standalone journal without an enrollment and retains child scope            00:08 +154: /Users/alexandermessinger/dev/claudvibes/reflexjourney/test/core/sync/sync_service_test.dart: restore includes standalone journal without an enrollment and retains child scope            
[I] TIME: 2026-09-05T20:38:24.439760 SyncService.rehydrate: pulled 0 enrollments, 0 progress entries, 0 training sessions, 1 journal entries, 0 streak credits
00:08 +155: /Users/alexandermessinger/dev/claudvibes/reflexjourney/test/core/sync/sync_service_test.dart: restore includes standalone journal without an enrollment and retains child scope            00:08 +155: /Users/alexandermessinger/dev/claudvibes/reflexjourney/test/core/sync/sync_service_test.dart: pending delete prevents stale remote journal resurrection                                    00:08 +155: /Users/alexandermessinger/dev/claudvibes/reflexjourney/test/core/sync/sync_service_test.dart: pending delete prevents stale remote journal resurrection                                    
[I] TIME: 2026-09-05T20:38:24.446992 SyncService.rehydrate: pulled 0 enrollments, 0 progress entries, 0 training sessions, 1 journal entries, 0 streak credits
00:08 +156: /Users/alexandermessinger/dev/claudvibes/reflexjourney/test/core/sync/sync_service_test.dart: pending delete prevents stale remote journal resurrection                                    00:08 +156: /Users/alexandermessinger/dev/claudvibes/reflexjourney/test/core/sync/sync_service_test.dart: late restore response cannot repopulate account data after logout                            00:08 +157: /Users/alexandermessinger/dev/claudvibes/reflexjourney/test/core/sync/sync_service_test.dart: late restore response cannot repopulate account data after logout                            00:08 +157: /Users/alexandermessinger/dev/claudvibes/reflexjourney/test/core/sync/sync_service_test.dart: logout removes all user tables including streak credits but preserves content                00:08 +158: /Users/alexandermessinger/dev/claudvibes/reflexjourney/test/core/sync/sync_service_test.dart: logout removes all user tables including streak credits but preserves content                00:08 +158: /Users/alexandermessinger/dev/claudvibes/reflexjourney/test/core/sync/sync_service_test.dart: stale account jobs never transmit under another account                                      00:08 +159: /Users/alexandermessinger/dev/claudvibes/reflexjourney/test/core/sync/sync_service_test.dart: stale account jobs never transmit under another account                                      00:08 +159: loading /Users/alexandermessinger/dev/claudvibes/reflexjourney/test/core/logging/logger_service_test.dart                                                                                  00:08 +159: /Users/alexandermessinger/dev/claudvibes/reflexjourney/test/core/logging/logger_service_test.dart: LoggerService Development Environment logs debug messages in development                00:08 +159: /Users/alexandermessinger/dev/claudvibes/reflexjourney/test/core/logging/logger_service_test.dart: LoggerService Development Environment logs debug messages in development                
┌───────────────────────────────────────────────────────────────────────────────────────────────────────────────────────
│ #0   LoggerService.debug (package:corejourney/core/logging/logger_service.dart:97:13)
│ #1   main.<anonymous closure>.<anonymous closure>.<anonymous closure>.<anonymous closure> (file:///Users/alexandermessinger/dev/claudvibes/reflexjourney/test/core/logging/logger_service_test.dart:38:24)
├┄┄┄┄┄┄┄┄┄┄┄┄┄┄┄┄┄┄┄┄┄┄┄┄┄┄┄┄┄┄┄┄┄┄┄┄┄┄┄┄┄┄┄┄┄┄┄┄┄┄┄┄┄┄┄┄┄┄┄┄┄┄┄┄┄┄┄┄┄┄┄┄┄┄┄┄┄┄┄┄┄┄┄┄┄┄┄┄┄┄┄┄┄┄┄┄┄┄┄┄┄┄┄┄┄┄┄┄┄┄┄┄┄┄┄┄┄┄┄
│ 20:38:24.504 (+0:00:00.005110)
├┄┄┄┄┄┄┄┄┄┄┄┄┄┄┄┄┄┄┄┄┄┄┄┄┄┄┄┄┄┄┄┄┄┄┄┄┄┄┄┄┄┄┄┄┄┄┄┄┄┄┄┄┄┄┄┄┄┄┄┄┄┄┄┄┄┄┄┄┄┄┄┄┄┄┄┄┄┄┄┄┄┄┄┄┄┄┄┄┄┄┄┄┄┄┄┄┄┄┄┄┄┄┄┄┄┄┄┄┄┄┄┄┄┄┄┄┄┄┄
│ 🐛 Test debug message | key=value
└───────────────────────────────────────────────────────────────────────────────────────────────────────────────────────
00:08 +160: /Users/alexandermessinger/dev/claudvibes/reflexjourney/test/core/logging/logger_service_test.dart: LoggerService Development Environment logs debug messages in development                00:08 +160: /Users/alexandermessinger/dev/claudvibes/reflexjourney/test/core/logging/logger_service_test.dart: LoggerService Development Environment logs info messages in development                 00:08 +160: /Users/alexandermessinger/dev/claudvibes/reflexjourney/test/core/logging/logger_service_test.dart: LoggerService Development Environment logs info messages in development                 
[38;5;12m┌───────────────────────────────────────────────────────────────────────────────────────────────────────────────────────[0m
[38;5;12m│ #0   LoggerService.info (package:corejourney/core/logging/logger_service.dart:113:13)[0m
[38;5;12m│ #1   main.<anonymous closure>.<anonymous closure>.<anonymous closure>.<anonymous closure> (file:///Users/alexandermessinger/dev/claudvibes/reflexjourney/test/core/logging/logger_service_test.dart:45:24)[0m
[38;5;12m├┄┄┄┄┄┄┄┄┄┄┄┄┄┄┄┄┄┄┄┄┄┄┄┄┄┄┄┄┄┄┄┄┄┄┄┄┄┄┄┄┄┄┄┄┄┄┄┄┄┄┄┄┄┄┄┄┄┄┄┄┄┄┄┄┄┄┄┄┄┄┄┄┄┄┄┄┄┄┄┄┄┄┄┄┄┄┄┄┄┄┄┄┄┄┄┄┄┄┄┄┄┄┄┄┄┄┄┄┄┄┄┄┄┄┄┄┄┄┄[0m
[38;5;12m│ 20:38:24.519 (+0:00:00.019358)[0m
[38;5;12m├┄┄┄┄┄┄┄┄┄┄┄┄┄┄┄┄┄┄┄┄┄┄┄┄┄┄┄┄┄┄┄┄┄┄┄┄┄┄┄┄┄┄┄┄┄┄┄┄┄┄┄┄┄┄┄┄┄┄┄┄┄┄┄┄┄┄┄┄┄┄┄┄┄┄┄┄┄┄┄┄┄┄┄┄┄┄┄┄┄┄┄┄┄┄┄┄┄┄┄┄┄┄┄┄┄┄┄┄┄┄┄┄┄┄┄┄┄┄┄[0m
[38;5;12m│ 💡 Test info message[0m
[38;5;12m└───────────────────────────────────────────────────────────────────────────────────────────────────────────────────────[0m
00:08 +161: /Users/alexandermessinger/dev/claudvibes/reflexjourney/test/core/logging/logger_service_test.dart: LoggerService Development Environment logs info messages in development                 00:08 +161: /Users/alexandermessinger/dev/claudvibes/reflexjourney/test/core/logging/logger_service_test.dart: LoggerService Development Environment logs warning messages in development              00:08 +161: /Users/alexandermessinger/dev/claudvibes/reflexjourney/test/core/logging/logger_service_test.dart: LoggerService Development Environment logs warning messages in development              
[38;5;208m┌───────────────────────────────────────────────────────────────────────────────────────────────────────────────────────[0m
[38;5;208m│ test[0m
[38;5;208m├┄┄┄┄┄┄┄┄┄┄┄┄┄┄┄┄┄┄┄┄┄┄┄┄┄┄┄┄┄┄┄┄┄┄┄┄┄┄┄┄┄┄┄┄┄┄┄┄┄┄┄┄┄┄┄┄┄┄┄┄┄┄┄┄┄┄┄┄┄┄┄┄┄┄┄┄┄┄┄┄┄┄┄┄┄┄┄┄┄┄┄┄┄┄┄┄┄┄┄┄┄┄┄┄┄┄┄┄┄┄┄┄┄┄┄┄┄┄┄[0m
[38;5;208m│ #0   LoggerService.warning (package:corejourney/core/logging/logger_service.dart:129:13)[0m
[38;5;208m│ #1   main.<anonymous closure>.<anonymous closure>.<anonymous closure>.<anonymous closure> (file:///Users/alexandermessinger/dev/claudvibes/reflexjourney/test/core/logging/logger_service_test.dart:52:24)[0m
[38;5;208m│ #2   _ReturnsNormally.typedMatches (package:matcher/src/core_matchers.dart:153:8)[0m
[38;5;208m│ #3   FeatureMatcher.matches (package:matcher/src/feature_matcher.dart:16:42)[0m
[38;5;208m│ #4   _expect (package:matcher/src/expect/expect.dart:138:30)[0m
[38;5;208m│ #5   expect (package:matcher/src/expect/expect.dart:56:3)[0m
[38;5;208m│ #6   expect (package:flutter_test/src/widget_tester.dart:473:18)[0m
[38;5;208m│ #7   main.<anonymous closure>.<anonymous closure>.<anonymous closure> (file:///Users/alexandermessinger/dev/claudvibes/reflexjourney/test/core/logging/logger_service_test.dart:51:9)[0m
[38;5;208m├┄┄┄┄┄┄┄┄┄┄┄┄┄┄┄┄┄┄┄┄┄┄┄┄┄┄┄┄┄┄┄┄┄┄┄┄┄┄┄┄┄┄┄┄┄┄┄┄┄┄┄┄┄┄┄┄┄┄┄┄┄┄┄┄┄┄┄┄┄┄┄┄┄┄┄┄┄┄┄┄┄┄┄┄┄┄┄┄┄┄┄┄┄┄┄┄┄┄┄┄┄┄┄┄┄┄┄┄┄┄┄┄┄┄┄┄┄┄┄[0m
[38;5;208m│ 20:38:24.523 (+0:00:00.023860)[0m
[38;5;208m├┄┄┄┄┄┄┄┄┄┄┄┄┄┄┄┄┄┄┄┄┄┄┄┄┄┄┄┄┄┄┄┄┄┄┄┄┄┄┄┄┄┄┄┄┄┄┄┄┄┄┄┄┄┄┄┄┄┄┄┄┄┄┄┄┄┄┄┄┄┄┄┄┄┄┄┄┄┄┄┄┄┄┄┄┄┄┄┄┄┄┄┄┄┄┄┄┄┄┄┄┄┄┄┄┄┄┄┄┄┄┄┄┄┄┄┄┄┄┄[0m
[38;5;208m│ ⚠️ Test warning[0m
[38;5;208m└───────────────────────────────────────────────────────────────────────────────────────────────────────────────────────[0m
00:08 +162: /Users/alexandermessinger/dev/claudvibes/reflexjourney/test/core/logging/logger_service_test.dart: LoggerService Development Environment logs warning messages in development              00:08 +162: /Users/alexandermessinger/dev/claudvibes/reflexjourney/test/core/logging/logger_service_test.dart: LoggerService Development Environment logs error messages in development                00:08 +162: /Users/alexandermessinger/dev/claudvibes/reflexjourney/test/core/logging/logger_service_test.dart: LoggerService Development Environment logs error messages in development                
[38;5;196m┌───────────────────────────────────────────────────────────────────────────────────────────────────────────────────────[0m
[38;5;196m│ test[0m
[38;5;196m├┄┄┄┄┄┄┄┄┄┄┄┄┄┄┄┄┄┄┄┄┄┄┄┄┄┄┄┄┄┄┄┄┄┄┄┄┄┄┄┄┄┄┄┄┄┄┄┄┄┄┄┄┄┄┄┄┄┄┄┄┄┄┄┄┄┄┄┄┄┄┄┄┄┄┄┄┄┄┄┄┄┄┄┄┄┄┄┄┄┄┄┄┄┄┄┄┄┄┄┄┄┄┄┄┄┄┄┄┄┄┄┄┄┄┄┄┄┄┄[0m
[38;5;196m│ #0   main.<anonymous closure>.<anonymous closure>.<anonymous closure>.<anonymous closure> (file:///Users/alexandermessinger/dev/claudvibes/reflexjourney/test/core/logging/logger_service_test.dart:62:36)[0m
[38;5;196m│ #1   _ReturnsNormally.typedMatches (package:matcher/src/core_matchers.dart:153:8)[0m
[38;5;196m│ #2   FeatureMatcher.matches (package:matcher/src/feature_matcher.dart:16:42)[0m
[38;5;196m│ #3   _expect (package:matcher/src/expect/expect.dart:138:30)[0m
[38;5;196m│ #4   expect (package:matcher/src/expect/expect.dart:56:3)[0m
[38;5;196m│ #5   expect (package:flutter_test/src/widget_tester.dart:473:18)[0m
[38;5;196m│ #6   main.<anonymous closure>.<anonymous closure>.<anonymous closure> (file:///Users/alexandermessinger/dev/claudvibes/reflexjourney/test/core/logging/logger_service_test.dart:58:9)[0m
[38;5;196m│ #7   Declarer.test.<anonymous closure>.<anonymous closure> (package:test_api/src/backend/declarer.dart:242:19)[0m
[38;5;196m├┄┄┄┄┄┄┄┄┄┄┄┄┄┄┄┄┄┄┄┄┄┄┄┄┄┄┄┄┄┄┄┄┄┄┄┄┄┄┄┄┄┄┄┄┄┄┄┄┄┄┄┄┄┄┄┄┄┄┄┄┄┄┄┄┄┄┄┄┄┄┄┄┄┄┄┄┄┄┄┄┄┄┄┄┄┄┄┄┄┄┄┄┄┄┄┄┄┄┄┄┄┄┄┄┄┄┄┄┄┄┄┄┄┄┄┄┄┄┄[0m
[38;5;196m│ 20:38:24.529 (+0:00:00.029404)[0m
[38;5;196m├┄┄┄┄┄┄┄┄┄┄┄┄┄┄┄┄┄┄┄┄┄┄┄┄┄┄┄┄┄┄┄┄┄┄┄┄┄┄┄┄┄┄┄┄┄┄┄┄┄┄┄┄┄┄┄┄┄┄┄┄┄┄┄┄┄┄┄┄┄┄┄┄┄┄┄┄┄┄┄┄┄┄┄┄┄┄┄┄┄┄┄┄┄┄┄┄┄┄┄┄┄┄┄┄┄┄┄┄┄┄┄┄┄┄┄┄┄┄┄[0m
[38;5;196m│ ⛔ Test error[0m
[38;5;196m└───────────────────────────────────────────────────────────────────────────────────────────────────────────────────────[0m
00:08 +163: /Users/alexandermessinger/dev/claudvibes/reflexjourney/test/core/logging/logger_service_test.dart: LoggerService Development Environment logs error messages in development                00:08 +163: /Users/alexandermessinger/dev/claudvibes/reflexjourney/test/core/logging/logger_service_test.dart: LoggerService Development Environment formats message with structured data              00:08 +163: /Users/alexandermessinger/dev/claudvibes/reflexjourney/test/core/logging/logger_service_test.dart: LoggerService Development Environment formats message with structured data              
[38;5;12m┌───────────────────────────────────────────────────────────────────────────────────────────────────────────────────────[0m
[38;5;12m│ #0   LoggerService.info (package:corejourney/core/logging/logger_service.dart:113:13)[0m
[38;5;12m│ #1   main.<anonymous closure>.<anonymous closure>.<anonymous closure>.<anonymous closure> (file:///Users/alexandermessinger/dev/claudvibes/reflexjourney/test/core/logging/logger_service_test.dart:70:24)[0m
[38;5;12m├┄┄┄┄┄┄┄┄┄┄┄┄┄┄┄┄┄┄┄┄┄┄┄┄┄┄┄┄┄┄┄┄┄┄┄┄┄┄┄┄┄┄┄┄┄┄┄┄┄┄┄┄┄┄┄┄┄┄┄┄┄┄┄┄┄┄┄┄┄┄┄┄┄┄┄┄┄┄┄┄┄┄┄┄┄┄┄┄┄┄┄┄┄┄┄┄┄┄┄┄┄┄┄┄┄┄┄┄┄┄┄┄┄┄┄┄┄┄┄[0m
[38;5;12m│ 20:38:24.535 (+0:00:00.035685)[0m
[38;5;12m├┄┄┄┄┄┄┄┄┄┄┄┄┄┄┄┄┄┄┄┄┄┄┄┄┄┄┄┄┄┄┄┄┄┄┄┄┄┄┄┄┄┄┄┄┄┄┄┄┄┄┄┄┄┄┄┄┄┄┄┄┄┄┄┄┄┄┄┄┄┄┄┄┄┄┄┄┄┄┄┄┄┄┄┄┄┄┄┄┄┄┄┄┄┄┄┄┄┄┄┄┄┄┄┄┄┄┄┄┄┄┄┄┄┄┄┄┄┄┄[0m
[38;5;12m│ 💡 User action | action=button_click, screen=home, timestamp=2026-09-05T20:38:24.534951[0m
[38;5;12m└───────────────────────────────────────────────────────────────────────────────────────────────────────────────────────[0m
00:08 +164: /Users/alexandermessinger/dev/claudvibes/reflexjourney/test/core/logging/logger_service_test.dart: LoggerService Development Environment formats message with structured data              00:08 +164: /Users/alexandermessinger/dev/claudvibes/reflexjourney/test/core/logging/logger_service_test.dart: LoggerService Production Environment should not log debug in production                 00:08 +165: /Users/alexandermessinger/dev/claudvibes/reflexjourney/test/core/logging/logger_service_test.dart: LoggerService Production Environment should not log debug in production                 00:08 +165: /Users/alexandermessinger/dev/claudvibes/reflexjourney/test/core/logging/logger_service_test.dart: LoggerService Production Environment should not log info in production                  00:08 +166: /Users/alexandermessinger/dev/claudvibes/reflexjourney/test/core/logging/logger_service_test.dart: LoggerService Production Environment should not log info in production                  00:08 +166: /Users/alexandermessinger/dev/claudvibes/reflexjourney/test/core/logging/logger_service_test.dart: LoggerService Production Environment should log error in production                     00:08 +166: /Users/alexandermessinger/dev/claudvibes/reflexjourney/test/core/logging/logger_service_test.dart: LoggerService Production Environment should log error in production                     
[E]  Important error
00:08 +167: /Users/alexandermessinger/dev/claudvibes/reflexjourney/test/core/logging/logger_service_test.dart: LoggerService Production Environment should log error in production                     00:08 +167: /Users/alexandermessinger/dev/claudvibes/reflexjourney/test/core/logging/logger_service_test.dart: LoggerService Production Environment should always log fatal errors                     00:08 +167: /Users/alexandermessinger/dev/claudvibes/reflexjourney/test/core/logging/logger_service_test.dart: LoggerService Production Environment should always log fatal errors                     
[FATAL]  Fatal error  ERROR: critical
[Error Report] Fatal error: critical
00:08 +168: /Users/alexandermessinger/dev/claudvibes/reflexjourney/test/core/logging/logger_service_test.dart: LoggerService Production Environment should always log fatal errors                     00:08 +168: /Users/alexandermessinger/dev/claudvibes/reflexjourney/test/core/logging/logger_service_test.dart: LoggerService Scoped Logger creates scoped logger with tag                              00:08 +168: /Users/alexandermessinger/dev/claudvibes/reflexjourney/test/core/logging/logger_service_test.dart: LoggerService Scoped Logger creates scoped logger with tag                              
[38;5;12m┌───────────────────────────────────────────────────────────────────────────────────────────────────────────────────────[0m
[38;5;12m│ #0   LoggerService.info (package:corejourney/core/logging/logger_service.dart:113:13)[0m
[38;5;12m│ #1   ScopedLogger.info (package:corejourney/core/logging/logger_service.dart:236:13)[0m
[38;5;12m├┄┄┄┄┄┄┄┄┄┄┄┄┄┄┄┄┄┄┄┄┄┄┄┄┄┄┄┄┄┄┄┄┄┄┄┄┄┄┄┄┄┄┄┄┄┄┄┄┄┄┄┄┄┄┄┄┄┄┄┄┄┄┄┄┄┄┄┄┄┄┄┄┄┄┄┄┄┄┄┄┄┄┄┄┄┄┄┄┄┄┄┄┄┄┄┄┄┄┄┄┄┄┄┄┄┄┄┄┄┄┄┄┄┄┄┄┄┄┄[0m
[38;5;12m│ 20:38:24.551 (+0:00:00.051548)[0m
[38;5;12m├┄┄┄┄┄┄┄┄┄┄┄┄┄┄┄┄┄┄┄┄┄┄┄┄┄┄┄┄┄┄┄┄┄┄┄┄┄┄┄┄┄┄┄┄┄┄┄┄┄┄┄┄┄┄┄┄┄┄┄┄┄┄┄┄┄┄┄┄┄┄┄┄┄┄┄┄┄┄┄┄┄┄┄┄┄┄┄┄┄┄┄┄┄┄┄┄┄┄┄┄┄┄┄┄┄┄┄┄┄┄┄┄┄┄┄┄┄┄┄[0m
[38;5;12m│ 💡 [TestScope] Test message[0m
[38;5;12m└───────────────────────────────────────────────────────────────────────────────────────────────────────────────────────[0m
00:08 +169: /Users/alexandermessinger/dev/claudvibes/reflexjourney/test/core/logging/logger_service_test.dart: LoggerService Scoped Logger creates scoped logger with tag                              00:08 +169: /Users/alexandermessinger/dev/claudvibes/reflexjourney/test/core/logging/logger_service_test.dart: LoggerService Scoped Logger scoped logger includes tag in messages                      00:08 +169: /Users/alexandermessinger/dev/claudvibes/reflexjourney/test/core/logging/logger_service_test.dart: LoggerService Scoped Logger scoped logger includes tag in messages                      
┌───────────────────────────────────────────────────────────────────────────────────────────────────────────────────────
│ #0   LoggerService.debug (package:corejourney/core/logging/logger_service.dart:97:13)
│ #1   ScopedLogger.debug (package:corejourney/core/logging/logger_service.dart:230:13)
├┄┄┄┄┄┄┄┄┄┄┄┄┄┄┄┄┄┄┄┄┄┄┄┄┄┄┄┄┄┄┄┄┄┄┄┄┄┄┄┄┄┄┄┄┄┄┄┄┄┄┄┄┄┄┄┄┄┄┄┄┄┄┄┄┄┄┄┄┄┄┄┄┄┄┄┄┄┄┄┄┄┄┄┄┄┄┄┄┄┄┄┄┄┄┄┄┄┄┄┄┄┄┄┄┄┄┄┄┄┄┄┄┄┄┄┄┄┄┄
│ 20:38:24.554 (+0:00:00.054536)
├┄┄┄┄┄┄┄┄┄┄┄┄┄┄┄┄┄┄┄┄┄┄┄┄┄┄┄┄┄┄┄┄┄┄┄┄┄┄┄┄┄┄┄┄┄┄┄┄┄┄┄┄┄┄┄┄┄┄┄┄┄┄┄┄┄┄┄┄┄┄┄┄┄┄┄┄┄┄┄┄┄┄┄┄┄┄┄┄┄┄┄┄┄┄┄┄┄┄┄┄┄┄┄┄┄┄┄┄┄┄┄┄┄┄┄┄┄┄┄
│ 🐛 [Authentication] Login attempted | userId=123
└───────────────────────────────────────────────────────────────────────────────────────────────────────────────────────
00:08 +170: /Users/alexandermessinger/dev/claudvibes/reflexjourney/test/core/logging/logger_service_test.dart: LoggerService Scoped Logger scoped logger includes tag in messages                      00:08 +170: /Users/alexandermessinger/dev/claudvibes/reflexjourney/test/core/logging/logger_service_test.dart: LoggerService Convenience Methods logAction formats user actions correctly              00:08 +170: /Users/alexandermessinger/dev/claudvibes/reflexjourney/test/core/logging/logger_service_test.dart: LoggerService Convenience Methods logAction formats user actions correctly              
[38;5;12m┌───────────────────────────────────────────────────────────────────────────────────────────────────────────────────────[0m
[38;5;12m│ #0   LoggerService.info (package:corejourney/core/logging/logger_service.dart:113:13)[0m
[38;5;12m│ #1   LoggerService.logAction (package:corejourney/core/logging/logger_service.dart:207:5)[0m
[38;5;12m├┄┄┄┄┄┄┄┄┄┄┄┄┄┄┄┄┄┄┄┄┄┄┄┄┄┄┄┄┄┄┄┄┄┄┄┄┄┄┄┄┄┄┄┄┄┄┄┄┄┄┄┄┄┄┄┄┄┄┄┄┄┄┄┄┄┄┄┄┄┄┄┄┄┄┄┄┄┄┄┄┄┄┄┄┄┄┄┄┄┄┄┄┄┄┄┄┄┄┄┄┄┄┄┄┄┄┄┄┄┄┄┄┄┄┄┄┄┄┄[0m
[38;5;12m│ 20:38:24.557 (+0:00:00.058270)[0m
[38;5;12m├┄┄┄┄┄┄┄┄┄┄┄┄┄┄┄┄┄┄┄┄┄┄┄┄┄┄┄┄┄┄┄┄┄┄┄┄┄┄┄┄┄┄┄┄┄┄┄┄┄┄┄┄┄┄┄┄┄┄┄┄┄┄┄┄┄┄┄┄┄┄┄┄┄┄┄┄┄┄┄┄┄┄┄┄┄┄┄┄┄┄┄┄┄┄┄┄┄┄┄┄┄┄┄┄┄┄┄┄┄┄┄┄┄┄┄┄┄┄┄[0m
[38;5;12m│ 💡 User action: button_click | button=submit, screen=login[0m
[38;5;12m└───────────────────────────────────────────────────────────────────────────────────────────────────────────────────────[0m
00:08 +171: /Users/alexandermessinger/dev/claudvibes/reflexjourney/test/core/logging/logger_service_test.dart: LoggerService Convenience Methods logAction formats user actions correctly              00:08 +171: /Users/alexandermessinger/dev/claudvibes/reflexjourney/test/core/logging/logger_service_test.dart: LoggerService Convenience Methods logScreen logs screen views                           00:08 +171: /Users/alexandermessinger/dev/claudvibes/reflexjourney/test/core/logging/logger_service_test.dart: LoggerService Convenience Methods logScreen logs screen views                           
┌───────────────────────────────────────────────────────────────────────────────────────────────────────────────────────
│ #0   LoggerService.debug (package:corejourney/core/logging/logger_service.dart:97:13)
│ #1   LoggerService.logScreen (package:corejourney/core/logging/logger_service.dart:212:5)
├┄┄┄┄┄┄┄┄┄┄┄┄┄┄┄┄┄┄┄┄┄┄┄┄┄┄┄┄┄┄┄┄┄┄┄┄┄┄┄┄┄┄┄┄┄┄┄┄┄┄┄┄┄┄┄┄┄┄┄┄┄┄┄┄┄┄┄┄┄┄┄┄┄┄┄┄┄┄┄┄┄┄┄┄┄┄┄┄┄┄┄┄┄┄┄┄┄┄┄┄┄┄┄┄┄┄┄┄┄┄┄┄┄┄┄┄┄┄┄
│ 20:38:24.567 (+0:00:00.068137)
├┄┄┄┄┄┄┄┄┄┄┄┄┄┄┄┄┄┄┄┄┄┄┄┄┄┄┄┄┄┄┄┄┄┄┄┄┄┄┄┄┄┄┄┄┄┄┄┄┄┄┄┄┄┄┄┄┄┄┄┄┄┄┄┄┄┄┄┄┄┄┄┄┄┄┄┄┄┄┄┄┄┄┄┄┄┄┄┄┄┄┄┄┄┄┄┄┄┄┄┄┄┄┄┄┄┄┄┄┄┄┄┄┄┄┄┄┄┄┄
│ 🐛 Screen view: HomeScreen | source=navigation
└───────────────────────────────────────────────────────────────────────────────────────────────────────────────────────
00:08 +172: /Users/alexandermessinger/dev/claudvibes/reflexjourney/test/core/logging/logger_service_test.dart: LoggerService Convenience Methods logScreen logs screen views                           00:08 +172: /Users/alexandermessinger/dev/claudvibes/reflexjourney/test/core/logging/logger_service_test.dart: LoggerService Error Handling handles null error gracefully                              00:08 +172: /Users/alexandermessinger/dev/claudvibes/reflexjourney/test/core/logging/logger_service_test.dart: LoggerService Error Handling handles null error gracefully                              
[38;5;196m┌───────────────────────────────────────────────────────────────────────────────────────────────────────────────────────[0m
[38;5;196m│ #0   LoggerService.error (package:corejourney/core/logging/logger_service.dart:145:13)[0m
[38;5;196m│ #1   main.<anonymous closure>.<anonymous closure>.<anonymous closure>.<anonymous closure> (file:///Users/alexandermessinger/dev/claudvibes/reflexjourney/test/core/logging/logger_service_test.dart:168:24)[0m
[38;5;196m├┄┄┄┄┄┄┄┄┄┄┄┄┄┄┄┄┄┄┄┄┄┄┄┄┄┄┄┄┄┄┄┄┄┄┄┄┄┄┄┄┄┄┄┄┄┄┄┄┄┄┄┄┄┄┄┄┄┄┄┄┄┄┄┄┄┄┄┄┄┄┄┄┄┄┄┄┄┄┄┄┄┄┄┄┄┄┄┄┄┄┄┄┄┄┄┄┄┄┄┄┄┄┄┄┄┄┄┄┄┄┄┄┄┄┄┄┄┄┄[0m
[38;5;196m│ 20:38:24.570 (+0:00:00.071099)[0m
[38;5;196m├┄┄┄┄┄┄┄┄┄┄┄┄┄┄┄┄┄┄┄┄┄┄┄┄┄┄┄┄┄┄┄┄┄┄┄┄┄┄┄┄┄┄┄┄┄┄┄┄┄┄┄┄┄┄┄┄┄┄┄┄┄┄┄┄┄┄┄┄┄┄┄┄┄┄┄┄┄┄┄┄┄┄┄┄┄┄┄┄┄┄┄┄┄┄┄┄┄┄┄┄┄┄┄┄┄┄┄┄┄┄┄┄┄┄┄┄┄┄┄[0m
[38;5;196m│ ⛔ Error without exception[0m
[38;5;196m└───────────────────────────────────────────────────────────────────────────────────────────────────────────────────────[0m
00:08 +173: /Users/alexandermessinger/dev/claudvibes/reflexjourney/test/core/logging/logger_service_test.dart: LoggerService Error Handling handles null error gracefully                              00:08 +173: /Users/alexandermessinger/dev/claudvibes/reflexjourney/test/core/logging/logger_service_test.dart: LoggerService Error Handling handles null stack trace                                   00:08 +173: /Users/alexandermessinger/dev/claudvibes/reflexjourney/test/core/logging/logger_service_test.dart: LoggerService Error Handling handles null stack trace                                   
[38;5;196m┌───────────────────────────────────────────────────────────────────────────────────────────────────────────────────────[0m
[38;5;196m│ test[0m
[38;5;196m├┄┄┄┄┄┄┄┄┄┄┄┄┄┄┄┄┄┄┄┄┄┄┄┄┄┄┄┄┄┄┄┄┄┄┄┄┄┄┄┄┄┄┄┄┄┄┄┄┄┄┄┄┄┄┄┄┄┄┄┄┄┄┄┄┄┄┄┄┄┄┄┄┄┄┄┄┄┄┄┄┄┄┄┄┄┄┄┄┄┄┄┄┄┄┄┄┄┄┄┄┄┄┄┄┄┄┄┄┄┄┄┄┄┄┄┄┄┄┄[0m
[38;5;196m│ #0   LoggerService.error (package:corejourney/core/logging/logger_service.dart:145:13)[0m
[38;5;196m│ #1   main.<anonymous closure>.<anonymous closure>.<anonymous closure>.<anonymous closure> (file:///Users/alexandermessinger/dev/claudvibes/reflexjourney/test/core/logging/logger_service_test.dart:175:24)[0m
[38;5;196m│ #2   _ReturnsNormally.typedMatches (package:matcher/src/core_matchers.dart:153:8)[0m
[38;5;196m│ #3   FeatureMatcher.matches (package:matcher/src/feature_matcher.dart:16:42)[0m
[38;5;196m│ #4   _expect (package:matcher/src/expect/expect.dart:138:30)[0m
[38;5;196m│ #5   expect (package:matcher/src/expect/expect.dart:56:3)[0m
[38;5;196m│ #6   expect (package:flutter_test/src/widget_tester.dart:473:18)[0m
[38;5;196m│ #7   main.<anonymous closure>.<anonymous closure>.<anonymous closure> (file:///Users/alexandermessinger/dev/claudvibes/reflexjourney/test/core/logging/logger_service_test.dart:174:9)[0m
[38;5;196m├┄┄┄┄┄┄┄┄┄┄┄┄┄┄┄┄┄┄┄┄┄┄┄┄┄┄┄┄┄┄┄┄┄┄┄┄┄┄┄┄┄┄┄┄┄┄┄┄┄┄┄┄┄┄┄┄┄┄┄┄┄┄┄┄┄┄┄┄┄┄┄┄┄┄┄┄┄┄┄┄┄┄┄┄┄┄┄┄┄┄┄┄┄┄┄┄┄┄┄┄┄┄┄┄┄┄┄┄┄┄┄┄┄┄┄┄┄┄┄[0m
[38;5;196m│ 20:38:24.573 (+0:00:00.074082)[0m
[38;5;196m├┄┄┄┄┄┄┄┄┄┄┄┄┄┄┄┄┄┄┄┄┄┄┄┄┄┄┄┄┄┄┄┄┄┄┄┄┄┄┄┄┄┄┄┄┄┄┄┄┄┄┄┄┄┄┄┄┄┄┄┄┄┄┄┄┄┄┄┄┄┄┄┄┄┄┄┄┄┄┄┄┄┄┄┄┄┄┄┄┄┄┄┄┄┄┄┄┄┄┄┄┄┄┄┄┄┄┄┄┄┄┄┄┄┄┄┄┄┄┄[0m
[38;5;196m│ ⛔ Error[0m
[38;5;196m└───────────────────────────────────────────────────────────────────────────────────────────────────────────────────────[0m
00:08 +174: /Users/alexandermessinger/dev/claudvibes/reflexjourney/test/core/logging/logger_service_test.dart: LoggerService Error Handling handles null stack trace                                   00:08 +174: /Users/alexandermessinger/dev/claudvibes/reflexjourney/test/core/logging/logger_service_test.dart: LoggerService Error Handling handles empty structured data                              00:08 +174: /Users/alexandermessinger/dev/claudvibes/reflexjourney/test/core/logging/logger_service_test.dart: LoggerService Error Handling handles empty structured data                              
[38;5;12m┌───────────────────────────────────────────────────────────────────────────────────────────────────────────────────────[0m
[38;5;12m│ #0   LoggerService.info (package:corejourney/core/logging/logger_service.dart:113:13)[0m
[38;5;12m│ #1   main.<anonymous closure>.<anonymous closure>.<anonymous closure>.<anonymous closure> (file:///Users/alexandermessinger/dev/claudvibes/reflexjourney/test/core/logging/logger_service_test.dart:182:24)[0m
[38;5;12m├┄┄┄┄┄┄┄┄┄┄┄┄┄┄┄┄┄┄┄┄┄┄┄┄┄┄┄┄┄┄┄┄┄┄┄┄┄┄┄┄┄┄┄┄┄┄┄┄┄┄┄┄┄┄┄┄┄┄┄┄┄┄┄┄┄┄┄┄┄┄┄┄┄┄┄┄┄┄┄┄┄┄┄┄┄┄┄┄┄┄┄┄┄┄┄┄┄┄┄┄┄┄┄┄┄┄┄┄┄┄┄┄┄┄┄┄┄┄┄[0m
[38;5;12m│ 20:38:24.577 (+0:00:00.077930)[0m
[38;5;12m├┄┄┄┄┄┄┄┄┄┄┄┄┄┄┄┄┄┄┄┄┄┄┄┄┄┄┄┄┄┄┄┄┄┄┄┄┄┄┄┄┄┄┄┄┄┄┄┄┄┄┄┄┄┄┄┄┄┄┄┄┄┄┄┄┄┄┄┄┄┄┄┄┄┄┄┄┄┄┄┄┄┄┄┄┄┄┄┄┄┄┄┄┄┄┄┄┄┄┄┄┄┄┄┄┄┄┄┄┄┄┄┄┄┄┄┄┄┄┄[0m
[38;5;12m│ 💡 Message[0m
[38;5;12m└───────────────────────────────────────────────────────────────────────────────────────────────────────────────────────[0m
00:08 +175: /Users/alexandermessinger/dev/claudvibes/reflexjourney/test/core/logging/logger_service_test.dart: LoggerService Error Handling handles empty structured data                              00:08 +175: loading /Users/alexandermessinger/dev/claudvibes/reflexjourney/test/core/logging/app_logger_test.dart                                                                                      00:08 +175: /Users/alexandermessinger/dev/claudvibes/reflexjourney/test/core/logging/app_logger_test.dart: production console redacts messages and exception values but reports errors                 00:08 +176: /Users/alexandermessinger/dev/claudvibes/reflexjourney/test/core/logging/app_logger_test.dart: production console redacts messages and exception values but reports errors                 00:08 +176: loading /Users/alexandermessinger/dev/claudvibes/reflexjourney/test/core/notifications/streak_notification_test.dart                                                                       00:08 +176: /Users/alexandermessinger/dev/claudvibes/reflexjourney/test/core/notifications/streak_notification_test.dart: plans one notice per day for the coming week                                 00:08 +177: /Users/alexandermessinger/dev/claudvibes/reflexjourney/test/core/notifications/streak_notification_test.dart: plans one notice per day for the coming week                                 00:08 +177: /Users/alexandermessinger/dev/claudvibes/reflexjourney/test/core/notifications/streak_notification_test.dart: skips today once the day is done                                             00:08 +178: /Users/alexandermessinger/dev/claudvibes/reflexjourney/test/core/notifications/streak_notification_test.dart: skips today once the day is done                                             00:08 +178: /Users/alexandermessinger/dev/claudvibes/reflexjourney/test/core/notifications/streak_notification_test.dart: skips today when the slot has already passed                                 00:08 +179: /Users/alexandermessinger/dev/claudvibes/reflexjourney/test/core/notifications/streak_notification_test.dart: skips today when the slot has already passed                                 00:08 +179: loading /Users/alexandermessinger/dev/claudvibes/reflexjourney/test/core/reminders/device_timezone_provider_test.dart                                                                      00:08 +179: /Users/alexandermessinger/dev/claudvibes/reflexjourney/test/core/reminders/device_timezone_provider_test.dart: returns IANA timezone from resolver                                         00:08 +180: /Users/alexandermessinger/dev/claudvibes/reflexjourney/test/core/reminders/device_timezone_provider_test.dart: returns IANA timezone from resolver                                         00:08 +180: /Users/alexandermessinger/dev/claudvibes/reflexjourney/test/core/reminders/device_timezone_provider_test.dart: rejects non-IANA timezone abbreviation                                      00:08 +181: /Users/alexandermessinger/dev/claudvibes/reflexjourney/test/core/reminders/device_timezone_provider_test.dart: rejects non-IANA timezone abbreviation                                      00:08 +181: /Users/alexandermessinger/dev/claudvibes/reflexjourney/test/core/reminders/device_timezone_provider_test.dart: markSyncedIfChanged writes only when changed                                00:08 +182: /Users/alexandermessinger/dev/claudvibes/reflexjourney/test/core/reminders/device_timezone_provider_test.dart: markSyncedIfChanged writes only when changed                                00:08 +182: loading /Users/alexandermessinger/dev/claudvibes/reflexjourney/test/core/services/notification_service_test.dart                                                                           00:08 +182: /Users/alexandermessinger/dev/claudvibes/reflexjourney/test/core/services/notification_service_test.dart: ... quiet hours overlap does not block non-overlapping daytime window            00:08 +183: /Users/alexandermessinger/dev/claudvibes/reflexjourney/test/core/services/notification_service_test.dart: ... quiet hours overlap does not block non-overlapping daytime window            00:08 +183: /Users/alexandermessinger/dev/claudvibes/reflexjourney/test/core/services/notification_service_test.dart: NotificationService quiet hours overlap blocks overlapping daytime window        00:08 +184: /Users/alexandermessinger/dev/claudvibes/reflexjourney/test/core/services/notification_service_test.dart: NotificationService quiet hours overlap blocks overlapping daytime window        00:08 +184: /Users/alexandermessinger/dev/claudvibes/reflexjourney/test/core/services/notification_service_test.dart: NotificationService quiet hours overlap blocks overlap for overnight quiet hours 00:08 +185: /Users/alexandermessinger/dev/claudvibes/reflexjourney/test/core/services/notification_service_test.dart: NotificationService quiet hours overlap blocks overlap for overnight quiet hours 00:08 +185: /Users/alexandermessinger/dev/claudvibes/reflexjourney/test/core/services/notification_service_test.dart: ... quiet hours overlap allows morning window outside overnight quiet hours      00:08 +186: /Users/alexandermessinger/dev/claudvibes/reflexjourney/test/core/services/notification_service_test.dart: ... quiet hours overlap allows morning window outside overnight quiet hours      00:08 +186: /Users/alexandermessinger/dev/claudvibes/reflexjourney/test/core/services/notification_service_test.dart: ... quiet hours overlap blocks when quiet hours intersect overnight window edge  00:08 +187: /Users/alexandermessinger/dev/claudvibes/reflexjourney/test/core/services/notification_service_test.dart: ... quiet hours overlap blocks when quiet hours intersect overnight window edge  00:08 +187: /Users/alexandermessinger/dev/claudvibes/reflexjourney/test/core/services/notification_service_test.dart: ... next daily reminder date schedules for next day at given reminder time       00:08 +188: /Users/alexandermessinger/dev/claudvibes/reflexjourney/test/core/services/notification_service_test.dart: ... next daily reminder date schedules for next day at given reminder time       00:08 +188: /Users/alexandermessinger/dev/claudvibes/reflexjourney/test/core/services/notification_service_test.dart: ... daily reminder date near midnight still schedules next day at reminder time  00:09 +189: /Users/alexandermessinger/dev/claudvibes/reflexjourney/test/core/services/notification_service_test.dart: ... daily reminder date near midnight still schedules next day at reminder time  00:09 +189: /Users/alexandermessinger/dev/claudvibes/reflexjourney/test/core/services/notification_service_test.dart: ... next daily reminder date exact reminder time still resolves to next day      00:09 +190: /Users/alexandermessinger/dev/claudvibes/reflexjourney/test/core/services/notification_service_test.dart: ... next daily reminder date exact reminder time still resolves to next day      00:09 +190: loading /Users/alexandermessinger/dev/claudvibes/reflexjourney/test/core/reminders/reminder_preferences_repository_test.dart                                                               00:09 +190: /Users/alexandermessinger/dev/claudvibes/reflexjourney/test/core/reminders/reminder_preferences_repository_test.dart: maps local reminder window to server quiet hours                     00:09 +191: /Users/alexandermessinger/dev/claudvibes/reflexjourney/test/core/reminders/reminder_preferences_repository_test.dart: maps local reminder window to server quiet hours                     00:09 +191: /Users/alexandermessinger/dev/claudvibes/reflexjourney/test/core/reminders/reminder_preferences_repository_test.dart: does not write server_reminders_enabled                              00:09 +192: /Users/alexandermessinger/dev/claudvibes/reflexjourney/test/core/reminders/reminder_preferences_repository_test.dart: does not write server_reminders_enabled                              00:09 +192: /Users/alexandermessinger/dev/claudvibes/reflexjourney/test/core/reminders/reminder_preferences_repository_test.dart: weekly goal source is default when user has not saved weekly goal    00:09 +193: /Users/alexandermessinger/dev/claudvibes/reflexjourney/test/core/reminders/reminder_preferences_repository_test.dart: weekly goal source is default when user has not saved weekly goal    00:09 +193: loading /Users/alexandermessinger/dev/claudvibes/reflexjourney/test/evidence/streak_evidence_test.dart                                                                                     00:09 +193: /Users/alexandermessinger/dev/claudvibes/reflexjourney/test/evidence/streak_evidence_test.dart: (setUpAll)                                                                                 00:09 +193: /Users/alexandermessinger/dev/claudvibes/reflexjourney/test/evidence/streak_evidence_test.dart: capture streak evidence screenshots                                                        00:10 +193: /Users/alexandermessinger/dev/claudvibes/reflexjourney/test/evidence/streak_evidence_test.dart: capture streak evidence screenshots                                                        00:10 +194: /Users/alexandermessinger/dev/claudvibes/reflexjourney/test/evidence/i18n_en_evidence_test.dart: first launch: choosing English before login previews, persists, and routes                00:10 +195: /Users/alexandermessinger/dev/claudvibes/reflexjourney/test/evidence/i18n_en_evidence_test.dart: first launch: choosing English before login previews, persists, and routes                00:10 +196: /Users/alexandermessinger/dev/claudvibes/reflexjourney/test/evidence/i18n_en_evidence_test.dart: first launch: choosing English before login previews, persists, and routes                00:10 +197: /Users/alexandermessinger/dev/claudvibes/reflexjourney/test/evidence/i18n_en_evidence_test.dart: first launch: choosing English before login previews, persists, and routes                00:11 +197: /Users/alexandermessinger/dev/claudvibes/reflexjourney/test/evidence/i18n_en_evidence_test.dart: first launch: choosing English before login previews, persists, and routes                00:11 +198: /Users/alexandermessinger/dev/claudvibes/reflexjourney/test/evidence/i18n_en_evidence_test.dart: first launch: choosing English before login previews, persists, and routes                00:11 +199: /Users/alexandermessinger/dev/claudvibes/reflexjourney/test/evidence/i18n_en_evidence_test.dart: first launch: choosing English before login previews, persists, and routes                00:11 +200: /Users/alexandermessinger/dev/claudvibes/reflexjourney/test/evidence/i18n_en_evidence_test.dart: first launch: choosing English before login previews, persists, and routes                00:11 +201: /Users/alexandermessinger/dev/claudvibes/reflexjourney/test/evidence/i18n_en_evidence_test.dart: first launch: choosing English before login previews, persists, and routes                00:11 +202: /Users/alexandermessinger/dev/claudvibes/reflexjourney/test/evidence/i18n_en_evidence_test.dart: first launch: choosing English before login previews, persists, and routes                00:11 +203: /Users/alexandermessinger/dev/claudvibes/reflexjourney/test/evidence/i18n_en_evidence_test.dart: first launch: choosing English before login previews, persists, and routes                00:11 +204: /Users/alexandermessinger/dev/claudvibes/reflexjourney/test/evidence/i18n_en_evidence_test.dart: first launch: choosing English before login previews, persists, and routes                00:11 +205: /Users/alexandermessinger/dev/claudvibes/reflexjourney/test/evidence/adult_reflexprofil_evidence_test.dart: capture adult reflexprofil evidence screenshots                                00:11 +206: /Users/alexandermessinger/dev/claudvibes/reflexjourney/test/evidence/adult_reflexprofil_evidence_test.dart: capture adult reflexprofil evidence screenshots                                00:11 +207: /Users/alexandermessinger/dev/claudvibes/reflexjourney/test/evidence/adult_reflexprofil_evidence_test.dart: capture adult reflexprofil evidence screenshots                                00:11 +208: /Users/alexandermessinger/dev/claudvibes/reflexjourney/test/evidence/i18n_en_evidence_test.dart: representative dashboard renders deterministic English state                              00:12 +208: /Users/alexandermessinger/dev/claudvibes/reflexjourney/test/evidence/i18n_en_evidence_test.dart: representative dashboard renders deterministic English state                              00:12 +209: /Users/alexandermessinger/dev/claudvibes/reflexjourney/test/evidence/i18n_en_evidence_test.dart: representative dashboard renders deterministic English state                              00:12 +210: /Users/alexandermessinger/dev/claudvibes/reflexjourney/test/evidence/i18n_en_evidence_test.dart: representative dashboard renders deterministic English state                              00:12 +211: /Users/alexandermessinger/dev/claudvibes/reflexjourney/test/evidence/i18n_en_evidence_test.dart: representative dashboard renders deterministic English state                              00:12 +212: /Users/alexandermessinger/dev/claudvibes/reflexjourney/test/features/settings/language_selection_screen_test.dart: previews English before login without saving prematurely                00:12 +213: /Users/alexandermessinger/dev/claudvibes/reflexjourney/test/features/settings/language_selection_screen_test.dart: previews English before login without saving prematurely                00:12 +214: /Users/alexandermessinger/dev/claudvibes/reflexjourney/test/features/settings/language_selection_screen_test.dart: previews English before login without saving prematurely                00:12 +215: /Users/alexandermessinger/dev/claudvibes/reflexjourney/test/features/settings/language_selection_screen_test.dart: previews English before login without saving prematurely                00:12 +216: /Users/alexandermessinger/dev/claudvibes/reflexjourney/test/features/settings/language_selection_screen_test.dart: previews English before login without saving prematurely                00:12 +217: /Users/alexandermessinger/dev/claudvibes/reflexjourney/test/features/settings/language_selection_screen_test.dart: previews English before login without saving prematurely                00:12 +218: /Users/alexandermessinger/dev/claudvibes/reflexjourney/test/features/settings/language_selection_screen_test.dart: previews English before login without saving prematurely                00:12 +219: /Users/alexandermessinger/dev/claudvibes/reflexjourney/test/features/settings/language_selection_screen_test.dart: previews English before login without saving prematurely                00:12 +220: /Users/alexandermessinger/dev/claudvibes/reflexjourney/test/features/settings/language_selection_screen_test.dart: previews English before login without saving prematurely                00:12 +221: /Users/alexandermessinger/dev/claudvibes/reflexjourney/test/features/settings/language_selection_screen_test.dart: previews English before login without saving prematurely                00:12 +222: /Users/alexandermessinger/dev/claudvibes/reflexjourney/test/features/progress/packages_journal_golden_localization_test.dart: Golden Day renders English and preserves German copy         00:12 +223: /Users/alexandermessinger/dev/claudvibes/reflexjourney/test/features/progress/packages_journal_golden_localization_test.dart: Golden Day renders English and preserves German copy         00:13 +223: /Users/alexandermessinger/dev/claudvibes/reflexjourney/test/features/progress/packages_journal_golden_localization_test.dart: Golden Day renders English and preserves German copy         00:13 +224: /Users/alexandermessinger/dev/claudvibes/reflexjourney/test/features/progress/packages_journal_golden_localization_test.dart: Golden Day renders English and preserves German copy         00:13 +225: /Users/alexandermessinger/dev/claudvibes/reflexjourney/test/features/progress/packages_journal_golden_localization_test.dart: Golden Day renders English and preserves German copy         00:13 +226: /Users/alexandermessinger/dev/claudvibes/reflexjourney/test/features/progress/packages_journal_golden_localization_test.dart: Golden Day renders English and preserves German copy         00:13 +227: /Users/alexandermessinger/dev/claudvibes/reflexjourney/test/features/progress/packages_journal_golden_localization_test.dart: Golden Day renders English and preserves German copy         00:13 +228: /Users/alexandermessinger/dev/claudvibes/reflexjourney/test/features/progress/packages_journal_golden_localization_test.dart: Golden Day renders English and preserves German copy         00:13 +229: /Users/alexandermessinger/dev/claudvibes/reflexjourney/test/features/progress/packages_journal_golden_localization_test.dart: Golden Day renders English and preserves German copy         00:13 +230: /Users/alexandermessinger/dev/claudvibes/reflexjourney/test/features/progress/packages_journal_golden_localization_test.dart: Golden Day renders English and preserves German copy         00:13 +231: /Users/alexandermessinger/dev/claudvibes/reflexjourney/test/features/progress/packages_journal_golden_localization_test.dart: Golden Day renders English and preserves German copy         00:13 +232: /Users/alexandermessinger/dev/claudvibes/reflexjourney/test/features/progress/packages_journal_golden_localization_test.dart: Golden Day renders English and preserves German copy         00:13 +233: /Users/alexandermessinger/dev/claudvibes/reflexjourney/test/features/progress/packages_journal_golden_localization_test.dart: Golden Day renders English and preserves German copy         00:13 +234: /Users/alexandermessinger/dev/claudvibes/reflexjourney/test/features/progress/packages_journal_golden_localization_test.dart: Golden Day renders English and preserves German copy         00:13 +235: /Users/alexandermessinger/dev/claudvibes/reflexjourney/test/features/progress/packages_journal_golden_localization_test.dart: Golden Day renders English and preserves German copy         00:13 +236: /Users/alexandermessinger/dev/claudvibes/reflexjourney/test/features/progress/packages_journal_golden_localization_test.dart: Golden Day renders English and preserves German copy         00:13 +236: /Users/alexandermessinger/dev/claudvibes/reflexjourney/test/features/progress/packages_journal_golden_localization_test.dart: (tearDownAll)                                                00:13 +236: loading /Users/alexandermessinger/dev/claudvibes/reflexjourney/test/features/progress/domain/streak/streak_math_test.dart                                                                  00:13 +236: /Users/alexandermessinger/dev/claudvibes/reflexjourney/test/features/progress/domain/streak/streak_math_test.dart: earnCredits three training days earn one credit                         00:13 +237: /Users/alexandermessinger/dev/claudvibes/reflexjourney/test/features/progress/domain/streak/streak_math_test.dart: earnCredits three training days earn one credit                         00:13 +237: /Users/alexandermessinger/dev/claudvibes/reflexjourney/test/features/progress/domain/streak/streak_math_test.dart: earnCredits two training days earn nothing but keep the progress        00:13 +238: /Users/alexandermessinger/dev/claudvibes/reflexjourney/test/features/progress/domain/streak/streak_math_test.dart: earnCredits two training days earn nothing but keep the progress        00:13 +238: /Users/alexandermessinger/dev/claudvibes/reflexjourney/test/features/progress/domain/streak/streak_math_test.dart: earnCredits days already counted are not counted again                  00:13 +239: /Users/alexandermessinger/dev/claudvibes/reflexjourney/test/features/progress/domain/streak/streak_math_test.dart: earnCredits days already counted are not counted again                  00:13 +239: /Users/alexandermessinger/dev/claudvibes/reflexjourney/test/features/progress/domain/streak/streak_math_test.dart: earnCredits progress rests while the ledger is full                     00:13 +240: /Users/alexandermessinger/dev/claudvibes/reflexjourney/test/features/progress/domain/streak/streak_math_test.dart: earnCredits progress rests while the ledger is full                     00:13 +240: /Users/alexandermessinger/dev/claudvibes/reflexjourney/test/features/progress/domain/streak/streak_math_test.dart: earnCredits six training days earn two credits and stop at the cap      00:13 +241: /Users/alexandermessinger/dev/claudvibes/reflexjourney/test/features/progress/domain/streak/streak_math_test.dart: earnCredits six training days earn two credits and stop at the cap      00:13 +241: /Users/alexandermessinger/dev/claudvibes/reflexjourney/test/features/progress/domain/streak/streak_math_test.dart: earnCredits future training days are ignored                            00:13 +242: /Users/alexandermessinger/dev/claudvibes/reflexjourney/test/features/progress/domain/streak/streak_math_test.dart: earnCredits future training days are ignored                            00:13 +242: /Users/alexandermessinger/dev/claudvibes/reflexjourney/test/features/progress/domain/streak/streak_math_test.dart: earnCredits rescued days do not earn progress                           00:13 +243: /Users/alexandermessinger/dev/claudvibes/reflexjourney/test/features/progress/domain/streak/streak_math_test.dart: earnCredits rescued days do not earn progress                           00:13 +243: /Users/alexandermessinger/dev/claudvibes/reflexjourney/test/features/progress/domain/streak/streak_math_test.dart: spendCredits a one-day gap is rescued when a credit is available        00:13 +244: /Users/alexandermessinger/dev/claudvibes/reflexjourney/test/features/progress/domain/streak/streak_math_test.dart: spendCredits a one-day gap is rescued when a credit is available        00:13 +244: /Users/alexandermessinger/dev/claudvibes/reflexjourney/test/features/progress/domain/streak/streak_math_test.dart: ... two consecutive missed days are rescued with two credits (D10)      00:13 +245: /Users/alexandermessinger/dev/claudvibes/reflexjourney/test/features/progress/domain/streak/streak_math_test.dart: ... two consecutive missed days are rescued with two credits (D10)      00:13 +245: /Users/alexandermessinger/dev/claudvibes/reflexjourney/test/features/progress/domain/streak/streak_math_test.dart: ... a three-day gap breaks the streak and keeps both credits (D11)      00:13 +246: /Users/alexandermessinger/dev/claudvibes/reflexjourney/test/features/progress/domain/streak/streak_math_test.dart: ... a three-day gap breaks the streak and keeps both credits (D11)      00:13 +246: /Users/alexandermessinger/dev/claudvibes/reflexjourney/test/features/progress/domain/streak/streak_math_test.dart: spendCredits today is never part of the gap                             00:13 +247: /Users/alexandermessinger/dev/claudvibes/reflexjourney/test/features/progress/domain/streak/streak_math_test.dart: spendCredits today is never part of the gap                             00:13 +247: /Users/alexandermessinger/dev/claudvibes/reflexjourney/test/features/progress/domain/streak/streak_math_test.dart: spendCredits an already rescued day counts as the last day              00:13 +248: /Users/alexandermessinger/dev/claudvibes/reflexjourney/test/features/progress/domain/streak/streak_math_test.dart: spendCredits an already rescued day counts as the last day              00:13 +248: /Users/alexandermessinger/dev/claudvibes/reflexjourney/test/features/progress/domain/streak/streak_math_test.dart: spendCredits nothing happens before the first training day              00:13 +249: /Users/alexandermessinger/dev/claudvibes/reflexjourney/test/features/progress/domain/streak/streak_math_test.dart: spendCredits nothing happens before the first training day              00:13 +249: /Users/alexandermessinger/dev/claudvibes/reflexjourney/test/features/progress/domain/streak/streak_math_test.dart: spendCredits the lookback stops at the configured horizon               00:13 +250: /Users/alexandermessinger/dev/claudvibes/reflexjourney/test/features/progress/domain/streak/streak_math_test.dart: spendCredits the lookback stops at the configured horizon               00:13 +250: /Users/alexandermessinger/dev/claudvibes/reflexjourney/test/features/progress/domain/streak/streak_math_test.dart: spendCredits spending twice on the same gap changes nothing             00:13 +251: /Users/alexandermessinger/dev/claudvibes/reflexjourney/test/features/progress/domain/streak/streak_math_test.dart: spendCredits spending twice on the same gap changes nothing             00:13 +251: /Users/alexandermessinger/dev/claudvibes/reflexjourney/test/features/progress/domain/streak/streak_math_test.dart: streakLength counts consecutive training days ending today              00:13 +252: /Users/alexandermessinger/dev/claudvibes/reflexjourney/test/features/progress/domain/streak/streak_math_test.dart: streakLength counts consecutive training days ending today              00:13 +252: /Users/alexandermessinger/dev/claudvibes/reflexjourney/test/features/progress/domain/streak/streak_math_test.dart: streakLength an open today does not break the series                    00:13 +253: /Users/alexandermessinger/dev/claudvibes/reflexjourney/test/features/progress/domain/streak/streak_math_test.dart: streakLength an open today does not break the series                    00:13 +253: /Users/alexandermessinger/dev/claudvibes/reflexjourney/test/features/progress/domain/streak/streak_math_test.dart: streakLength a rescued day keeps the series running                     00:13 +254: /Users/alexandermessinger/dev/claudvibes/reflexjourney/test/features/progress/domain/streak/streak_math_test.dart: streakLength a rescued day keeps the series running                     00:13 +254: /Users/alexandermessinger/dev/claudvibes/reflexjourney/test/features/progress/domain/streak/streak_math_test.dart: streakLength an unrescued gap ends the series                           00:13 +255: /Users/alexandermessinger/dev/claudvibes/reflexjourney/test/features/progress/domain/streak/streak_math_test.dart: streakLength an unrescued gap ends the series                           00:13 +255: /Users/alexandermessinger/dev/claudvibes/reflexjourney/test/features/progress/domain/streak/streak_math_test.dart: streakLength no training at all is a length of zero                     00:13 +256: /Users/alexandermessinger/dev/claudvibes/reflexjourney/test/features/progress/domain/streak/streak_math_test.dart: streakLength no training at all is a length of zero                     00:13 +256: /Users/alexandermessinger/dev/claudvibes/reflexjourney/test/features/progress/domain/streak/streak_math_test.dart: evaluateStreak earns before spending, so a fresh credit can still rescue00:13 +257: /Users/alexandermessinger/dev/claudvibes/reflexjourney/test/features/progress/domain/streak/streak_math_test.dart: evaluateStreak earns before spending, so a fresh credit can still rescue00:13 +257: /Users/alexandermessinger/dev/claudvibes/reflexjourney/test/features/progress/domain/streak/streak_math_test.dart: evaluateStreak reports nothing newly rescued when no gap exists         00:13 +258: /Users/alexandermessinger/dev/claudvibes/reflexjourney/test/features/progress/domain/streak/streak_math_test.dart: evaluateStreak reports nothing newly rescued when no gap exists         00:13 +258: /Users/alexandermessinger/dev/claudvibes/reflexjourney/test/features/progress/domain/streak/streak_math_test.dart: evaluateStreak a second evaluation on the same day changes nothing      00:13 +259: /Users/alexandermessinger/dev/claudvibes/reflexjourney/test/features/progress/domain/streak/streak_math_test.dart: evaluateStreak a second evaluation on the same day changes nothing      00:13 +259: /Users/alexandermessinger/dev/claudvibes/reflexjourney/test/features/progress/domain/streak/streak_math_test.dart: evaluateStreak rescued days older than the horizon are pruned           00:13 +260: /Users/alexandermessinger/dev/claudvibes/reflexjourney/test/features/progress/domain/streak/streak_math_test.dart: evaluateStreak rescued days older than the horizon are pruned           00:13 +260: loading /Users/alexandermessinger/dev/claudvibes/reflexjourney/test/features/progress/presentation/streak_row_test.dart                                                                    00:13 +260: /Users/alexandermessinger/dev/claudvibes/reflexjourney/test/features/progress/presentation/streak_row_test.dart: shows the streak length and the remaining credits                         00:14 +260: /Users/alexandermessinger/dev/claudvibes/reflexjourney/test/features/progress/presentation/streak_row_test.dart: shows the streak length and the remaining credits                         00:14 +261: /Users/alexandermessinger/dev/claudvibes/reflexjourney/test/features/progress/presentation/streak_row_test.dart: shows the streak length and the remaining credits                         00:14 +262: /Users/alexandermessinger/dev/claudvibes/reflexjourney/test/features/progress/presentation/streak_row_test.dart: shows the streak length and the remaining credits                         00:14 +263: /Users/alexandermessinger/dev/claudvibes/reflexjourney/test/features/progress/presentation/streak_row_test.dart: shows the streak length and the remaining credits                         00:14 +264: /Users/alexandermessinger/dev/claudvibes/reflexjourney/test/features/chat/dm_screen_test.dart: shows only direct channels, filters community out                                           00:14 +265: /Users/alexandermessinger/dev/claudvibes/reflexjourney/test/features/chat/dm_screen_test.dart: shows only direct channels, filters community out                                           00:14 +266: /Users/alexandermessinger/dev/claudvibes/reflexjourney/test/features/chat/dm_screen_test.dart: shows only direct channels, filters community out                                           00:14 +267: /Users/alexandermessinger/dev/claudvibes/reflexjourney/test/features/chat/dm_screen_test.dart: shows only direct channels, filters community out                                           00:14 +268: /Users/alexandermessinger/dev/claudvibes/reflexjourney/test/features/chat/dm_screen_test.dart: shows only direct channels, filters community out                                           00:14 +269: /Users/alexandermessinger/dev/claudvibes/reflexjourney/test/features/chat/dm_screen_test.dart: shows only direct channels, filters community out                                           00:14 +270: /Users/alexandermessinger/dev/claudvibes/reflexjourney/test/features/chat/dm_screen_test.dart: shows only direct channels, filters community out                                           00:14 +271: /Users/alexandermessinger/dev/claudvibes/reflexjourney/test/features/chat/dm_screen_test.dart: shows only direct channels, filters community out                                           00:14 +272: /Users/alexandermessinger/dev/claudvibes/reflexjourney/test/features/chat/dm_screen_test.dart: shows only direct channels, filters community out                                           00:14 +273: /Users/alexandermessinger/dev/claudvibes/reflexjourney/test/features/chat/dm_screen_test.dart: shows only direct channels, filters community out                                           00:14 +274: /Users/alexandermessinger/dev/claudvibes/reflexjourney/test/features/chat/dm_screen_test.dart: shows only direct channels, filters community out                                           00:14 +275: /Users/alexandermessinger/dev/claudvibes/reflexjourney/test/features/chat/dm_screen_test.dart: shows only direct channels, filters community out                                           00:14 +276: /Users/alexandermessinger/dev/claudvibes/reflexjourney/test/features/chat/dm_screen_test.dart: shows only direct channels, filters community out                                           00:14 +277: /Users/alexandermessinger/dev/claudvibes/reflexjourney/test/features/chat/dm_screen_test.dart: shows only direct channels, filters community out                                           00:14 +278: /Users/alexandermessinger/dev/claudvibes/reflexjourney/test/features/chat/dm_screen_test.dart: shows only direct channels, filters community out                                           00:14 +279: /Users/alexandermessinger/dev/claudvibes/reflexjourney/test/features/chat/dm_screen_test.dart: shows only direct channels, filters community out                                           00:14 +280: /Users/alexandermessinger/dev/claudvibes/reflexjourney/test/features/chat/dm_screen_test.dart: shows only direct channels, filters community out                                           00:14 +281: /Users/alexandermessinger/dev/claudvibes/reflexjourney/test/features/chat/dm_screen_test.dart: shows only direct channels, filters community out                                           00:14 +282: /Users/alexandermessinger/dev/claudvibes/reflexjourney/test/features/chat/dm_screen_test.dart: shows only direct channels, filters community out                                           00:15 +282: /Users/alexandermessinger/dev/claudvibes/reflexjourney/test/features/chat/dm_screen_test.dart: shows only direct channels, filters community out                                           00:15 +283: /Users/alexandermessinger/dev/claudvibes/reflexjourney/test/features/chat/dm_screen_test.dart: shows only direct channels, filters community out                                           00:15 +284: /Users/alexandermessinger/dev/claudvibes/reflexjourney/test/features/chat/chat_channel_screen_call_gate_test.dart: Practitioner-Chat rendert ohne Call-Button, Senden bleibt               00:15 +285: /Users/alexandermessinger/dev/claudvibes/reflexjourney/test/features/chat/chat_channel_screen_call_gate_test.dart: Practitioner-Chat rendert ohne Call-Button, Senden bleibt               00:15 +286: /Users/alexandermessinger/dev/claudvibes/reflexjourney/test/features/chat/chat_channel_screen_call_gate_test.dart: Practitioner-Chat rendert ohne Call-Button, Senden bleibt               00:15 +287: /Users/alexandermessinger/dev/claudvibes/reflexjourney/test/features/chat/chat_channel_screen_call_gate_test.dart: Practitioner-Chat rendert ohne Call-Button, Senden bleibt               00:15 +288: /Users/alexandermessinger/dev/claudvibes/reflexjourney/test/features/chat/chat_channel_screen_call_gate_test.dart: Practitioner-Chat rendert ohne Call-Button, Senden bleibt               00:15 +289: /Users/alexandermessinger/dev/claudvibes/reflexjourney/test/features/chat/chat_channel_screen_call_gate_test.dart: Practitioner-Chat rendert ohne Call-Button, Senden bleibt               00:16 +289: /Users/alexandermessinger/dev/claudvibes/reflexjourney/test/features/chat/chat_channel_screen_call_gate_test.dart: Practitioner-Chat rendert ohne Call-Button, Senden bleibt               00:16 +290: /Users/alexandermessinger/dev/claudvibes/reflexjourney/test/features/accompaniment/end_accompaniment_dialog_test.dart: names all three consequences before confirming                      00:16 +291: /Users/alexandermessinger/dev/claudvibes/reflexjourney/test/features/auth/login_screen_social_test.dart: shows Apple and Google sign-in buttons on sign-in mode                            00:16 +292: /Users/alexandermessinger/dev/claudvibes/reflexjourney/test/features/auth/login_screen_social_test.dart: shows Apple and Google sign-in buttons on sign-in mode                            00:16 +293: /Users/alexandermessinger/dev/claudvibes/reflexjourney/test/features/auth/login_screen_social_test.dart: shows Apple and Google sign-in buttons on sign-in mode                            00:16 +294: /Users/alexandermessinger/dev/claudvibes/reflexjourney/test/features/auth/login_screen_social_test.dart: shows Apple and Google sign-in buttons on sign-in mode                            00:16 +295: /Users/alexandermessinger/dev/claudvibes/reflexjourney/test/features/auth/login_screen_social_test.dart: shows Apple and Google sign-in buttons on sign-in mode                            00:16 +296: /Users/alexandermessinger/dev/claudvibes/reflexjourney/test/features/auth/login_screen_social_test.dart: shows Apple and Google sign-in buttons on sign-in mode                            00:16 +297: /Users/alexandermessinger/dev/claudvibes/reflexjourney/test/features/auth/login_screen_social_test.dart: shows Apple and Google sign-in buttons on sign-in mode                            00:16 +298: /Users/alexandermessinger/dev/claudvibes/reflexjourney/test/features/auth/login_screen_social_test.dart: shows Apple and Google sign-in buttons on sign-in mode                            00:16 +299: /Users/alexandermessinger/dev/claudvibes/reflexjourney/test/features/auth/login_screen_social_test.dart: shows Apple and Google sign-in buttons on sign-in mode                            00:16 +300: /Users/alexandermessinger/dev/claudvibes/reflexjourney/test/features/auth/login_screen_social_test.dart: shows Apple and Google sign-in buttons on sign-in mode                            00:16 +301: /Users/alexandermessinger/dev/claudvibes/reflexjourney/test/features/auth/login_screen_social_test.dart: shows Apple and Google sign-in buttons on sign-in mode                            00:16 +302: /Users/alexandermessinger/dev/claudvibes/reflexjourney/test/features/auth/login_screen_social_test.dart: shows Apple and Google sign-in buttons on sign-in mode                            00:16 +302: /Users/alexandermessinger/dev/claudvibes/reflexjourney/test/features/auth/login_screen_social_test.dart: hides social buttons on sign-up mode                                              00:16 +303: /Users/alexandermessinger/dev/claudvibes/reflexjourney/test/features/auth/login_screen_social_test.dart: hides social buttons on sign-up mode                                              00:16 +303: /Users/alexandermessinger/dev/claudvibes/reflexjourney/test/features/auth/login_screen_social_test.dart: (tearDownAll)                                                                     00:16 +303: loading /Users/alexandermessinger/dev/claudvibes/reflexjourney/test/features/training/metronome_service_test.dart                                                                          00:16 +303: /Users/alexandermessinger/dev/claudvibes/reflexjourney/test/features/training/metronome_service_test.dart: ... — holdRest emits beats 1..7 then allRepsComplete for 1-rep exercise         00:16 +304: /Users/alexandermessinger/dev/claudvibes/reflexjourney/test/features/training/metronome_service_test.dart: ... — holdRest emits beats 1..7 then allRepsComplete for 1-rep exercise         00:16 +304: /Users/alexandermessinger/dev/claudvibes/reflexjourney/test/features/training/metronome_service_test.dart: ... — holdRest emits repComplete between reps for multi-rep exercise            00:16 +305: /Users/alexandermessinger/dev/claudvibes/reflexjourney/test/features/training/metronome_service_test.dart: ... — holdRest emits repComplete between reps for multi-rep exercise            00:16 +305: /Users/alexandermessinger/dev/claudvibes/reflexjourney/test/features/training/metronome_service_test.dart: MetronomeService — holdRest dispose cancels running exercise                    00:16 +306: /Users/alexandermessinger/dev/claudvibes/reflexjourney/test/features/training/metronome_service_test.dart: MetronomeService — holdRest dispose cancels running exercise                    00:16 +306: /Users/alexandermessinger/dev/claudvibes/reflexjourney/test/features/training/metronome_service_test.dart: MetronomeService — phased emits phaseTransition between phases                  00:17 +306: /Users/alexandermessinger/dev/claudvibes/reflexjourney/test/features/training/metronome_service_test.dart: MetronomeService — phased emits phaseTransition between phases                  00:17 +307: /Users/alexandermessinger/dev/claudvibes/reflexjourney/test/features/training/metronome_service_test.dart: MetronomeService — phased emits phaseTransition between phases                  00:17 +307: loading /Users/alexandermessinger/dev/claudvibes/reflexjourney/test/features/training/rhythm_cue_player_test.dart                                                                          00:17 +307: /Users/alexandermessinger/dev/claudvibes/reflexjourney/test/features/training/rhythm_cue_player_test.dart: bundled rhythm cues are non-empty PCM mono WAV assets                           00:17 +308: /Users/alexandermessinger/dev/claudvibes/reflexjourney/test/features/training/rhythm_cue_player_test.dart: bundled rhythm cues are non-empty PCM mono WAV assets                           00:17 +308: /Users/alexandermessinger/dev/claudvibes/reflexjourney/test/features/training/rhythm_cue_player_test.dart: initialize preflights both assets and is idempotent                             00:17 +309: /Users/alexandermessinger/dev/claudvibes/reflexjourney/test/features/training/rhythm_cue_player_test.dart: initialize preflights both assets and is idempotent                             00:17 +309: /Users/alexandermessinger/dev/claudvibes/reflexjourney/test/features/training/rhythm_cue_player_test.dart: missing asset keeps the player gated and never initializes audio                00:17 +310: /Users/alexandermessinger/dev/claudvibes/reflexjourney/test/features/training/rhythm_cue_player_test.dart: missing asset keeps the player gated and never initializes audio                00:17 +310: /Users/alexandermessinger/dev/claudvibes/reflexjourney/test/features/training/rhythm_cue_player_test.dart: backend initialization failure is a closed preflight result                     00:17 +311: /Users/alexandermessinger/dev/claudvibes/reflexjourney/test/features/training/rhythm_cue_player_test.dart: backend initialization failure is a closed preflight result                     00:17 +311: /Users/alexandermessinger/dev/claudvibes/reflexjourney/test/features/training/rhythm_cue_player_test.dart: maps canonical session signals without owning a timeline                        00:17 +312: /Users/alexandermessinger/dev/claudvibes/reflexjourney/test/features/training/rhythm_cue_player_test.dart: maps canonical session signals without owning a timeline                        00:17 +312: /Users/alexandermessinger/dev/claudvibes/reflexjourney/test/features/training/rhythm_cue_player_test.dart: disabled tones and pause signals stop instead of playing                        00:17 +313: /Users/alexandermessinger/dev/claudvibes/reflexjourney/test/features/training/rhythm_cue_player_test.dart: disabled tones and pause signals stop instead of playing                        00:17 +313: /Users/alexandermessinger/dev/claudvibes/reflexjourney/test/features/training/rhythm_cue_player_test.dart: stop invalidates queued cues before stopping the backend                        00:17 +314: /Users/alexandermessinger/dev/claudvibes/reflexjourney/test/features/training/rhythm_cue_player_test.dart: stop invalidates queued cues before stopping the backend                        00:17 +314: /Users/alexandermessinger/dev/claudvibes/reflexjourney/test/features/training/rhythm_cue_player_test.dart: runtime playback failure reports a safe interruption                            00:17 +314: /Users/alexandermessinger/dev/claudvibes/reflexjourney/test/features/training/rhythm_cue_player_test.dart: runtime playback failure reports a safe interruption                            
[RhythmCuePlayer] failed to play sounds/rhythm_arrive.wav: Bad state: audio focus lost
00:17 +315: /Users/alexandermessinger/dev/claudvibes/reflexjourney/test/features/training/rhythm_cue_player_test.dart: runtime playback failure reports a safe interruption                            00:17 +315: /Users/alexandermessinger/dev/claudvibes/reflexjourney/test/features/training/rhythm_cue_player_test.dart: dispose is idempotent and prevents future initialization                        00:17 +316: /Users/alexandermessinger/dev/claudvibes/reflexjourney/test/features/training/rhythm_cue_player_test.dart: dispose is idempotent and prevents future initialization                        00:17 +316: loading /Users/alexandermessinger/dev/claudvibes/reflexjourney/test/features/training/training_flow_provider_test.dart                                                                     00:17 +316: /Users/alexandermessinger/dev/claudvibes/reflexjourney/test/features/training/training_flow_provider_test.dart: TrainingFlowNotifier regression routine starts movement after intro        00:17 +317: /Users/alexandermessinger/dev/claudvibes/reflexjourney/test/features/training/training_flow_provider_test.dart: TrainingFlowNotifier regression routine starts movement after intro        00:17 +317: /Users/alexandermessinger/dev/claudvibes/reflexjourney/test/features/training/training_flow_provider_test.dart: ... regression tutorial starts with video and advances to position         00:17 +318: /Users/alexandermessinger/dev/claudvibes/reflexjourney/test/features/training/training_flow_provider_test.dart: ... regression tutorial starts with video and advances to position         00:17 +318: /Users/alexandermessinger/dev/claudvibes/reflexjourney/test/features/training/training_flow_provider_test.dart: TrainingFlowNotifier regression tutorial readiness steps reach movement    00:17 +319: /Users/alexandermessinger/dev/claudvibes/reflexjourney/test/features/training/training_flow_provider_test.dart: TrainingFlowNotifier regression tutorial readiness steps reach movement    00:17 +319: /Users/alexandermessinger/dev/claudvibes/reflexjourney/test/features/training/training_flow_provider_test.dart: ... regression non-last exercise completion moves to rest and next exercise00:17 +320: /Users/alexandermessinger/dev/claudvibes/reflexjourney/test/features/training/training_flow_provider_test.dart: ... regression non-last exercise completion moves to rest and next exercise00:17 +320: /Users/alexandermessinger/dev/claudvibes/reflexjourney/test/features/training/training_flow_provider_test.dart: ... regression last exercise completion moves to outro and marks complete  00:17 +321: /Users/alexandermessinger/dev/claudvibes/reflexjourney/test/features/training/training_flow_provider_test.dart: ... regression last exercise completion moves to outro and marks complete  00:17 +321: /Users/alexandermessinger/dev/claudvibes/reflexjourney/test/features/training/training_flow_provider_test.dart: ... regression disclaimer starts before intro when required                00:17 +322: /Users/alexandermessinger/dev/claudvibes/reflexjourney/test/features/training/training_flow_provider_test.dart: ... regression disclaimer starts before intro when required                00:17 +322: loading /Users/alexandermessinger/dev/claudvibes/reflexjourney/test/features/training/domain/content/moro_content_snapshot_test.dart                                                       00:17 +322: /Users/alexandermessinger/dev/claudvibes/reflexjourney/test/features/training/domain/content/moro_content_snapshot_test.dart: ... snapshot pins version, IDs, order, repetitions and timing00:17 +323: /Users/alexandermessinger/dev/claudvibes/reflexjourney/test/features/training/domain/content/moro_content_snapshot_test.dart: ... snapshot pins version, IDs, order, repetitions and timing00:17 +323: /Users/alexandermessinger/dev/claudvibes/reflexjourney/test/features/training/domain/content/moro_content_snapshot_test.dart: ... snapshot has concise and equivalent DE/EN guidance fields00:17 +324: /Users/alexandermessinger/dev/claudvibes/reflexjourney/test/features/training/domain/content/moro_content_snapshot_test.dart: ... snapshot has concise and equivalent DE/EN guidance fields00:17 +324: /Users/alexandermessinger/dev/claudvibes/reflexjourney/test/features/training/domain/content/moro_content_snapshot_test.dart: ... maps released images and declares no bundled videos      00:17 +325: /Users/alexandermessinger/dev/claudvibes/reflexjourney/test/features/training/domain/content/moro_content_snapshot_test.dart: ... maps released images and declares no bundled videos      00:17 +325: /Users/alexandermessinger/dev/claudvibes/reflexjourney/test/features/training/domain/content/moro_content_snapshot_test.dart: Moro media manifest every declared bundled image exists      00:17 +326: /Users/alexandermessinger/dev/claudvibes/reflexjourney/test/features/training/domain/content/moro_content_snapshot_test.dart: Moro media manifest every declared bundled image exists      00:17 +326: /Users/alexandermessinger/dev/claudvibes/reflexjourney/test/features/training/domain/content/moro_content_snapshot_test.dart: ... backend migration carries the same media contract        00:17 +327: /Users/alexandermessinger/dev/claudvibes/reflexjourney/test/features/training/data/repositories/training_completion_repository_test.dart: ... completion advances progress exactly once    00:17 +328: /Users/alexandermessinger/dev/claudvibes/reflexjourney/test/features/training/data/repositories/training_completion_repository_test.dart: ... completion advances progress exactly once    00:17 +329: /Users/alexandermessinger/dev/claudvibes/reflexjourney/test/features/training/domain/exercise_model_test.dart: Exercise.fromRow — URL normalization null URLs stay null                    00:17 +330: /Users/alexandermessinger/dev/claudvibes/reflexjourney/test/features/training/data/repositories/training_completion_repository_test.dart: ... session and progress outbox jobs             00:17 +331: /Users/alexandermessinger/dev/claudvibes/reflexjourney/test/features/training/data/repositories/training_completion_repository_test.dart: ... session and progress outbox jobs             00:17 +332: /Users/alexandermessinger/dev/claudvibes/reflexjourney/test/features/training/data/repositories/training_completion_repository_test.dart: ... session and progress outbox jobs             00:17 +332: /Users/alexandermessinger/dev/claudvibes/reflexjourney/test/features/training/domain/exercise_model_test.dart: ... — URL normalization empty string URLs are normalised to null            00:17 +333: /Users/alexandermessinger/dev/claudvibes/reflexjourney/test/features/training/data/repositories/training_completion_repository_test.dart: ... is an explicit error with no partial writes  00:17 +334: /Users/alexandermessinger/dev/claudvibes/reflexjourney/test/features/training/data/repositories/training_completion_repository_test.dart: ... is an explicit error with no partial writes  00:17 +335: /Users/alexandermessinger/dev/claudvibes/reflexjourney/test/features/training/data/repositories/training_completion_repository_test.dart: ... is an explicit error with no partial writes  00:17 +336: /Users/alexandermessinger/dev/claudvibes/reflexjourney/test/features/training/data/repositories/training_completion_repository_test.dart: ... is an explicit error with no partial writes  00:17 +337: /Users/alexandermessinger/dev/claudvibes/reflexjourney/test/features/training/data/repositories/training_completion_repository_test.dart: ... is an explicit error with no partial writes  00:17 +338: /Users/alexandermessinger/dev/claudvibes/reflexjourney/test/features/training/data/repositories/training_completion_repository_test.dart: ... is an explicit error with no partial writes  00:17 +339: /Users/alexandermessinger/dev/claudvibes/reflexjourney/test/features/training/data/repositories/training_completion_repository_test.dart: ... is an explicit error with no partial writes  00:17 +340: /Users/alexandermessinger/dev/claudvibes/reflexjourney/test/features/training/data/repositories/training_completion_repository_test.dart: ... is an explicit error with no partial writes  00:17 +340: /Users/alexandermessinger/dev/claudvibes/reflexjourney/test/features/training/data/repositories/training_completion_repository_test.dart: ... is an explicit error with no partial writes  00:17 +341: /Users/alexandermessinger/dev/claudvibes/reflexjourney/test/features/training/data/repositories/training_completion_repository_test.dart: ... is an explicit error with no partial writes  00:17 +342: /Users/alexandermessinger/dev/claudvibes/reflexjourney/test/features/training/data/repositories/training_completion_repository_test.dart: ... is an explicit error with no partial writes  00:17 +342: /Users/alexandermessinger/dev/claudvibes/reflexjourney/test/features/training/data/repositories/training_completion_repository_test.dart: ... rolls back session and progress atomically   00:17 +343: /Users/alexandermessinger/dev/claudvibes/reflexjourney/test/features/training/data/repositories/training_completion_repository_test.dart: ... rolls back session and progress atomically   00:17 +343: /Users/alexandermessinger/dev/claudvibes/reflexjourney/test/features/training/data/repositories/training_completion_repository_test.dart: ... failure rolls back the whole completion group00:17 +344: /Users/alexandermessinger/dev/claudvibes/reflexjourney/test/features/training/data/repositories/training_completion_repository_test.dart: ... failure rolls back the whole completion group00:17 +344: /Users/alexandermessinger/dev/claudvibes/reflexjourney/test/features/training/data/repositories/training_completion_repository_test.dart: ... is idempotent and committed with its outbox  00:17 +345: /Users/alexandermessinger/dev/claudvibes/reflexjourney/test/features/training/data/repositories/training_completion_repository_test.dart: ... is idempotent and committed with its outbox  00:17 +345: /Users/alexandermessinger/dev/claudvibes/reflexjourney/test/features/training/data/repositories/training_completion_repository_test.dart: completing a session no longer computes a streak 00:17 +346: /Users/alexandermessinger/dev/claudvibes/reflexjourney/test/features/training/data/repositories/training_completion_repository_test.dart: completing a session no longer computes a streak 00:18 +346: /Users/alexandermessinger/dev/claudvibes/reflexjourney/test/features/training/data/repositories/training_completion_repository_test.dart: completing a session no longer computes a streak 00:18 +346: loading /Users/alexandermessinger/dev/claudvibes/reflexjourney/test/features/training/domain/moro_training_contract_test.dart                                                              00:18 +346: /Users/alexandermessinger/dev/claudvibes/reflexjourney/test/features/training/domain/moro_training_contract_test.dart: ... contract keeps the released 5 → 3 → 4 → 1 → 2 → 6 → 7 order     00:18 +347: /Users/alexandermessinger/dev/claudvibes/reflexjourney/test/features/training/domain/moro_training_contract_test.dart: ... contract keeps the released 5 → 3 → 4 → 1 → 2 → 6 → 7 order     00:18 +347: /Users/alexandermessinger/dev/claudvibes/reflexjourney/test/features/training/domain/moro_training_contract_test.dart: Moro training contract keeps released repetition and phase timing   00:18 +348: /Users/alexandermessinger/dev/claudvibes/reflexjourney/test/features/training/domain/moro_training_contract_test.dart: Moro training contract keeps released repetition and phase timing   00:18 +348: loading /Users/alexandermessinger/dev/claudvibes/reflexjourney/test/features/training/domain/session/session_orchestrator_test.dart                                                        00:18 +348: /Users/alexandermessinger/dev/claudvibes/reflexjourney/test/features/training/domain/session/session_orchestrator_test.dart: ... waits for the announcement before starting the countdown  00:18 +349: /Users/alexandermessinger/dev/claudvibes/reflexjourney/test/features/training/domain/session/session_orchestrator_test.dart: ... waits for the announcement before starting the countdown  00:18 +349: /Users/alexandermessinger/dev/claudvibes/reflexjourney/test/features/training/domain/session/session_orchestrator_test.dart: ... learning mode requires a conscious ready action           00:18 +350: /Users/alexandermessinger/dev/claudvibes/reflexjourney/test/features/training/domain/session/session_orchestrator_test.dart: ... learning mode requires a conscious ready action           00:18 +350: /Users/alexandermessinger/dev/claudvibes/reflexjourney/test/features/training/domain/session/session_orchestrator_test.dart: ... an interrupted announcement must be resumed deliberately  00:18 +351: /Users/alexandermessinger/dev/claudvibes/reflexjourney/test/features/training/domain/session/session_orchestrator_test.dart: ... an interrupted announcement must be resumed deliberately  00:18 +351: /Users/alexandermessinger/dev/claudvibes/reflexjourney/test/features/training/domain/session/session_orchestrator_test.dart: ... pause and resume preserve the exact remaining timeline    00:18 +352: /Users/alexandermessinger/dev/claudvibes/reflexjourney/test/features/training/domain/session/session_orchestrator_test.dart: ... pause and resume preserve the exact remaining timeline    00:18 +352: /Users/alexandermessinger/dev/claudvibes/reflexjourney/test/features/training/domain/session/session_orchestrator_test.dart: ... pause-resume calls are balanced and never advance time    00:18 +353: /Users/alexandermessinger/dev/claudvibes/reflexjourney/test/features/training/domain/services/training_content_resolver_test.dart: ... accepts the exact released Moro contract            00:18 +354: /Users/alexandermessinger/dev/claudvibes/reflexjourney/test/features/training/domain/services/training_content_resolver_test.dart: ... accepts the exact released Moro contract            00:18 +355: /Users/alexandermessinger/dev/claudvibes/reflexjourney/test/features/training/domain/services/training_content_resolver_test.dart: ... accepts the exact released Moro contract            00:18 +356: /Users/alexandermessinger/dev/claudvibes/reflexjourney/test/features/training/domain/services/training_content_resolver_test.dart: ... accepts the exact released Moro contract            00:18 +357: /Users/alexandermessinger/dev/claudvibes/reflexjourney/test/features/training/domain/services/training_content_resolver_test.dart: ... accepts the exact released Moro contract            00:18 +358: /Users/alexandermessinger/dev/claudvibes/reflexjourney/test/features/training/domain/services/training_content_resolver_test.dart: ... accepts the exact released Moro contract            00:18 +359: /Users/alexandermessinger/dev/claudvibes/reflexjourney/test/features/training/domain/session/session_orchestrator_test.dart: ... lifecycle interruption remains paused after foregrounding 00:18 +360: /Users/alexandermessinger/dev/claudvibes/reflexjourney/test/features/training/domain/services/training_content_resolver_test.dart: ... rejects changed order and timing                    00:18 +361: /Users/alexandermessinger/dev/claudvibes/reflexjourney/test/features/training/domain/services/training_content_resolver_test.dart: ... rejects changed order and timing                    00:18 +362: /Users/alexandermessinger/dev/claudvibes/reflexjourney/test/features/training/domain/session/session_orchestrator_test.dart: SessionOrchestrator emits side switch before the recovery cue 00:18 +363: /Users/alexandermessinger/dev/claudvibes/reflexjourney/test/features/training/domain/services/training_content_resolver_test.dart: ... stable bundled Moro content while cache is empty    00:18 +364: /Users/alexandermessinger/dev/claudvibes/reflexjourney/test/features/training/domain/services/training_content_resolver_test.dart: ... stable bundled Moro content while cache is empty    00:18 +365: /Users/alexandermessinger/dev/claudvibes/reflexjourney/test/features/training/domain/session/session_orchestrator_test.dart: ... is idempotent, closes streams and rejects later mutations 00:18 +366: /Users/alexandermessinger/dev/claudvibes/reflexjourney/test/features/training/domain/services/training_content_resolver_test.dart: ... validated cache only as secure remote media overlay 00:18 +367: /Users/alexandermessinger/dev/claudvibes/reflexjourney/test/features/training/domain/session/session_orchestrator_test.dart: ... restores a checkpoint paused at the exact position        00:18 +368: /Users/alexandermessinger/dev/claudvibes/reflexjourney/test/features/training/domain/services/training_content_resolver_test.dart: ... cache falls back to the canonical Moro snapshot     00:18 +369: /Users/alexandermessinger/dev/claudvibes/reflexjourney/test/features/training/domain/session/session_orchestrator_test.dart: ... restores a checkpoint during the exercise transition      00:18 +370: /Users/alexandermessinger/dev/claudvibes/reflexjourney/test/features/training/domain/services/training_content_resolver_test.dart: ... empty or unknown package never falls back to Moro   00:18 +371: /Users/alexandermessinger/dev/claudvibes/reflexjourney/test/features/training/domain/services/training_content_resolver_test.dart: ... empty or unknown package never falls back to Moro   00:18 +371: /Users/alexandermessinger/dev/claudvibes/reflexjourney/test/features/training/domain/session/session_orchestrator_test.dart: ... a completed checkpoint for idempotent persistence retry   00:18 +372: /Users/alexandermessinger/dev/claudvibes/reflexjourney/test/features/training/domain/session/session_orchestrator_test.dart: ... a completed checkpoint for idempotent persistence retry   00:18 +373: /Users/alexandermessinger/dev/claudvibes/reflexjourney/test/features/training/domain/session/session_orchestrator_test.dart: ... a completed checkpoint for idempotent persistence retry   00:18 +373: /Users/alexandermessinger/dev/claudvibes/reflexjourney/test/features/training/domain/services/training_content_resolver_test.dart: ... unavailable state without advancing an empty flow   00:18 +374: /Users/alexandermessinger/dev/claudvibes/reflexjourney/test/features/training/domain/services/training_content_resolver_test.dart: ... unavailable state without advancing an empty flow   00:18 +375: /Users/alexandermessinger/dev/claudvibes/reflexjourney/test/features/training/domain/services/training_content_resolver_test.dart: ... unavailable state without advancing an empty flow   00:18 +375: /Users/alexandermessinger/dev/claudvibes/reflexjourney/test/features/training/domain/services/training_content_resolver_test.dart: ... not replace exercises after the flow has started    00:18 +376: /Users/alexandermessinger/dev/claudvibes/reflexjourney/test/features/training/domain/services/training_content_resolver_test.dart: ... not replace exercises after the flow has started    00:18 +376: loading /Users/alexandermessinger/dev/claudvibes/reflexjourney/test/features/training/domain/services/vorrunde_phase_service_test.dart                                                     00:18 +376: /Users/alexandermessinger/dev/claudvibes/reflexjourney/test/features/training/domain/services/vorrunde_phase_service_test.dart: VorrundePhase start stores firstStartedAt                  00:18 +377: /Users/alexandermessinger/dev/claudvibes/reflexjourney/test/features/training/domain/services/vorrunde_phase_service_test.dart: VorrundePhase start stores firstStartedAt                  00:18 +377: /Users/alexandermessinger/dev/claudvibes/reflexjourney/test/features/training/domain/services/vorrunde_phase_service_test.dart: VorrundePhase 4 calendar weeks derives completed phase     00:18 +378: /Users/alexandermessinger/dev/claudvibes/reflexjourney/test/features/training/domain/services/vorrunde_phase_service_test.dart: VorrundePhase 4 calendar weeks derives completed phase     00:18 +378: /Users/alexandermessinger/dev/claudvibes/reflexjourney/test/features/training/domain/services/vorrunde_phase_service_test.dart: ... Moro start before 4 weeks keeps status started         00:18 +379: /Users/alexandermessinger/dev/claudvibes/reflexjourney/test/features/training/domain/services/vorrunde_phase_service_test.dart: ... Moro start before 4 weeks keeps status started         00:18 +379: /Users/alexandermessinger/dev/claudvibes/reflexjourney/test/features/training/domain/services/vorrunde_phase_service_test.dart: VorrundePhase skipped plus free Vorrunde remains skipped   00:18 +380: /Users/alexandermessinger/dev/claudvibes/reflexjourney/test/features/training/domain/services/vorrunde_phase_service_test.dart: VorrundePhase skipped plus free Vorrunde remains skipped   00:19 +380: /Users/alexandermessinger/dev/claudvibes/reflexjourney/test/features/training/domain/services/vorrunde_phase_service_test.dart: VorrundePhase skipped plus free Vorrunde remains skipped   00:19 +380: loading /Users/alexandermessinger/dev/claudvibes/reflexjourney/test/features/training/presentation/training_core_localization_test.dart                                                    00:19 +380: /Users/alexandermessinger/dev/claudvibes/reflexjourney/test/features/training/presentation/training_core_localization_test.dart: completion screen renders English session copy            00:19 +381: /Users/alexandermessinger/dev/claudvibes/reflexjourney/test/features/training/presentation/screens/training_instruction_screens_test.dart: training intro renders natural English copy     00:20 +381: /Users/alexandermessinger/dev/claudvibes/reflexjourney/test/features/training/presentation/screens/training_instruction_screens_test.dart: training intro renders natural English copy     00:20 +382: /Users/alexandermessinger/dev/claudvibes/reflexjourney/test/features/training/presentation/screens/training_instruction_screens_test.dart: training intro renders natural English copy     00:20 +383: /Users/alexandermessinger/dev/claudvibes/reflexjourney/test/features/training/presentation/screens/training_instruction_screens_test.dart: training intro renders natural English copy     00:20 +384: /Users/alexandermessinger/dev/claudvibes/reflexjourney/test/features/training/presentation/screens/training_instruction_screens_test.dart: training intro renders natural English copy     00:20 +385: /Users/alexandermessinger/dev/claudvibes/reflexjourney/test/features/training/presentation/screens/training_instruction_screens_test.dart: training intro renders natural English copy     00:20 +386: /Users/alexandermessinger/dev/claudvibes/reflexjourney/test/features/training/presentation/screens/training_instruction_screens_test.dart: training intro renders natural English copy     00:20 +387: /Users/alexandermessinger/dev/claudvibes/reflexjourney/test/features/training/presentation/screens/training_instruction_screens_test.dart: training intro renders natural English copy     00:20 +388: /Users/alexandermessinger/dev/claudvibes/reflexjourney/test/features/training/presentation/screens/training_instruction_screens_test.dart: training intro renders natural English copy     00:20 +389: /Users/alexandermessinger/dev/claudvibes/reflexjourney/test/features/training/presentation/screens/training_instruction_screens_test.dart: training intro renders natural English copy     00:20 +390: ... reads the announcement manifest from the injected bundle                                                                                                                               00:20 +391: ... reads the announcement manifest from the injected bundle                                                                                                                               00:20 +392: ... reads the announcement manifest from the injected bundle                                                                                                                               00:20 +393: ... reads the announcement manifest from the injected bundle                                                                                                                               00:20 +394: /Users/alexandermessinger/dev/claudvibes/reflexjourney/test/features/training/presentation/screens/immersive_session_screen_completion_test.dart: ... exactly once during lifecycle churn  00:20 +395: /Users/alexandermessinger/dev/claudvibes/reflexjourney/test/features/training/presentation/screens/immersive_session_screen_completion_test.dart: ... exactly once during lifecycle churn  00:20 +396: /Users/alexandermessinger/dev/claudvibes/reflexjourney/test/features/training/presentation/screens/immersive_session_screen_completion_test.dart: ... exactly once during lifecycle churn  00:20 +397: ... renders the session when the announcement asset never responds                                                                                                                         00:21 +397: ... renders the session when the announcement asset never responds                                                                                                                         00:21 +398: ... renders the session when the announcement asset never responds                                                                                                                         00:21 +399: ... renders the session when the announcement asset never responds                                                                                                                         00:22 +399: ... renders the session when the announcement asset never responds                                                                                                                         00:22 +400: /Users/alexandermessinger/dev/claudvibes/reflexjourney/test/features/training/presentation/training_anchor_sheet_test.dart: adults see the recommendation badge                            00:22 +401: /Users/alexandermessinger/dev/claudvibes/reflexjourney/test/features/training/presentation/apply_training_anchor_test.dart: applying an answer switches reminders on and sets the time     00:22 +402: /Users/alexandermessinger/dev/claudvibes/reflexjourney/test/features/training/presentation/widgets/training_responsive_accessibility_test.dart: ... text, reduced motion, and semantics    00:22 +403: /Users/alexandermessinger/dev/claudvibes/reflexjourney/test/features/training/presentation/widgets/training_responsive_accessibility_test.dart: ... text, reduced motion, and semantics    00:22 +404: /Users/alexandermessinger/dev/claudvibes/reflexjourney/test/features/training/presentation/widgets/training_responsive_accessibility_test.dart: ... text, reduced motion, and semantics    00:22 +405: /Users/alexandermessinger/dev/claudvibes/reflexjourney/test/features/training/presentation/widgets/training_responsive_accessibility_test.dart: ... text, reduced motion, and semantics    00:22 +406: /Users/alexandermessinger/dev/claudvibes/reflexjourney/test/features/training/presentation/widgets/training_responsive_accessibility_test.dart: ... text, reduced motion, and semantics    00:22 +407: /Users/alexandermessinger/dev/claudvibes/reflexjourney/test/features/training/presentation/widgets/exercise_media_widgets_test.dart: ... local image terminates in a controlled fallback   00:22 +408: /Users/alexandermessinger/dev/claudvibes/reflexjourney/test/features/training/presentation/widgets/exercise_media_widgets_test.dart: ... local image terminates in a controlled fallback   00:23 +408: /Users/alexandermessinger/dev/claudvibes/reflexjourney/test/features/training/presentation/widgets/exercise_media_widgets_test.dart: ... local image terminates in a controlled fallback   00:23 +409: /Users/alexandermessinger/dev/claudvibes/reflexjourney/test/features/training/presentation/widgets/exercise_media_widgets_test.dart: ... local image terminates in a controlled fallback   00:23 +410: /Users/alexandermessinger/dev/claudvibes/reflexjourney/test/features/training/presentation/widgets/exercise_media_widgets_test.dart: ... local image terminates in a controlled fallback   00:23 +411: /Users/alexandermessinger/dev/claudvibes/reflexjourney/test/features/training/presentation/widgets/exercise_media_widgets_test.dart: ... local image terminates in a controlled fallback   00:23 +412: /Users/alexandermessinger/dev/claudvibes/reflexjourney/test/features/training/presentation/widgets/exercise_media_widgets_test.dart: ... local image terminates in a controlled fallback   00:23 +413: /Users/alexandermessinger/dev/claudvibes/reflexjourney/test/features/training/presentation/widgets/exercise_media_widgets_test.dart: ... local image terminates in a controlled fallback   00:23 +414: /Users/alexandermessinger/dev/claudvibes/reflexjourney/test/features/training/presentation/widgets/exercise_media_widgets_test.dart: ... local image terminates in a controlled fallback   00:23 +415: /Users/alexandermessinger/dev/claudvibes/reflexjourney/test/features/training/presentation/widgets/exercise_media_widgets_test.dart: ... local image terminates in a controlled fallback   00:23 +416: /Users/alexandermessinger/dev/claudvibes/reflexjourney/test/features/training/presentation/widgets/exercise_media_widgets_test.dart: ... local image terminates in a controlled fallback   00:23 +416: /Users/alexandermessinger/dev/claudvibes/reflexjourney/test/features/training/audio_announcement_service_test.dart: AudioAnnouncementService reports player failures as safe session interruptions
[AudioAnnouncementService] play error for interrupted.mp3: Bad state: audio focus lost
00:23 +417: /Users/alexandermessinger/dev/claudvibes/reflexjourney/test/features/training/presentation/widgets/exercise_media_widgets_test.dart: ... local image terminates in a controlled fallback   00:23 +418: /Users/alexandermessinger/dev/claudvibes/reflexjourney/test/features/training/presentation/widgets/exercise_media_widgets_test.dart: ... local image terminates in a controlled fallback   00:23 +419: /Users/alexandermessinger/dev/claudvibes/reflexjourney/test/features/training/presentation/widgets/exercise_motion_visualizer_test.dart: ... guides render from supplied timeline state    00:23 +420: /Users/alexandermessinger/dev/claudvibes/reflexjourney/test/features/training/presentation/widgets/exercise_motion_visualizer_test.dart: ... guides render from supplied timeline state    00:23 +421: /Users/alexandermessinger/dev/claudvibes/reflexjourney/test/features/training/presentation/widgets/exercise_motion_visualizer_test.dart: ... guides render from supplied timeline state    00:23 +422: /Users/alexandermessinger/dev/claudvibes/reflexjourney/test/features/training/presentation/widgets/exercise_motion_visualizer_test.dart: ... guides render from supplied timeline state    00:23 +423: /Users/alexandermessinger/dev/claudvibes/reflexjourney/test/features/training/presentation/widgets/exercise_motion_visualizer_test.dart: ... guides render from supplied timeline state    00:23 +424: /Users/alexandermessinger/dev/claudvibes/reflexjourney/test/features/training/presentation/widgets/exercise_motion_visualizer_test.dart: ... guides render from supplied timeline state    00:23 +425: /Users/alexandermessinger/dev/claudvibes/reflexjourney/test/features/training/presentation/widgets/exercise_motion_visualizer_test.dart: ... guides render from supplied timeline state    00:23 +426: /Users/alexandermessinger/dev/claudvibes/reflexjourney/test/features/training/presentation/widgets/exercise_motion_visualizer_test.dart: ... guides render from supplied timeline state    00:23 +427: /Users/alexandermessinger/dev/claudvibes/reflexjourney/test/features/training/presentation/widgets/exercise_motion_visualizer_test.dart: ... guides render from supplied timeline state    00:23 +428: /Users/alexandermessinger/dev/claudvibes/reflexjourney/test/features/training/presentation/widgets/exercise_motion_visualizer_test.dart: ... guides render from supplied timeline state    00:23 +429: /Users/alexandermessinger/dev/claudvibes/reflexjourney/test/features/training/presentation/widgets/exercise_motion_visualizer_test.dart: ... guides render from supplied timeline state    00:23 +430: /Users/alexandermessinger/dev/claudvibes/reflexjourney/test/features/training/presentation/widgets/exercise_motion_visualizer_test.dart: ... guides render from supplied timeline state    00:23 +431: /Users/alexandermessinger/dev/claudvibes/reflexjourney/test/features/training/presentation/widgets/training_responsive_accessibility_test.dart: ... operability smoke 100% DE portrait     00:23 +432: /Users/alexandermessinger/dev/claudvibes/reflexjourney/test/features/training/presentation/widgets/training_responsive_accessibility_test.dart: ... operability smoke 100% DE portrait     00:23 +432: /Users/alexandermessinger/dev/claudvibes/reflexjourney/test/features/training/presentation/widgets/training_responsive_accessibility_test.dart: ... operability smoke 100% EN landscape    00:23 +433: /Users/alexandermessinger/dev/claudvibes/reflexjourney/test/features/training/presentation/widgets/training_responsive_accessibility_test.dart: ... operability smoke 100% EN landscape    00:23 +434: /Users/alexandermessinger/dev/claudvibes/reflexjourney/test/features/training/presentation/widgets/training_responsive_accessibility_test.dart: ... operability smoke 100% EN landscape    00:23 +435: /Users/alexandermessinger/dev/claudvibes/reflexjourney/test/features/training/presentation/widgets/training_responsive_accessibility_test.dart: ... operability smoke 100% EN landscape    00:23 +436: /Users/alexandermessinger/dev/claudvibes/reflexjourney/test/features/training/presentation/widgets/training_responsive_accessibility_test.dart: ... operability smoke 100% EN landscape    00:23 +436: /Users/alexandermessinger/dev/claudvibes/reflexjourney/test/features/training/presentation/widgets/training_responsive_accessibility_test.dart: ... operability smoke 150% EN portrait     00:24 +436: /Users/alexandermessinger/dev/claudvibes/reflexjourney/test/features/training/presentation/widgets/training_responsive_accessibility_test.dart: ... operability smoke 150% EN portrait     00:24 +437: /Users/alexandermessinger/dev/claudvibes/reflexjourney/test/features/training/presentation/widgets/training_responsive_accessibility_test.dart: ... operability smoke 150% EN portrait     00:24 +437: /Users/alexandermessinger/dev/claudvibes/reflexjourney/test/features/training/presentation/widgets/training_responsive_accessibility_test.dart: ... operability smoke 150% DE landscape    00:24 +438: /Users/alexandermessinger/dev/claudvibes/reflexjourney/test/features/training/presentation/widgets/training_responsive_accessibility_test.dart: ... operability smoke 150% DE landscape    00:24 +439: /Users/alexandermessinger/dev/claudvibes/reflexjourney/test/features/training/presentation/widgets/training_responsive_accessibility_test.dart: ... operability smoke 150% DE landscape    00:24 +440: /Users/alexandermessinger/dev/claudvibes/reflexjourney/test/features/training/presentation/widgets/training_responsive_accessibility_test.dart: ... operability smoke 150% DE landscape    00:24 +441: /Users/alexandermessinger/dev/claudvibes/reflexjourney/test/features/training/presentation/widgets/training_responsive_accessibility_test.dart: ... operability smoke 150% DE landscape    00:24 +442: /Users/alexandermessinger/dev/claudvibes/reflexjourney/test/features/training/presentation/widgets/training_responsive_accessibility_test.dart: ... operability smoke 150% DE landscape    00:24 +442: /Users/alexandermessinger/dev/claudvibes/reflexjourney/test/features/training/presentation/widgets/training_responsive_accessibility_test.dart: ... evidence intro DE portrait 200%        00:24 +443: /Users/alexandermessinger/dev/claudvibes/reflexjourney/test/features/training/presentation/widgets/training_responsive_accessibility_test.dart: ... evidence intro DE portrait 200%        00:24 +443: /Users/alexandermessinger/dev/claudvibes/reflexjourney/test/features/training/presentation/widgets/training_responsive_accessibility_test.dart: ... evidence transition EN landscape 200%  00:24 +444: /Users/alexandermessinger/dev/claudvibes/reflexjourney/test/features/training/presentation/widgets/training_responsive_accessibility_test.dart: ... evidence transition EN landscape 200%  00:24 +444: /Users/alexandermessinger/dev/claudvibes/reflexjourney/test/features/training/presentation/widgets/training_responsive_accessibility_test.dart: ... EN landscape preparation actions 200%  00:24 +445: /Users/alexandermessinger/dev/claudvibes/reflexjourney/test/features/training/presentation/widgets/training_responsive_accessibility_test.dart: ... EN landscape preparation actions 200%  00:24 +445: /Users/alexandermessinger/dev/claudvibes/reflexjourney/test/features/training/presentation/widgets/training_responsive_accessibility_test.dart: ... evidence immersive DE portrait 200%    00:24 +446: /Users/alexandermessinger/dev/claudvibes/reflexjourney/test/features/training/presentation/widgets/training_responsive_accessibility_test.dart: ... evidence immersive DE portrait 200%    00:24 +446: /Users/alexandermessinger/dev/claudvibes/reflexjourney/test/features/training/presentation/widgets/training_responsive_accessibility_test.dart: ... immersive DE portrait controls 200%    00:24 +447: /Users/alexandermessinger/dev/claudvibes/reflexjourney/test/features/training/presentation/widgets/training_responsive_accessibility_test.dart: ... immersive DE portrait controls 200%    00:24 +447: /Users/alexandermessinger/dev/claudvibes/reflexjourney/test/features/training/presentation/widgets/training_responsive_accessibility_test.dart: ... immersive EN paused landscape 200%     00:24 +448: /Users/alexandermessinger/dev/claudvibes/reflexjourney/test/features/training/presentation/widgets/training_responsive_accessibility_test.dart: ... immersive EN paused landscape 200%     00:24 +448: /Users/alexandermessinger/dev/claudvibes/reflexjourney/test/features/training/presentation/widgets/training_responsive_accessibility_test.dart: (tearDownAll)                              00:24 +448: loading /Users/alexandermessinger/dev/claudvibes/reflexjourney/test/features/assessment/adult_questionnaire_visibility_test.dart                                                           00:24 +448: /Users/alexandermessinger/dev/claudvibes/reflexjourney/test/features/assessment/adult_questionnaire_visibility_test.dart: ... filter "no" hides dependents; "yes" and "?" keep them visible00:24 +449: /Users/alexandermessinger/dev/claudvibes/reflexjourney/test/features/assessment/adult_questionnaire_visibility_test.dart: ... filter "no" hides dependents; "yes" and "?" keep them visible00:24 +449: /Users/alexandermessinger/dev/claudvibes/reflexjourney/test/features/assessment/adult_questionnaire_visibility_test.dart: ... f_handwriting no hides exactly the nine handwriting items    00:24 +450: /Users/alexandermessinger/dev/claudvibes/reflexjourney/test/features/assessment/adult_questionnaire_visibility_test.dart: ... f_handwriting no hides exactly the nine handwriting items    00:24 +450: /Users/alexandermessinger/dev/claudvibes/reflexjourney/test/features/assessment/adult_questionnaire_visibility_test.dart: ... hidden items are listed as superseded and kept in answers    00:24 +451: /Users/alexandermessinger/dev/claudvibes/reflexjourney/test/features/assessment/adult_questionnaire_visibility_test.dart: ... hidden items are listed as superseded and kept in answers    00:24 +451: /Users/alexandermessinger/dev/claudvibes/reflexjourney/test/features/assessment/adult_questionnaire_visibility_test.dart: ... items stay hidden while movementChecksEnabled is false       00:24 +452: /Users/alexandermessinger/dev/claudvibes/reflexjourney/test/features/assessment/adult_questionnaire_visibility_test.dart: ... items stay hidden while movementChecksEnabled is false       00:24 +452: /Users/alexandermessinger/dev/claudvibes/reflexjourney/test/features/assessment/adult_questionnaire_visibility_test.dart: ... stores yes/no/unknown without answer bodies                  00:24 +453: /Users/alexandermessinger/dev/claudvibes/reflexjourney/test/features/assessment/adult_questionnaire_visibility_test.dart: ... stores yes/no/unknown without answer bodies                  00:25 +453: /Users/alexandermessinger/dev/claudvibes/reflexjourney/test/features/assessment/adult_questionnaire_visibility_test.dart: ... stores yes/no/unknown without answer bodies                  00:25 +453: loading /Users/alexandermessinger/dev/claudvibes/reflexjourney/test/features/assessment/reflex_profile_scoring_test.dart                                                                   00:25 +453: /Users/alexandermessinger/dev/claudvibes/reflexjourney/test/features/assessment/reflex_profile_scoring_test.dart: scores only answered yes/no values for each reflex                       00:25 +454: /Users/alexandermessinger/dev/claudvibes/reflexjourney/test/features/assessment/reflex_profile_scoring_test.dart: scores only answered yes/no values for each reflex                       00:25 +454: /Users/alexandermessinger/dev/claudvibes/reflexjourney/test/features/assessment/reflex_profile_scoring_test.dart: does not score context month or free-text answers                        00:25 +455: /Users/alexandermessinger/dev/claudvibes/reflexjourney/test/features/assessment/reflex_profile_scoring_test.dart: does not score context month or free-text answers                        00:25 +455: /Users/alexandermessinger/dev/claudvibes/reflexjourney/test/features/assessment/reflex_profile_scoring_test.dart: collects professional-clearance warning questions                        00:25 +456: /Users/alexandermessinger/dev/claudvibes/reflexjourney/test/features/assessment/reflex_profile_scoring_test.dart: collects professional-clearance warning questions                        00:25 +456: loading /Users/alexandermessinger/dev/claudvibes/reflexjourney/test/features/assessment/adult_reflex_profile_scoring_test.dart                                                             00:25 +456: /Users/alexandermessinger/dev/claudvibes/reflexjourney/test/features/assessment/adult_reflex_profile_scoring_test.dart: §14.1 Adult scoring 1. direct item yes → +1 / no → 0               00:25 +457: /Users/alexandermessinger/dev/claudvibes/reflexjourney/test/features/assessment/adult_reflex_profile_scoring_test.dart: §14.1 Adult scoring 1. direct item yes → +1 / no → 0               00:25 +457: /Users/alexandermessinger/dev/claudvibes/reflexjourney/test/features/assessment/adult_reflex_profile_scoring_test.dart: §14.1 Adult scoring 2. inverse item no → +1 / yes → 0              00:25 +458: /Users/alexandermessinger/dev/claudvibes/reflexjourney/test/features/assessment/adult_reflex_profile_scoring_test.dart: §14.1 Adult scoring 2. inverse item no → +1 / yes → 0              00:25 +458: /Users/alexandermessinger/dev/claudvibes/reflexjourney/test/features/assessment/adult_reflex_profile_scoring_test.dart: ... scoring 3. unknown excluded from numerator and denominator     00:25 +459: /Users/alexandermessinger/dev/claudvibes/reflexjourney/test/features/assessment/adult_reflex_profile_scoring_test.dart: ... scoring 3. unknown excluded from numerator and denominator     00:25 +459: /Users/alexandermessinger/dev/claudvibes/reflexjourney/test/features/assessment/adult_reflex_profile_scoring_test.dart: §14.1 Adult scoring 4. not_applicable excluded likewise            00:25 +460: /Users/alexandermessinger/dev/claudvibes/reflexjourney/test/features/assessment/adult_reflex_profile_scoring_test.dart: §14.1 Adult scoring 4. not_applicable excluded likewise            00:25 +460: /Users/alexandermessinger/dev/claudvibes/reflexjourney/test/features/assessment/adult_reflex_profile_scoring_test.dart: §14.1 Adult scoring 5. context never scores                        00:25 +461: /Users/alexandermessinger/dev/claudvibes/reflexjourney/test/features/assessment/adult_reflex_profile_scoring_test.dart: §14.1 Adult scoring 5. context never scores                        00:25 +461: /Users/alexandermessinger/dev/claudvibes/reflexjourney/test/features/assessment/adult_reflex_profile_scoring_test.dart: §14.1 Adult scoring 6. safety without reflexes never scores        00:25 +462: /Users/alexandermessinger/dev/claudvibes/reflexjourney/test/features/assessment/adult_reflex_profile_scoring_test.dart: §14.1 Adult scoring 6. safety without reflexes never scores        00:25 +462: /Users/alexandermessinger/dev/claudvibes/reflexjourney/test/features/assessment/adult_reflex_profile_scoring_test.dart: §14.1 Adult scoring 7. s046 scores only ATNR and STNR              00:25 +463: /Users/alexandermessinger/dev/claudvibes/reflexjourney/test/features/assessment/adult_reflex_profile_scoring_test.dart: §14.1 Adult scoring 7. s046 scores only ATNR and STNR              00:25 +463: /Users/alexandermessinger/dev/claudvibes/reflexjourney/test/features/assessment/adult_reflex_profile_scoring_test.dart: ... scoring 8. multi-map item increments multiple reflex buckets   00:25 +464: /Users/alexandermessinger/dev/claudvibes/reflexjourney/test/features/assessment/adult_reflex_profile_scoring_test.dart: ... scoring 8. multi-map item increments multiple reflex buckets   00:25 +464: /Users/alexandermessinger/dev/claudvibes/reflexjourney/test/features/assessment/adult_reflex_profile_scoring_test.dart: §14.1 Adult scoring 9. filter hides item → not in possibleCount    00:25 +465: /Users/alexandermessinger/dev/claudvibes/reflexjourney/test/features/assessment/adult_reflex_profile_scoring_test.dart: §14.1 Adult scoring 9. filter hides item → not in possibleCount    00:25 +465: /Users/alexandermessinger/dev/claudvibes/reflexjourney/test/features/assessment/adult_reflex_profile_scoring_test.dart: ... Adult scoring 10. denominator 0 → insufficientData, no percent 00:25 +466: /Users/alexandermessinger/dev/claudvibes/reflexjourney/test/features/assessment/adult_reflex_profile_scoring_test.dart: ... Adult scoring 10. denominator 0 → insufficientData, no percent 00:25 +466: /Users/alexandermessinger/dev/claudvibes/reflexjourney/test/features/assessment/adult_reflex_profile_scoring_test.dart: §14.1 Adult scoring 11. thresholds 29/30, 59/60, 79/80             00:25 +467: /Users/alexandermessinger/dev/claudvibes/reflexjourney/test/features/assessment/adult_reflex_profile_scoring_test.dart: §14.1 Adult scoring 11. thresholds 29/30, 59/60, 79/80             00:25 +467: /Users/alexandermessinger/dev/claudvibes/reflexjourney/test/features/assessment/adult_reflex_profile_scoring_test.dart: §14.1 Adult scoring 12. amphibian 0/1/2 display + disclaimer flag  00:25 +468: /Users/alexandermessinger/dev/claudvibes/reflexjourney/test/features/assessment/adult_reflex_profile_scoring_test.dart: §14.1 Adult scoring 12. amphibian 0/1/2 display + disclaimer flag  00:25 +468: /Users/alexandermessinger/dev/claudvibes/reflexjourney/test/features/assessment/adult_reflex_profile_scoring_test.dart: ... 12b. amphibian answeredCount 0 → insufficientData (§7.4)       00:25 +469: /Users/alexandermessinger/dev/claudvibes/reflexjourney/test/features/assessment/adult_reflex_profile_scoring_test.dart: ... 12b. amphibian answeredCount 0 → insufficientData (§7.4)       00:25 +469: /Users/alexandermessinger/dev/claudvibes/reflexjourney/test/features/assessment/adult_reflex_profile_scoring_test.dart: ... scoring 13. passing child definition into adult engine throws  00:25 +470: /Users/alexandermessinger/dev/claudvibes/reflexjourney/test/features/assessment/adult_reflex_profile_scoring_test.dart: ... scoring 13. passing child definition into adult engine throws  00:25 +470: /Users/alexandermessinger/dev/claudvibes/reflexjourney/test/features/assessment/adult_reflex_profile_scoring_test.dart: §14.1 Adult scoring 14. child engine golden still passes unchanged 00:25 +471: /Users/alexandermessinger/dev/claudvibes/reflexjourney/test/features/assessment/adult_reflex_profile_scoring_test.dart: §14.1 Adult scoring 14. child engine golden still passes unchanged 00:25 +471: /Users/alexandermessinger/dev/claudvibes/reflexjourney/test/features/assessment/adult_reflex_profile_scoring_test.dart: ... 14a. invariant answered+unknown+n.a.+missing == possible_count 00:25 +472: /Users/alexandermessinger/dev/claudvibes/reflexjourney/test/features/assessment/adult_reflex_profile_scoring_test.dart: ... 14a. invariant answered+unknown+n.a.+missing == possible_count 00:25 +472: /Users/alexandermessinger/dev/claudvibes/reflexjourney/test/features/assessment/adult_reflex_profile_scoring_test.dart: ... 14b. possible_count is visible items, not unanswered leftovers 00:25 +473: /Users/alexandermessinger/dev/claudvibes/reflexjourney/test/features/assessment/adult_reflex_profile_scoring_test.dart: ... 14b. possible_count is visible items, not unanswered leftovers 00:25 +473: /Users/alexandermessinger/dev/claudvibes/reflexjourney/test/features/assessment/adult_reflex_profile_scoring_test.dart: ... 14c. filter "?" does not hide; only "no" removes dependents    00:25 +474: /Users/alexandermessinger/dev/claudvibes/reflexjourney/test/features/assessment/adult_reflex_profile_scoring_test.dart: ... 14c. filter "?" does not hide; only "no" removes dependents    00:25 +474: /Users/alexandermessinger/dev/claudvibes/reflexjourney/test/features/assessment/adult_reflex_profile_scoring_test.dart: ... always set; possible_count differs ON/OFF                      00:25 +475: /Users/alexandermessinger/dev/claudvibes/reflexjourney/test/features/assessment/adult_reflex_profile_scoring_test.dart: ... always set; possible_count differs ON/OFF                      00:25 +475: loading /Users/alexandermessinger/dev/claudvibes/reflexjourney/test/features/assessment/adult_reflex_questionnaire_localization_test.dart                                                  00:25 +475: /Users/alexandermessinger/dev/claudvibes/reflexjourney/test/features/assessment/adult_reflex_questionnaire_localization_test.dart: ... catalog stamps questionnaire identity and adult type00:25 +476: /Users/alexandermessinger/dev/claudvibes/reflexjourney/test/features/assessment/adult_reflex_questionnaire_localization_test.dart: ... catalog stamps questionnaire identity and adult type00:25 +476: /Users/alexandermessinger/dev/claudvibes/reflexjourney/test/features/assessment/adult_reflex_questionnaire_localization_test.dart: ... catalog contains 110 items with expected role counts00:25 +477: /Users/alexandermessinger/dev/claudvibes/reflexjourney/test/features/assessment/adult_reflex_questionnaire_localization_test.dart: ... catalog contains 110 items with expected role counts00:25 +477: /Users/alexandermessinger/dev/claudvibes/reflexjourney/test/features/assessment/adult_reflex_questionnaire_localization_test.dart: ... covers all 14 adult modules including lifeContext   00:25 +478: /Users/alexandermessinger/dev/claudvibes/reflexjourney/test/features/assessment/adult_reflex_questionnaire_localization_test.dart: ... covers all 14 adult modules including lifeContext   00:25 +478: /Users/alexandermessinger/dev/claudvibes/reflexjourney/test/features/assessment/adult_reflex_questionnaire_localization_test.dart: ... does not invent deleted handwriting IDs s067 or s07100:25 +479: /Users/alexandermessinger/dev/claudvibes/reflexjourney/test/features/assessment/adult_reflex_questionnaire_localization_test.dart: ... does not invent deleted handwriting IDs s067 or s07100:25 +479: /Users/alexandermessinger/dev/claudvibes/reflexjourney/test/features/assessment/adult_reflex_questionnaire_localization_test.dart: ... items to document reflexes and polarity             00:25 +480: /Users/alexandermessinger/dev/claudvibes/reflexjourney/test/features/assessment/adult_reflex_questionnaire_localization_test.dart: ... items to document reflexes and polarity             00:25 +480: /Users/alexandermessinger/dev/claudvibes/reflexjourney/test/features/assessment/adult_reflex_questionnaire_localization_test.dart: ... multi-reflex expert-pending items from the plan     00:25 +481: /Users/alexandermessinger/dev/claudvibes/reflexjourney/test/features/assessment/adult_reflex_questionnaire_localization_test.dart: ... multi-reflex expert-pending items from the plan     00:25 +481: /Users/alexandermessinger/dev/claudvibes/reflexjourney/test/features/assessment/adult_reflex_questionnaire_localization_test.dart: ... representative German source wording exactly        00:25 +482: /Users/alexandermessinger/dev/claudvibes/reflexjourney/test/features/assessment/adult_reflex_questionnaire_localization_test.dart: ... representative German source wording exactly        00:25 +482: /Users/alexandermessinger/dev/claudvibes/reflexjourney/test/features/assessment/adult_reflex_questionnaire_localization_test.dart: ... nonempty paired DE/EN copy for every adult item     00:25 +483: /Users/alexandermessinger/dev/claudvibes/reflexjourney/test/features/assessment/adult_reflex_questionnaire_localization_test.dart: ... nonempty paired DE/EN copy for every adult item     00:25 +483: /Users/alexandermessinger/dev/claudvibes/reflexjourney/test/features/assessment/adult_reflex_questionnaire_localization_test.dart: ... adult English item copy avoids German orthography   00:25 +484: /Users/alexandermessinger/dev/claudvibes/reflexjourney/test/features/assessment/adult_reflex_questionnaire_localization_test.dart: ... adult English item copy avoids German orthography   00:25 +484: ... adultReflexResultCopy covers adult-relevant reflexes with expertPending placeholders                                                                                                   00:25 +485: ... adultReflexResultCopy covers adult-relevant reflexes with expertPending placeholders                                                                                                   00:25 +485: /Users/alexandermessinger/dev/claudvibes/reflexjourney/test/features/assessment/adult_reflex_questionnaire_localization_test.dart: ... choice helpers round-trip four adult answers        00:25 +486: /Users/alexandermessinger/dev/claudvibes/reflexjourney/test/features/assessment/adult_reflex_questionnaire_localization_test.dart: ... choice helpers round-trip four adult answers        00:25 +486: /Users/alexandermessinger/dev/claudvibes/reflexjourney/test/features/assessment/adult_reflex_questionnaire_localization_test.dart: ... label is available without German chars in English  00:25 +487: /Users/alexandermessinger/dev/claudvibes/reflexjourney/test/features/assessment/adult_reflex_questionnaire_localization_test.dart: ... label is available without German chars in English  00:25 +487: loading /Users/alexandermessinger/dev/claudvibes/reflexjourney/test/features/assessment/reflex_questionnaire_localization_test.dart                                                        00:25 +487: /Users/alexandermessinger/dev/claudvibes/reflexjourney/test/features/assessment/reflex_questionnaire_localization_test.dart: ... preserves questionnaire, question, and module counts      00:25 +488: /Users/alexandermessinger/dev/claudvibes/reflexjourney/test/features/assessment/reflex_questionnaire_localization_test.dart: ... preserves questionnaire, question, and module counts      00:25 +488: /Users/alexandermessinger/dev/claudvibes/reflexjourney/test/features/assessment/reflex_questionnaire_localization_test.dart: ... nonempty paired copy for every definition and question    00:25 +489: /Users/alexandermessinger/dev/claudvibes/reflexjourney/test/features/assessment/reflex_questionnaire_localization_test.dart: ... nonempty paired copy for every definition and question    00:25 +489: /Users/alexandermessinger/dev/claudvibes/reflexjourney/test/features/assessment/reflex_questionnaire_localization_test.dart: ... preserves representative German source copy exactly       00:25 +490: /Users/alexandermessinger/dev/claudvibes/reflexjourney/test/features/assessment/reflex_questionnaire_localization_test.dart: ... preserves representative German source copy exactly       00:25 +490: /Users/alexandermessinger/dev/claudvibes/reflexjourney/test/features/assessment/reflex_questionnaire_localization_test.dart: ... copy contains no German residue and uses FPR, not FLR     00:25 +491: /Users/alexandermessinger/dev/claudvibes/reflexjourney/test/features/assessment/reflex_questionnaire_localization_test.dart: ... copy contains no German residue and uses FPR, not FLR     00:25 +491: /Users/alexandermessinger/dev/claudvibes/reflexjourney/test/features/assessment/reflex_questionnaire_localization_test.dart: ... locale-aware consumers select English and preserve German 00:25 +492: /Users/alexandermessinger/dev/claudvibes/reflexjourney/test/features/assessment/reflex_questionnaire_localization_test.dart: ... locale-aware consumers select English and preserve German 00:25 +492: loading /Users/alexandermessinger/dev/claudvibes/reflexjourney/test/features/assessment/domain/draft_persistence_service_test.dart                                                         00:25 +492: /Users/alexandermessinger/dev/claudvibes/reflexjourney/test/features/assessment/domain/draft_persistence_service_test.dart: ... saveLocal + loadLocal round-trip preserves all fields      00:25 +493: /Users/alexandermessinger/dev/claudvibes/reflexjourney/test/features/assessment/domain/draft_persistence_service_test.dart: ... saveLocal + loadLocal round-trip preserves all fields      00:25 +493: /Users/alexandermessinger/dev/claudvibes/reflexjourney/test/features/assessment/domain/draft_persistence_service_test.dart: ... loadLocal returns null when nothing saved                  00:25 +494: /Users/alexandermessinger/dev/claudvibes/reflexjourney/test/features/assessment/domain/draft_persistence_service_test.dart: ... loadLocal returns null when nothing saved                  00:25 +494: /Users/alexandermessinger/dev/claudvibes/reflexjourney/test/features/assessment/domain/draft_persistence_service_test.dart: DraftPersistenceService clearLocal removes the draft           00:25 +495: /Users/alexandermessinger/dev/claudvibes/reflexjourney/test/features/assessment/domain/draft_persistence_service_test.dart: DraftPersistenceService clearLocal removes the draft           00:25 +495: /Users/alexandermessinger/dev/claudvibes/reflexjourney/test/features/assessment/domain/draft_persistence_service_test.dart: ... different profile IDs are stored independently             00:25 +496: /Users/alexandermessinger/dev/claudvibes/reflexjourney/test/features/assessment/domain/draft_persistence_service_test.dart: ... different profile IDs are stored independently             00:25 +496: /Users/alexandermessinger/dev/claudvibes/reflexjourney/test/features/assessment/domain/draft_persistence_service_test.dart: ... clearLocal only removes the targeted profile draft         00:25 +497: /Users/alexandermessinger/dev/claudvibes/reflexjourney/test/features/assessment/domain/draft_persistence_service_test.dart: ... clearLocal only removes the targeted profile draft         00:25 +497: /Users/alexandermessinger/dev/claudvibes/reflexjourney/test/features/assessment/domain/draft_persistence_service_test.dart: ... loadLocal returns null and clears corrupt JSON             00:25 +498: /Users/alexandermessinger/dev/claudvibes/reflexjourney/test/features/assessment/domain/draft_persistence_service_test.dart: ... loadLocal returns null and clears corrupt JSON             00:25 +498: /Users/alexandermessinger/dev/claudvibes/reflexjourney/test/features/assessment/domain/draft_persistence_service_test.dart: ... saveLocal is idempotent — overwrites previous draft        00:25 +499: /Users/alexandermessinger/dev/claudvibes/reflexjourney/test/features/assessment/domain/draft_persistence_service_test.dart: ... saveLocal is idempotent — overwrites previous draft        00:25 +499: loading /Users/alexandermessinger/dev/claudvibes/reflexjourney/test/features/assessment/domain/services/training_duration_recommendation_service_test.dart                                 00:25 +499: /Users/alexandermessinger/dev/claudvibes/reflexjourney/test/features/assessment/domain/services/training_duration_recommendation_service_test.dart: ... yes thresholds for Moro max value  00:26 +499: /Users/alexandermessinger/dev/claudvibes/reflexjourney/test/features/assessment/domain/services/training_duration_recommendation_service_test.dart: ... yes thresholds for Moro max value  00:26 +500: /Users/alexandermessinger/dev/claudvibes/reflexjourney/test/features/assessment/domain/services/training_duration_recommendation_service_test.dart: ... yes thresholds for Moro max value  00:26 +500: /Users/alexandermessinger/dev/claudvibes/reflexjourney/test/features/assessment/domain/services/training_duration_recommendation_service_test.dart: ... no thresholds for Moro max value   00:26 +501: /Users/alexandermessinger/dev/claudvibes/reflexjourney/test/features/assessment/domain/services/training_duration_recommendation_service_test.dart: ... no thresholds for Moro max value   00:26 +501: /Users/alexandermessinger/dev/claudvibes/reflexjourney/test/features/assessment/domain/services/training_duration_recommendation_service_test.dart: ... and FLR and returns both values    00:26 +502: /Users/alexandermessinger/dev/claudvibes/reflexjourney/test/features/assessment/domain/services/training_duration_recommendation_service_test.dart: ... and FLR and returns both values    00:26 +502: /Users/alexandermessinger/dev/claudvibes/reflexjourney/test/features/assessment/domain/services/training_duration_recommendation_service_test.dart: ... mapped value is exposed as null    00:26 +503: /Users/alexandermessinger/dev/claudvibes/reflexjourney/test/features/assessment/domain/services/training_duration_recommendation_service_test.dart: ... mapped value is exposed as null    00:26 +503: ... recommendTrainingDuration missing assessment uses fallback defaults                                                                                                                    00:26 +504: ... recommendTrainingDuration missing assessment uses fallback defaults                                                                                                                    00:26 +504: loading /Users/alexandermessinger/dev/claudvibes/reflexjourney/test/features/assessment/domain/services/reflex_profile_pdf_service_test.dart                                               00:26 +504: /Users/alexandermessinger/dev/claudvibes/reflexjourney/test/features/assessment/domain/services/reflex_profile_pdf_service_test.dart: ... follows PrimitiveReflex declaration, not percent 00:26 +505: /Users/alexandermessinger/dev/claudvibes/reflexjourney/test/features/assessment/domain/services/reflex_profile_pdf_service_test.dart: ... follows PrimitiveReflex declaration, not percent 00:26 +505: /Users/alexandermessinger/dev/claudvibes/reflexjourney/test/features/assessment/domain/services/reflex_profile_pdf_service_test.dart: ... child PDF is one page without answer overview    00:26 +505: /Users/alexandermessinger/dev/claudvibes/reflexjourney/test/features/assessment/domain/services/reflex_profile_pdf_service_test.dart: ReflexProfilePdfService §10.3b child PDF is one page without answer overview
Helvetica-Bold has no Unicode support see https://github.com/DavBfr/dart_pdf/wiki/Fonts-Management
Helvetica has no Unicode support see https://github.com/DavBfr/dart_pdf/wiki/Fonts-Management
00:26 +506: /Users/alexandermessinger/dev/claudvibes/reflexjourney/test/features/assessment/domain/services/reflex_profile_pdf_service_test.dart: ... child PDF is one page without answer overview    00:26 +506: /Users/alexandermessinger/dev/claudvibes/reflexjourney/test/features/assessment/domain/services/reflex_profile_pdf_service_test.dart: ... shows dash in percent column, not a number       00:26 +507: /Users/alexandermessinger/dev/claudvibes/reflexjourney/test/features/assessment/domain/services/reflex_profile_pdf_service_test.dart: ... shows dash in percent column, not a number       00:26 +507: /Users/alexandermessinger/dev/claudvibes/reflexjourney/test/features/assessment/domain/services/reflex_profile_pdf_service_test.dart: ... page with amphibian in list but not as radar axis00:26 +507: /Users/alexandermessinger/dev/claudvibes/reflexjourney/test/features/assessment/domain/services/reflex_profile_pdf_service_test.dart: ReflexProfilePdfService §10.3b adult PDF is one page with amphibian in list but not as radar axis
Helvetica-Bold has no Unicode support see https://github.com/DavBfr/dart_pdf/wiki/Fonts-Management
Helvetica has no Unicode support see https://github.com/DavBfr/dart_pdf/wiki/Fonts-Management
00:26 +508: /Users/alexandermessinger/dev/claudvibes/reflexjourney/test/features/assessment/domain/services/reflex_profile_pdf_service_test.dart: ... page with amphibian in list but not as radar axis00:26 +508: /Users/alexandermessinger/dev/claudvibes/reflexjourney/test/features/assessment/domain/services/reflex_profile_pdf_service_test.dart: generate evidence PDFs when RUN_PDF_EVIDENCE=1       00:26 +509: /Users/alexandermessinger/dev/claudvibes/reflexjourney/test/features/assessment/domain/services/reflex_profile_pdf_service_test.dart: generate evidence PDFs when RUN_PDF_EVIDENCE=1       00:26 +509: loading /Users/alexandermessinger/dev/claudvibes/reflexjourney/test/features/assessment/presentation/adult_progress_profile_card_test.dart                                                 00:26 +509: /Users/alexandermessinger/dev/claudvibes/reflexjourney/test/features/assessment/presentation/adult_progress_profile_card_test.dart: adult_v3 progress card shows top bands and no radar    00:26 +510: /Users/alexandermessinger/dev/claudvibes/reflexjourney/test/features/assessment/presentation/adult_reflex_profile_result_view_test.dart: ... band text, no overall score, amphibian count  00:26 +511: /Users/alexandermessinger/dev/claudvibes/reflexjourney/test/features/assessment/presentation/adult_reflex_profile_result_view_test.dart: ... band text, no overall score, amphibian count  00:27 +511: /Users/alexandermessinger/dev/claudvibes/reflexjourney/test/features/assessment/presentation/adult_reflex_profile_result_view_test.dart: ... band text, no overall score, amphibian count  00:27 +512: /Users/alexandermessinger/dev/claudvibes/reflexjourney/test/features/assessment/presentation/adult_reflex_profile_result_view_test.dart: ... band text, no overall score, amphibian count  00:27 +513: /Users/alexandermessinger/dev/claudvibes/reflexjourney/test/features/assessment/presentation/adult_reflex_profile_result_view_test.dart: ... band text, no overall score, amphibian count  00:27 +514: /Users/alexandermessinger/dev/claudvibes/reflexjourney/test/features/assessment/presentation/adult_reflex_profile_result_view_test.dart: ... band text, no overall score, amphibian count  00:27 +515: /Users/alexandermessinger/dev/claudvibes/reflexjourney/test/features/assessment/presentation/adult_reflex_profile_result_view_test.dart: ... band text, no overall score, amphibian count  00:27 +516: /Users/alexandermessinger/dev/claudvibes/reflexjourney/test/features/assessment/presentation/adult_reflex_profile_result_view_test.dart: ... band text, no overall score, amphibian count  00:27 +517: /Users/alexandermessinger/dev/claudvibes/reflexjourney/test/features/assessment/presentation/adult_reflex_profile_result_view_test.dart: ... band text, no overall score, amphibian count  00:27 +518: /Users/alexandermessinger/dev/claudvibes/reflexjourney/test/features/assessment/presentation/adult_reflex_profile_result_view_test.dart: ... band text, no overall score, amphibian count  00:27 +519: /Users/alexandermessinger/dev/claudvibes/reflexjourney/test/features/assessment/presentation/adult_reflex_profile_result_view_test.dart: ... band text, no overall score, amphibian count  00:27 +520: /Users/alexandermessinger/dev/claudvibes/reflexjourney/test/features/assessment/presentation/adult_reflex_profile_result_view_test.dart: ... band text, no overall score, amphibian count  00:27 +521: /Users/alexandermessinger/dev/claudvibes/reflexjourney/test/features/assessment/presentation/adult_reflex_profile_result_view_test.dart: ... band text, no overall score, amphibian count  00:27 +522: /Users/alexandermessinger/dev/claudvibes/reflexjourney/test/features/assessment/presentation/adult_reflex_profile_result_view_test.dart: ... band text, no overall score, amphibian count  00:27 +523: /Users/alexandermessinger/dev/claudvibes/reflexjourney/test/features/assessment/presentation/adult_reflex_profile_result_view_test.dart: ... band text, no overall score, amphibian count  00:27 +524: /Users/alexandermessinger/dev/claudvibes/reflexjourney/test/features/assessment/presentation/adult_reflex_profile_result_view_test.dart: ... band text, no overall score, amphibian count  00:27 +525: /Users/alexandermessinger/dev/claudvibes/reflexjourney/test/features/assessment/presentation/adult_answer_choice_grid_test.dart: adult answer grid exposes semantics on all four choices   00:27 +526: /Users/alexandermessinger/dev/claudvibes/reflexjourney/test/features/assessment/presentation/adult_answer_choice_grid_test.dart: adult answer grid exposes semantics on all four choices   00:27 +527: /Users/alexandermessinger/dev/claudvibes/reflexjourney/test/features/assessment/presentation/adult_answer_choice_grid_test.dart: adult answer grid exposes semantics on all four choices   00:27 +528: /Users/alexandermessinger/dev/claudvibes/reflexjourney/test/features/assessment/presentation/adult_answer_choice_grid_test.dart: adult answer grid exposes semantics on all four choices   00:27 +529: /Users/alexandermessinger/dev/claudvibes/reflexjourney/test/features/assessment/presentation/adult_answer_choice_grid_test.dart: adult answer grid exposes semantics on all four choices   00:27 +530: /Users/alexandermessinger/dev/claudvibes/reflexjourney/test/features/assessment/presentation/adult_answer_choice_grid_test.dart: adult answer grid exposes semantics on all four choices   00:27 +531: /Users/alexandermessinger/dev/claudvibes/reflexjourney/test/features/assessment/presentation/adult_answer_choice_grid_test.dart: adult answer grid exposes semantics on all four choices   00:27 +532: /Users/alexandermessinger/dev/claudvibes/reflexjourney/test/features/assessment/presentation/adult_answer_choice_grid_test.dart: adult answer grid exposes semantics on all four choices   00:27 +533: /Users/alexandermessinger/dev/claudvibes/reflexjourney/test/features/assessment/presentation/adult_answer_choice_grid_test.dart: adult answer grid exposes semantics on all four choices   00:27 +534: /Users/alexandermessinger/dev/claudvibes/reflexjourney/test/features/assessment/presentation/adult_answer_choice_grid_test.dart: adult answer grid exposes semantics on all four choices   00:28 +534: /Users/alexandermessinger/dev/claudvibes/reflexjourney/test/features/assessment/presentation/adult_answer_choice_grid_test.dart: adult answer grid exposes semantics on all four choices   00:28 +535: /Users/alexandermessinger/dev/claudvibes/reflexjourney/test/features/assessment/presentation/adult_answer_choice_grid_test.dart: adult answer grid exposes semantics on all four choices   00:28 +536: /Users/alexandermessinger/dev/claudvibes/reflexjourney/test/features/assessment/presentation/additional_answers_panel_test.dart: additional answers start collapsed                        00:28 +537: /Users/alexandermessinger/dev/claudvibes/reflexjourney/test/features/assessment/presentation/additional_answers_panel_test.dart: additional answers start collapsed                        00:28 +538: /Users/alexandermessinger/dev/claudvibes/reflexjourney/test/features/assessment/presentation/additional_answers_panel_test.dart: additional answers start collapsed                        00:28 +539: /Users/alexandermessinger/dev/claudvibes/reflexjourney/test/features/assessment/presentation/additional_answers_panel_test.dart: additional answers start collapsed                        00:28 +540: /Users/alexandermessinger/dev/claudvibes/reflexjourney/test/features/assessment/presentation/additional_answers_panel_test.dart: additional answers start collapsed                        00:28 +540: /Users/alexandermessinger/dev/claudvibes/reflexjourney/test/features/assessment/presentation/additional_answers_panel_test.dart: tapping the title reveals the entries                     00:28 +541: /Users/alexandermessinger/dev/claudvibes/reflexjourney/test/features/assessment/presentation/additional_answers_panel_test.dart: tapping the title reveals the entries                     00:28 +541: /Users/alexandermessinger/dev/claudvibes/reflexjourney/test/features/assessment/presentation/additional_answers_panel_test.dart: empty state stays behind the collapsed title              00:28 +542: /Users/alexandermessinger/dev/claudvibes/reflexjourney/test/features/assessment/presentation/additional_answers_panel_test.dart: empty state stays behind the collapsed title              00:28 +543: /Users/alexandermessinger/dev/claudvibes/reflexjourney/test/features/assessment/presentation/additional_answers_panel_test.dart: empty state stays behind the collapsed title              00:28 +543: loading /Users/alexandermessinger/dev/claudvibes/reflexjourney/test/features/assessment/adult_safety_notice_test.dart                                                                      00:28 +543: /Users/alexandermessinger/dev/claudvibes/reflexjourney/test/features/assessment/adult_safety_notice_test.dart: Phase 6 default flags movement and hard-gate stay off until expert sign-off 00:28 +544: /Users/alexandermessinger/dev/claudvibes/reflexjourney/test/features/assessment/adult_safety_notice_test.dart: Phase 6 default flags movement and hard-gate stay off until expert sign-off 00:28 +544: /Users/alexandermessinger/dev/claudvibes/reflexjourney/test/features/assessment/adult_safety_notice_test.dart: AdultSafetyNotice metadata message_version is expert draft v0               00:28 +545: /Users/alexandermessinger/dev/claudvibes/reflexjourney/test/features/assessment/adult_safety_notice_test.dart: AdultSafetyNotice metadata message_version is expert draft v0               00:28 +545: /Users/alexandermessinger/dev/claudvibes/reflexjourney/test/features/assessment/adult_safety_notice_test.dart: ... source) DE body matches expert draft §6 without movement appendix       00:28 +546: /Users/alexandermessinger/dev/claudvibes/reflexjourney/test/features/assessment/adult_safety_notice_test.dart: ... source) DE body matches expert draft §6 without movement appendix       00:28 +546: /Users/alexandermessinger/dev/claudvibes/reflexjourney/test/features/assessment/adult_safety_notice_test.dart: ... source) EN body is the faithful translation without movement appendix   00:28 +547: /Users/alexandermessinger/dev/claudvibes/reflexjourney/test/features/assessment/adult_safety_notice_test.dart: ... source) EN body is the faithful translation without movement appendix   00:28 +547: /Users/alexandermessinger/dev/claudvibes/reflexjourney/test/features/assessment/adult_safety_notice_test.dart: ... flags s005/s006 are not visible when movementChecksEnabled is false     00:28 +548: /Users/alexandermessinger/dev/claudvibes/reflexjourney/test/features/assessment/adult_safety_notice_test.dart: ... flags s005/s006 are not visible when movementChecksEnabled is false     00:29 +548: /Users/alexandermessinger/dev/claudvibes/reflexjourney/test/features/assessment/adult_safety_notice_test.dart: ... flags s005/s006 are not visible when movementChecksEnabled is false     00:29 +548: loading /Users/alexandermessinger/dev/claudvibes/reflexjourney/test/features/assessment/reflex_answer_json_and_draft_meta_test.dart                                                        00:29 +548: /Users/alexandermessinger/dev/claudvibes/reflexjourney/test/features/assessment/reflex_answer_json_and_draft_meta_test.dart: ... / fromJson child wire format stays yes/no/unknown only    00:29 +549: /Users/alexandermessinger/dev/claudvibes/reflexjourney/test/features/assessment/reflex_answer_json_and_draft_meta_test.dart: ... / fromJson child wire format stays yes/no/unknown only    00:29 +549: /Users/alexandermessinger/dev/claudvibes/reflexjourney/test/features/assessment/reflex_answer_json_and_draft_meta_test.dart: ... adult not_applicable is a distinct fourth wire value      00:29 +550: /Users/alexandermessinger/dev/claudvibes/reflexjourney/test/features/assessment/reflex_answer_json_and_draft_meta_test.dart: ... adult not_applicable is a distinct fourth wire value      00:29 +550: /Users/alexandermessinger/dev/claudvibes/reflexjourney/test/features/assessment/reflex_answer_json_and_draft_meta_test.dart: ... / fromJson round-trips all four adult answer choices      00:29 +551: /Users/alexandermessinger/dev/claudvibes/reflexjourney/test/features/assessment/reflex_answer_json_and_draft_meta_test.dart: ... / fromJson round-trips all four adult answer choices      00:29 +551: /Users/alexandermessinger/dev/claudvibes/reflexjourney/test/features/assessment/reflex_answer_json_and_draft_meta_test.dart: ... months and free text alongside unknown-free answers       00:29 +552: /Users/alexandermessinger/dev/claudvibes/reflexjourney/test/features/assessment/reflex_answer_json_and_draft_meta_test.dart: ... months and free text alongside unknown-free answers       00:29 +552: /Users/alexandermessinger/dev/claudvibes/reflexjourney/test/features/assessment/reflex_answer_json_and_draft_meta_test.dart: ... version, filter answers, timings and module index         00:29 +553: /Users/alexandermessinger/dev/claudvibes/reflexjourney/test/features/assessment/reflex_answer_json_and_draft_meta_test.dart: ... version, filter answers, timings and module index         00:29 +553: /Users/alexandermessinger/dev/claudvibes/reflexjourney/test/features/assessment/reflex_answer_json_and_draft_meta_test.dart: ... child meta without new fields still restores module index 00:29 +554: /Users/alexandermessinger/dev/claudvibes/reflexjourney/test/features/assessment/reflex_answer_json_and_draft_meta_test.dart: ... child meta without new fields still restores module index 00:29 +554: loading /Users/alexandermessinger/dev/claudvibes/reflexjourney/test/features/dashboard/mark_today_complete_test.dart                                                                       00:29 +554: /Users/alexandermessinger/dev/claudvibes/reflexjourney/test/features/dashboard/mark_today_complete_test.dart: logging a day writes one session row per selected profile                    00:29 +555: /Users/alexandermessinger/dev/claudvibes/reflexjourney/test/features/dashboard/mark_today_complete_test.dart: logging a day writes one session row per selected profile                    00:29 +556: /Users/alexandermessinger/dev/claudvibes/reflexjourney/test/features/dashboard/mark_today_complete_test.dart: logging a day writes one session row per selected profile                    00:29 +557: /Users/alexandermessinger/dev/claudvibes/reflexjourney/test/features/invite/data/supabase_invite_repository_parse_test.dart: empty or scalar payload throws FormatException                00:29 +558: /Users/alexandermessinger/dev/claudvibes/reflexjourney/test/features/dashboard/mark_today_complete_test.dart: a profile that already trained today is skipped                              00:29 +559: /Users/alexandermessinger/dev/claudvibes/reflexjourney/test/features/dashboard/mark_today_complete_test.dart: a profile that already trained today is skipped                              00:29 +559: loading /Users/alexandermessinger/dev/claudvibes/reflexjourney/test/features/invite/domain/invite_models_test.dart                                                                         00:29 +559: /Users/alexandermessinger/dev/claudvibes/reflexjourney/test/features/invite/domain/invite_models_test.dart: InviteOverview.fromJson parses code and activated_count                        00:29 +560: /Users/alexandermessinger/dev/claudvibes/reflexjourney/test/features/invite/domain/invite_models_test.dart: InviteOverview.fromJson parses code and activated_count                        00:29 +560: /Users/alexandermessinger/dev/claudvibes/reflexjourney/test/features/invite/domain/invite_models_test.dart: InviteOverview.fromJson accepts whole numeric activated_count from jsonb       00:29 +561: /Users/alexandermessinger/dev/claudvibes/reflexjourney/test/features/invite/domain/invite_models_test.dart: InviteOverview.fromJson accepts whole numeric activated_count from jsonb       00:29 +561: /Users/alexandermessinger/dev/claudvibes/reflexjourney/test/features/invite/domain/invite_models_test.dart: InviteOverview.fromJson rejects invalid code shape                             00:29 +562: /Users/alexandermessinger/dev/claudvibes/reflexjourney/test/features/invite/domain/invite_models_test.dart: InviteOverview.fromJson rejects invalid code shape                             00:29 +562: /Users/alexandermessinger/dev/claudvibes/reflexjourney/test/features/invite/domain/invite_models_test.dart: InviteOverview.fromJson rejects negative and fractional activated_count        00:29 +563: /Users/alexandermessinger/dev/claudvibes/reflexjourney/test/features/invite/domain/invite_models_test.dart: InviteOverview.fromJson rejects negative and fractional activated_count        00:29 +563: /Users/alexandermessinger/dev/claudvibes/reflexjourney/test/features/invite/domain/invite_models_test.dart: InviteOverview.fromJson throws when code missing                               00:29 +564: /Users/alexandermessinger/dev/claudvibes/reflexjourney/test/features/invite/domain/invite_models_test.dart: InviteOverview.fromJson throws when code missing                               00:29 +564: /Users/alexandermessinger/dev/claudvibes/reflexjourney/test/features/invite/domain/invite_models_test.dart: InviteRedeemResult.fromRpc maps every known result value                       00:29 +565: /Users/alexandermessinger/dev/claudvibes/reflexjourney/test/features/invite/domain/invite_models_test.dart: InviteRedeemResult.fromRpc maps every known result value                       00:29 +565: /Users/alexandermessinger/dev/claudvibes/reflexjourney/test/features/invite/domain/invite_models_test.dart: InviteRedeemResult.fromRpc null or unknown values throw FormatException        00:29 +566: /Users/alexandermessinger/dev/claudvibes/reflexjourney/test/features/invite/domain/invite_models_test.dart: InviteRedeemResult.fromRpc null or unknown values throw FormatException        00:29 +566: loading /Users/alexandermessinger/dev/claudvibes/reflexjourney/test/features/invite/domain/invite_prompt_policy_test.dart                                                                  00:29 +566: /Users/alexandermessinger/dev/claudvibes/reflexjourney/test/features/invite/domain/invite_prompt_policy_test.dart: shows when all gates pass                                               00:29 +567: /Users/alexandermessinger/dev/claudvibes/reflexjourney/test/features/invite/domain/invite_prompt_policy_test.dart: shows when all gates pass                                               00:29 +567: /Users/alexandermessinger/dev/claudvibes/reflexjourney/test/features/invite/domain/invite_prompt_policy_test.dart: suppresses when source disabled (I2)                                    00:29 +568: /Users/alexandermessinger/dev/claudvibes/reflexjourney/test/features/invite/domain/invite_prompt_policy_test.dart: suppresses when source disabled (I2)                                    00:29 +568: /Users/alexandermessinger/dev/claudvibes/reflexjourney/test/features/invite/domain/invite_prompt_policy_test.dart: suppresses outside eligible context                                     00:29 +569: /Users/alexandermessinger/dev/claudvibes/reflexjourney/test/features/invite/domain/invite_prompt_policy_test.dart: suppresses outside eligible context                                     00:29 +569: /Users/alexandermessinger/dev/claudvibes/reflexjourney/test/features/invite/domain/invite_prompt_policy_test.dart: suppresses during training session                                      00:29 +570: /Users/alexandermessinger/dev/claudvibes/reflexjourney/test/features/invite/domain/invite_prompt_policy_test.dart: suppresses during training session                                      00:29 +570: /Users/alexandermessinger/dev/claudvibes/reflexjourney/test/features/invite/domain/invite_prompt_policy_test.dart: suppresses on low mood in last 24h                                      00:29 +571: /Users/alexandermessinger/dev/claudvibes/reflexjourney/test/features/invite/domain/invite_prompt_policy_test.dart: suppresses on low mood in last 24h                                      00:29 +571: /Users/alexandermessinger/dev/claudvibes/reflexjourney/test/features/invite/domain/invite_prompt_policy_test.dart: suppresses when permanently silent                                      00:29 +572: /Users/alexandermessinger/dev/claudvibes/reflexjourney/test/features/invite/domain/invite_prompt_policy_test.dart: suppresses when permanently silent                                      00:29 +572: /Users/alexandermessinger/dev/claudvibes/reflexjourney/test/features/invite/domain/invite_prompt_policy_test.dart: suppresses after two settled ignored shows                              00:29 +573: /Users/alexandermessinger/dev/claudvibes/reflexjourney/test/features/invite/domain/invite_prompt_policy_test.dart: suppresses after two settled ignored shows                              00:29 +573: /Users/alexandermessinger/dev/claudvibes/reflexjourney/test/features/invite/domain/invite_prompt_policy_test.dart: enforces 30-day cooldown                                                00:29 +574: /Users/alexandermessinger/dev/claudvibes/reflexjourney/test/features/invite/domain/invite_prompt_policy_test.dart: enforces 30-day cooldown                                                00:29 +574: /Users/alexandermessinger/dev/claudvibes/reflexjourney/test/features/invite/domain/invite_prompt_policy_test.dart: enforces max three shows in first year                                  00:29 +575: /Users/alexandermessinger/dev/claudvibes/reflexjourney/test/features/invite/domain/invite_prompt_policy_test.dart: enforces max three shows in first year                                  00:29 +575: /Users/alexandermessinger/dev/claudvibes/reflexjourney/test/features/invite/domain/invite_prompt_policy_test.dart: afterShow marks unanswered without incrementing ignore                  00:29 +576: /Users/alexandermessinger/dev/claudvibes/reflexjourney/test/features/invite/domain/invite_prompt_policy_test.dart: afterShow marks unanswered without incrementing ignore                  00:29 +576: /Users/alexandermessinger/dev/claudvibes/reflexjourney/test/features/invite/domain/invite_prompt_policy_test.dart: settle counts unanswered; second settle can become permanent            00:29 +577: /Users/alexandermessinger/dev/claudvibes/reflexjourney/test/features/invite/domain/invite_prompt_policy_test.dart: settle counts unanswered; second settle can become permanent            00:29 +577: /Users/alexandermessinger/dev/claudvibes/reflexjourney/test/features/invite/domain/invite_prompt_policy_test.dart: first ignored then second tapped is not permanently silent              00:29 +578: /Users/alexandermessinger/dev/claudvibes/reflexjourney/test/features/invite/domain/invite_prompt_policy_test.dart: first ignored then second tapped is not permanently silent              00:29 +578: /Users/alexandermessinger/dev/claudvibes/reflexjourney/test/features/invite/domain/invite_prompt_policy_test.dart: tap on first show clears unanswered; cooldown still applies             00:29 +579: /Users/alexandermessinger/dev/claudvibes/reflexjourney/test/features/invite/domain/invite_prompt_policy_test.dart: tap on first show clears unanswered; cooldown still applies             00:29 +579: /Users/alexandermessinger/dev/claudvibes/reflexjourney/test/features/invite/domain/invite_prompt_policy_test.dart: evaluateInviteImpulseI1 flag off skips mood/store and does not record   00:29 +580: /Users/alexandermessinger/dev/claudvibes/reflexjourney/test/features/invite/domain/invite_prompt_policy_test.dart: evaluateInviteImpulseI1 flag off skips mood/store and does not record   00:29 +580: /Users/alexandermessinger/dev/claudvibes/reflexjourney/test/features/invite/domain/invite_prompt_policy_test.dart: ... mood or store failure suppresses without recording show             00:29 +581: /Users/alexandermessinger/dev/claudvibes/reflexjourney/test/features/invite/domain/invite_prompt_policy_test.dart: ... mood or store failure suppresses without recording show             00:30 +581: /Users/alexandermessinger/dev/claudvibes/reflexjourney/test/features/invite/domain/invite_prompt_policy_test.dart: ... mood or store failure suppresses without recording show             00:30 +581: loading /Users/alexandermessinger/dev/claudvibes/reflexjourney/test/features/invite/presentation/invite_messages_test.dart                                                                 00:30 +581: /Users/alexandermessinger/dev/claudvibes/reflexjourney/test/features/invite/presentation/invite_messages_test.dart: (setUpAll)                                                             00:30 +581: /Users/alexandermessinger/dev/claudvibes/reflexjourney/test/features/invite/presentation/invite_messages_test.dart: normalizeInviteCodeInput strips separators and uppercases              00:30 +582: /Users/alexandermessinger/dev/claudvibes/reflexjourney/test/features/invite/presentation/invite_messages_test.dart: normalizeInviteCodeInput strips separators and uppercases              00:30 +582: /Users/alexandermessinger/dev/claudvibes/reflexjourney/test/features/invite/presentation/invite_messages_test.dart: isWellFormedInviteCode accepts alphabet and length only                00:30 +583: /Users/alexandermessinger/dev/claudvibes/reflexjourney/test/features/invite/presentation/invite_messages_test.dart: isWellFormedInviteCode accepts alphabet and length only                00:30 +583: /Users/alexandermessinger/dev/claudvibes/reflexjourney/test/features/invite/presentation/invite_messages_test.dart: each redeem result maps to its dedicated message                       00:30 +584: /Users/alexandermessinger/dev/claudvibes/reflexjourney/test/features/invite/presentation/invite_messages_test.dart: each redeem result maps to its dedicated message                       00:30 +584: /Users/alexandermessinger/dev/claudvibes/reflexjourney/test/features/invite/presentation/invite_messages_test.dart: error messages are distinct — no generic collapse                      00:30 +585: /Users/alexandermessinger/dev/claudvibes/reflexjourney/test/features/invite/presentation/invite_messages_test.dart: error messages are distinct — no generic collapse                      00:30 +585: /Users/alexandermessinger/dev/claudvibes/reflexjourney/test/features/invite/presentation/invite_messages_test.dart: (tearDownAll)                                                          00:30 +585: loading /Users/alexandermessinger/dev/claudvibes/reflexjourney/test/features/invite/presentation/invite_gate_test.dart                                                                     00:30 +585: /Users/alexandermessinger/dev/claudvibes/reflexjourney/test/features/invite/presentation/invite_gate_test.dart: kInviteEnabled is off until Phase-5 device checks pass                     00:30 +586: /Users/alexandermessinger/dev/claudvibes/reflexjourney/test/features/invite/presentation/invite_gate_test.dart: kInviteEnabled is off until Phase-5 device checks pass                     00:30 +586: loading /Users/alexandermessinger/dev/claudvibes/reflexjourney/test/features/invite/presentation/impact_tree_card_golden_test.dart                                                         00:30 +586: /Users/alexandermessinger/dev/claudvibes/reflexjourney/test/features/invite/presentation/impact_tree_card_golden_test.dart: crown tier densifies only after twelve activations             00:30 +587: /Users/alexandermessinger/dev/claudvibes/reflexjourney/test/features/invite/presentation/impact_tree_card_golden_test.dart: crown tier densifies only after twelve activations             00:30 +587: /Users/alexandermessinger/dev/claudvibes/reflexjourney/test/features/invite/presentation/impact_tree_card_golden_test.dart: impact tree golden count=0 dark                                00:31 +587: /Users/alexandermessinger/dev/claudvibes/reflexjourney/test/features/invite/presentation/impact_tree_card_golden_test.dart: impact tree golden count=0 dark                                00:31 +588: /Users/alexandermessinger/dev/claudvibes/reflexjourney/test/features/invite/presentation/impact_tree_card_golden_test.dart: impact tree golden count=0 dark                                00:31 +589: /Users/alexandermessinger/dev/claudvibes/reflexjourney/test/features/invite/presentation/impact_tree_card_golden_test.dart: impact tree golden count=0 dark                                00:31 +590: /Users/alexandermessinger/dev/claudvibes/reflexjourney/test/features/invite/presentation/impact_tree_card_golden_test.dart: impact tree golden count=0 dark                                00:31 +591: /Users/alexandermessinger/dev/claudvibes/reflexjourney/test/features/invite/presentation/invite_redeem_screen_test.dart: confirm sheet shows code, benefit, and privacy body               00:31 +592: /Users/alexandermessinger/dev/claudvibes/reflexjourney/test/features/invite/presentation/invite_redeem_screen_test.dart: confirm sheet shows code, benefit, and privacy body               00:31 +593: /Users/alexandermessinger/dev/claudvibes/reflexjourney/test/features/invite/presentation/invite_redeem_screen_test.dart: confirm sheet shows code, benefit, and privacy body               00:31 +594: /Users/alexandermessinger/dev/claudvibes/reflexjourney/test/features/invite/presentation/invite_redeem_screen_test.dart: confirm sheet shows code, benefit, and privacy body               00:31 +595: /Users/alexandermessinger/dev/claudvibes/reflexjourney/test/features/invite/presentation/invite_redeem_screen_test.dart: confirm sheet shows code, benefit, and privacy body               00:31 +596: /Users/alexandermessinger/dev/claudvibes/reflexjourney/test/features/invite/presentation/invite_redeem_screen_test.dart: confirm sheet shows code, benefit, and privacy body               00:31 +597: /Users/alexandermessinger/dev/claudvibes/reflexjourney/test/features/invite/presentation/invite_redeem_screen_test.dart: confirm sheet shows code, benefit, and privacy body               00:31 +598: /Users/alexandermessinger/dev/claudvibes/reflexjourney/test/features/invite/presentation/impact_tree_card_golden_test.dart: impact tree golden count=12 light                              00:31 +599: /Users/alexandermessinger/dev/claudvibes/reflexjourney/test/features/invite/presentation/invite_redeem_screen_test.dart: confirm sheet scrolls at 200% text scale without overflow         00:31 +600: /Users/alexandermessinger/dev/claudvibes/reflexjourney/test/features/invite/presentation/invite_redeem_screen_test.dart: confirm sheet scrolls at 200% text scale without overflow         00:31 +601: /Users/alexandermessinger/dev/claudvibes/reflexjourney/test/features/invite/presentation/invite_redeem_screen_test.dart: confirm sheet scrolls at 200% text scale without overflow         00:31 +602: /Users/alexandermessinger/dev/claudvibes/reflexjourney/test/features/invite/presentation/impact_tree_card_semantics_test.dart: impact tree card exposes a single aggregated semantics label00:31 +603: /Users/alexandermessinger/dev/claudvibes/reflexjourney/test/features/invite/presentation/impact_tree_card_semantics_test.dart: impact tree card exposes a single aggregated semantics label00:31 +604: /Users/alexandermessinger/dev/claudvibes/reflexjourney/test/features/invite/presentation/impact_tree_card_semantics_test.dart: impact tree card exposes a single aggregated semantics label00:31 +605: /Users/alexandermessinger/dev/claudvibes/reflexjourney/test/features/invite/presentation/impact_tree_card_semantics_test.dart: impact tree card exposes a single aggregated semantics label00:32 +605: /Users/alexandermessinger/dev/claudvibes/reflexjourney/test/features/invite/presentation/impact_tree_card_semantics_test.dart: impact tree card exposes a single aggregated semantics label00:32 +606: /Users/alexandermessinger/dev/claudvibes/reflexjourney/test/features/invite/presentation/impact_tree_card_semantics_test.dart: impact tree card exposes a single aggregated semantics label00:32 +607: /Users/alexandermessinger/dev/claudvibes/reflexjourney/test/features/invite/presentation/impact_tree_card_semantics_test.dart: impact tree card exposes a single aggregated semantics label00:32 +608: /Users/alexandermessinger/dev/claudvibes/reflexjourney/test/features/invite/presentation/impact_tree_card_semantics_test.dart: impact tree card exposes a single aggregated semantics label00:32 +609: /Users/alexandermessinger/dev/claudvibes/reflexjourney/test/features/invite/presentation/invite_impulse_card_test.dart: impulse card is an inline card, not a dialog                       00:32 +610: /Users/alexandermessinger/dev/claudvibes/reflexjourney/test/features/invite/presentation/invite_impulse_card_test.dart: impulse card is an inline card, not a dialog                       00:32 +611: /Users/alexandermessinger/dev/claudvibes/reflexjourney/test/features/invite/presentation/invite_impulse_card_test.dart: impulse card is an inline card, not a dialog                       00:32 +612: /Users/alexandermessinger/dev/claudvibes/reflexjourney/test/features/consent/consent_screen_layout_b_test.dart: discover CTA stays disabled until checkbox is checked                      00:32 +613: /Users/alexandermessinger/dev/claudvibes/reflexjourney/test/features/consent/consent_screen_layout_b_test.dart: discover CTA stays disabled until checkbox is checked                      00:32 +614: /Users/alexandermessinger/dev/claudvibes/reflexjourney/test/features/consent/consent_screen_layout_b_test.dart: discover CTA stays disabled until checkbox is checked                      00:33 +614: /Users/alexandermessinger/dev/claudvibes/reflexjourney/test/features/consent/consent_screen_layout_b_test.dart: discover CTA stays disabled until checkbox is checked                      00:33 +615: /Users/alexandermessinger/dev/claudvibes/reflexjourney/test/features/consent/consent_screen_layout_b_test.dart: discover CTA stays disabled until checkbox is checked                      00:33 +616: /Users/alexandermessinger/dev/claudvibes/reflexjourney/test/features/invite/presentation/invite_redeem_screen_test.dart: redeem shows dedicated copy for InviteRedeemResult.codeInactive   00:33 +617: /Users/alexandermessinger/dev/claudvibes/reflexjourney/test/features/consent/consent_screen_layout_b_test.dart: document rows open bottom sheets with lawyer content                       00:33 +618: /Users/alexandermessinger/dev/claudvibes/reflexjourney/test/features/consent/consent_screen_layout_b_test.dart: document rows open bottom sheets with lawyer content                       00:33 +619: /Users/alexandermessinger/dev/claudvibes/reflexjourney/test/features/consent/consent_screen_layout_b_test.dart: document rows open bottom sheets with lawyer content                       00:33 +620: /Users/alexandermessinger/dev/claudvibes/reflexjourney/test/features/invite/presentation/invite_redeem_screen_test.dart: redeem shows dedicated copy for InviteRedeemResult.accountTooOld  00:33 +621: /Users/alexandermessinger/dev/claudvibes/reflexjourney/test/features/invite/presentation/invite_redeem_screen_test.dart: redeem shows dedicated copy for InviteRedeemResult.accountTooOld  00:33 +621: /Users/alexandermessinger/dev/claudvibes/reflexjourney/test/features/invite/presentation/invite_redeem_screen_test.dart: terminal non-accepted RPC results clear the pending invite code   00:33 +622: /Users/alexandermessinger/dev/claudvibes/reflexjourney/test/features/invite/presentation/invite_redeem_screen_test.dart: terminal non-accepted RPC results clear the pending invite code   00:33 +623: /Users/alexandermessinger/dev/claudvibes/reflexjourney/test/features/invite/presentation/invite_redeem_screen_test.dart: terminal non-accepted RPC results clear the pending invite code   00:33 +624: /Users/alexandermessinger/dev/claudvibes/reflexjourney/test/features/invite/presentation/invite_redeem_screen_test.dart: terminal non-accepted RPC results clear the pending invite code   00:33 +624: /Users/alexandermessinger/dev/claudvibes/reflexjourney/test/features/invite/presentation/invite_redeem_screen_test.dart: accepted RPC clears pending code                                  00:33 +625: /Users/alexandermessinger/dev/claudvibes/reflexjourney/test/features/invite/presentation/invite_redeem_screen_test.dart: accepted RPC clears pending code                                  00:33 +625: /Users/alexandermessinger/dev/claudvibes/reflexjourney/test/features/invite/presentation/invite_redeem_screen_test.dart: decline and network errors keep the pending invite code           00:33 +626: /Users/alexandermessinger/dev/claudvibes/reflexjourney/test/features/invite/presentation/invite_redeem_screen_test.dart: decline and network errors keep the pending invite code           00:33 +627: /Users/alexandermessinger/dev/claudvibes/reflexjourney/test/features/invite/presentation/invite_redeem_screen_test.dart: decline and network errors keep the pending invite code           00:33 +628: /Users/alexandermessinger/dev/claudvibes/reflexjourney/test/features/invite/presentation/invite_redeem_screen_test.dart: decline and network errors keep the pending invite code           00:33 +629: /Users/alexandermessinger/dev/claudvibes/reflexjourney/test/features/invite/presentation/invite_redeem_screen_test.dart: decline and network errors keep the pending invite code           00:34 +629: /Users/alexandermessinger/dev/claudvibes/reflexjourney/test/features/invite/presentation/invite_redeem_screen_test.dart: decline and network errors keep the pending invite code           00:34 +630: /Users/alexandermessinger/dev/claudvibes/reflexjourney/test/features/profile/presentation/subject_profile_reflex_action_tile_test.dart: ... shows view label and routes to result          00:34 +631: /Users/alexandermessinger/dev/claudvibes/reflexjourney/test/features/profile/presentation/subject_profile_reflex_action_tile_test.dart: ... shows view label and routes to result          00:34 +632: /Users/alexandermessinger/dev/claudvibes/reflexjourney/test/features/profile/presentation/subject_profile_reflex_action_tile_test.dart: ... shows view label and routes to result          00:34 +632: /Users/alexandermessinger/dev/claudvibes/reflexjourney/test/features/profile/presentation/subject_profile_reflex_action_tile_test.dart: without assessment shows fill label                00:34 +633: /Users/alexandermessinger/dev/claudvibes/reflexjourney/test/features/profile/presentation/subject_profile_reflex_action_tile_test.dart: without assessment shows fill label                00:34 +633: loading /Users/alexandermessinger/dev/claudvibes/reflexjourney/test/features/community/community_screen_test.dart                                                                          00:34 +633: /Users/alexandermessinger/dev/claudvibes/reflexjourney/test/features/community/community_screen_test.dart: CommunityScreen renders Erfahrungen title and empty state                       00:34 +634: /Users/alexandermessinger/dev/claudvibes/reflexjourney/test/features/community/community_screen_test.dart: CommunityScreen renders Erfahrungen title and empty state                       00:34 +635: /Users/alexandermessinger/dev/claudvibes/reflexjourney/test/features/community/community_screen_test.dart: CommunityScreen renders Erfahrungen title and empty state                       00:34 +636: /Users/alexandermessinger/dev/claudvibes/reflexjourney/test/features/community/community_screen_test.dart: CommunityScreen renders Erfahrungen title and empty state                       00:34 +637: /Users/alexandermessinger/dev/claudvibes/reflexjourney/test/features/community/community_screen_test.dart: CommunityScreen renders Erfahrungen title and empty state                       00:34 +638: /Users/alexandermessinger/dev/claudvibes/reflexjourney/test/features/community/community_screen_test.dart: CommunityScreen renders Erfahrungen title and empty state                       00:34 +639: /Users/alexandermessinger/dev/claudvibes/reflexjourney/test/features/community/community_screen_test.dart: CommunityScreen renders Erfahrungen title and empty state                       00:34 +640: /Users/alexandermessinger/dev/claudvibes/reflexjourney/test/features/community/community_screen_test.dart: CommunityScreen renders Erfahrungen title and empty state                       00:34 +641: /Users/alexandermessinger/dev/claudvibes/reflexjourney/test/features/community/community_screen_test.dart: CommunityScreen renders Erfahrungen title and empty state                       00:34 +642: /Users/alexandermessinger/dev/claudvibes/reflexjourney/test/features/community/community_screen_test.dart: CommunityScreen renders Erfahrungen title and empty state                       00:34 +643: /Users/alexandermessinger/dev/claudvibes/reflexjourney/test/features/community/community_screen_test.dart: CommunityScreen renders Erfahrungen title and empty state                       00:34 +644: /Users/alexandermessinger/dev/claudvibes/reflexjourney/test/features/community/community_screen_test.dart: CommunityScreen renders Erfahrungen title and empty state                       00:34 +645: /Users/alexandermessinger/dev/claudvibes/reflexjourney/test/features/community/community_screen_test.dart: CommunityScreen renders Erfahrungen title and empty state                       00:35 +645: /Users/alexandermessinger/dev/claudvibes/reflexjourney/test/features/community/community_screen_test.dart: CommunityScreen renders Erfahrungen title and empty state                       00:35 +646: /Users/alexandermessinger/dev/claudvibes/reflexjourney/test/features/premium/paywall_screen_test.dart: rendert Trio mit Preisen, Jahres-Badge und Dauer-Hinweis                            00:35 +647: /Users/alexandermessinger/dev/claudvibes/reflexjourney/test/features/premium/redeem_access_code_dialog_test.dart: redemption dialog renders de at 150% text scale                          00:36 +647: /Users/alexandermessinger/dev/claudvibes/reflexjourney/test/features/premium/redeem_access_code_dialog_test.dart: redemption dialog renders de at 150% text scale                          00:36 +648: /Users/alexandermessinger/dev/claudvibes/reflexjourney/test/features/premium/redeem_access_code_dialog_test.dart: redemption dialog renders de at 150% text scale                          00:36 +649: /Users/alexandermessinger/dev/claudvibes/reflexjourney/test/features/premium/redeem_access_code_dialog_test.dart: redemption dialog renders de at 150% text scale                          00:36 +650: /Users/alexandermessinger/dev/claudvibes/reflexjourney/test/features/premium/redeem_access_code_dialog_test.dart: redemption dialog renders de at 150% text scale                          00:36 +651: /Users/alexandermessinger/dev/claudvibes/reflexjourney/test/features/premium/redeem_access_code_dialog_test.dart: redemption dialog renders de at 150% text scale                          00:36 +652: /Users/alexandermessinger/dev/claudvibes/reflexjourney/test/features/premium/redeem_access_code_dialog_test.dart: redemption dialog renders de at 150% text scale                          00:36 +653: /Users/alexandermessinger/dev/claudvibes/reflexjourney/test/features/premium/redeem_access_code_dialog_test.dart: redemption dialog renders de at 150% text scale                          00:36 +654: /Users/alexandermessinger/dev/claudvibes/reflexjourney/test/features/premium/redeem_access_code_dialog_test.dart: redemption dialog renders de at 150% text scale                          00:36 +655: /Users/alexandermessinger/dev/claudvibes/reflexjourney/test/features/premium/redeem_access_code_dialog_test.dart: redemption dialog renders de at 150% text scale                          00:36 +656: /Users/alexandermessinger/dev/claudvibes/reflexjourney/test/features/premium/redeem_access_code_dialog_test.dart: redemption dialog renders de at 150% text scale                          00:36 +657: /Users/alexandermessinger/dev/claudvibes/reflexjourney/test/features/premium/redeem_access_code_dialog_test.dart: redemption dialog renders de at 150% text scale                          00:36 +658: /Users/alexandermessinger/dev/claudvibes/reflexjourney/test/features/premium/redeem_access_code_dialog_test.dart: redemption dialog renders de at 150% text scale                          00:36 +659: /Users/alexandermessinger/dev/claudvibes/reflexjourney/test/features/premium/redeem_access_code_dialog_test.dart: redemption dialog renders de at 150% text scale                          00:36 +660: /Users/alexandermessinger/dev/claudvibes/reflexjourney/test/features/premium/redeem_access_code_dialog_test.dart: redemption dialog renders de at 150% text scale                          00:36 +661: /Users/alexandermessinger/dev/claudvibes/reflexjourney/test/features/premium/redeem_access_code_dialog_test.dart: redemption dialog renders de at 150% text scale                          00:36 +662: /Users/alexandermessinger/dev/claudvibes/reflexjourney/test/features/premium/redeem_access_code_dialog_test.dart: redemption dialog renders de at 150% text scale                          00:36 +663: /Users/alexandermessinger/dev/claudvibes/reflexjourney/test/features/premium/redeem_access_code_dialog_test.dart: redemption dialog renders de at 150% text scale                          00:36 +664: /Users/alexandermessinger/dev/claudvibes/reflexjourney/test/features/premium/redeem_access_code_dialog_test.dart: redemption dialog renders de at 150% text scale                          00:36 +665: /Users/alexandermessinger/dev/claudvibes/reflexjourney/test/features/premium/redeem_access_code_dialog_test.dart: redemption dialog renders de at 150% text scale                          00:36 +666: /Users/alexandermessinger/dev/claudvibes/reflexjourney/test/features/premium/redeem_access_code_dialog_test.dart: redemption dialog renders de at 150% text scale                          00:36 +667: /Users/alexandermessinger/dev/claudvibes/reflexjourney/test/features/premium/redeem_access_code_dialog_test.dart: redemption dialog renders de at 150% text scale                          00:36 +668: /Users/alexandermessinger/dev/claudvibes/reflexjourney/test/features/premium/redeem_access_code_dialog_test.dart: redemption dialog renders de at 150% text scale                          00:36 +669: /Users/alexandermessinger/dev/claudvibes/reflexjourney/test/features/premium/redeem_access_code_dialog_test.dart: redemption dialog renders de at 150% text scale                          00:36 +670: /Users/alexandermessinger/dev/claudvibes/reflexjourney/test/features/premium/redeem_access_code_dialog_test.dart: redemption dialog renders de at 150% text scale                          00:36 +671: /Users/alexandermessinger/dev/claudvibes/reflexjourney/test/features/premium/redeem_access_code_dialog_test.dart: redemption dialog renders de at 150% text scale                          00:36 +672: /Users/alexandermessinger/dev/claudvibes/reflexjourney/test/features/premium/redeem_access_code_dialog_test.dart: redemption dialog renders de at 150% text scale                          00:36 +673: /Users/alexandermessinger/dev/claudvibes/reflexjourney/test/features/premium/redeem_access_code_dialog_test.dart: redemption dialog renders de at 150% text scale                          00:36 +674: /Users/alexandermessinger/dev/claudvibes/reflexjourney/test/features/premium/redeem_access_code_dialog_test.dart: redemption dialog renders de at 150% text scale                          00:36 +675: /Users/alexandermessinger/dev/claudvibes/reflexjourney/test/features/premium/redeem_access_code_dialog_test.dart: redemption dialog renders de at 150% text scale                          00:36 +676: /Users/alexandermessinger/dev/claudvibes/reflexjourney/test/features/premium/redeem_access_code_dialog_test.dart: redemption dialog renders de at 150% text scale                          00:36 +677: /Users/alexandermessinger/dev/claudvibes/reflexjourney/test/features/trainer/trainer_discovery_screen_test.dart: Öffnen ruft KEINEN Standort ab und zeigt alle Trainer                     00:36 +678: /Users/alexandermessinger/dev/claudvibes/reflexjourney/test/features/trainer/trainer_discovery_screen_test.dart: Öffnen ruft KEINEN Standort ab und zeigt alle Trainer                     00:36 +679: /Users/alexandermessinger/dev/claudvibes/reflexjourney/test/features/trainer/trainer_discovery_screen_test.dart: Öffnen ruft KEINEN Standort ab und zeigt alle Trainer                     00:36 +680: /Users/alexandermessinger/dev/claudvibes/reflexjourney/test/features/trainer/trainer_discovery_screen_test.dart: Öffnen ruft KEINEN Standort ab und zeigt alle Trainer                     00:36 +681: /Users/alexandermessinger/dev/claudvibes/reflexjourney/test/features/trainer/trainer_discovery_screen_test.dart: Öffnen ruft KEINEN Standort ab und zeigt alle Trainer                     00:36 +682: /Users/alexandermessinger/dev/claudvibes/reflexjourney/test/features/trainer/trainer_discovery_screen_test.dart: Öffnen ruft KEINEN Standort ab und zeigt alle Trainer                     00:36 +682: /Users/alexandermessinger/dev/claudvibes/reflexjourney/test/features/trainer/trainer_discovery_screen_test.dart: Öffnen ruft KEINEN Standort ab und zeigt alle Trainer                     
ClientException: Request to https://tile.openstreetmap.org/5/16/10.png failed with status 400: ., uri=https://tile.openstreetmap.org/5/16/10.png
ClientException: Request to https://tile.openstreetmap.org/5/17/10.png failed with status 400: ., uri=https://tile.openstreetmap.org/5/17/10.png
ClientException: Request to https://tile.openstreetmap.org/5/16/9.png failed with status 400: ., uri=https://tile.openstreetmap.org/5/16/9.png
ClientException: Request to https://tile.openstreetmap.org/5/17/9.png failed with status 400: ., uri=https://tile.openstreetmap.org/5/17/9.png
ClientException: Request to https://tile.openstreetmap.org/5/16/11.png failed with status 400: ., uri=https://tile.openstreetmap.org/5/16/11.png
ClientException: Request to https://tile.openstreetmap.org/5/17/11.png failed with status 400: ., uri=https://tile.openstreetmap.org/5/17/11.png
ClientException: Request to https://tile.openstreetmap.org/5/15/10.png failed with status 400: ., uri=https://tile.openstreetmap.org/5/15/10.png
ClientException: Request to https://tile.openstreetmap.org/5/18/10.png failed with status 400: ., uri=https://tile.openstreetmap.org/5/18/10.png
ClientException: Request to https://tile.openstreetmap.org/5/15/9.png failed with status 400: ., uri=https://tile.openstreetmap.org/5/15/9.png
ClientException: Request to https://tile.openstreetmap.org/5/18/9.png failed with status 400: ., uri=https://tile.openstreetmap.org/5/18/9.png
ClientException: Request to https://tile.openstreetmap.org/5/15/11.png failed with status 400: ., uri=https://tile.openstreetmap.org/5/15/11.png
ClientException: Request to https://tile.openstreetmap.org/5/18/11.png failed with status 400: ., uri=https://tile.openstreetmap.org/5/18/11.png
ClientException: Request to https://tile.openstreetmap.org/5/16/8.png failed with status 400: ., uri=https://tile.openstreetmap.org/5/16/8.png
ClientException: Request to https://tile.openstreetmap.org/5/17/8.png failed with status 400: ., uri=https://tile.openstreetmap.org/5/17/8.png
ClientException: Request to https://tile.openstreetmap.org/5/16/12.png failed with status 400: ., uri=https://tile.openstreetmap.org/5/16/12.png
ClientException: Request to https://tile.openstreetmap.org/5/17/12.png failed with status 400: ., uri=https://tile.openstreetmap.org/5/17/12.png
ClientException: Request to https://tile.openstreetmap.org/5/15/8.png failed with status 400: ., uri=https://tile.openstreetmap.org/5/15/8.png
ClientException: Request to https://tile.openstreetmap.org/5/18/8.png failed with status 400: ., uri=https://tile.openstreetmap.org/5/18/8.png
ClientException: Request to https://tile.openstreetmap.org/5/14/10.png failed with status 400: ., uri=https://tile.openstreetmap.org/5/14/10.png
ClientException: Request to https://tile.openstreetmap.org/5/19/10.png failed with status 400: ., uri=https://tile.openstreetmap.org/5/19/10.png
ClientException: Request to https://tile.openstreetmap.org/5/15/12.png failed with status 400: ., uri=https://tile.openstreetmap.org/5/15/12.png
ClientException: Request to https://tile.openstreetmap.org/5/18/12.png failed with status 400: ., uri=https://tile.openstreetmap.org/5/18/12.png
ClientException: Request to https://tile.openstreetmap.org/5/14/9.png failed with status 400: ., uri=https://tile.openstreetmap.org/5/14/9.png
ClientException: Request to https://tile.openstreetmap.org/5/19/9.png failed with status 400: ., uri=https://tile.openstreetmap.org/5/19/9.png
ClientException: Request to https://tile.openstreetmap.org/5/14/11.png failed with status 400: ., uri=https://tile.openstreetmap.org/5/14/11.png
ClientException: Request to https://tile.openstreetmap.org/5/19/11.png failed with status 400: ., uri=https://tile.openstreetmap.org/5/19/11.png
ClientException: Request to https://tile.openstreetmap.org/5/14/8.png failed with status 400: ., uri=https://tile.openstreetmap.org/5/14/8.png
ClientException: Request to https://tile.openstreetmap.org/5/19/8.png failed with status 400: ., uri=https://tile.openstreetmap.org/5/19/8.png
ClientException: Request to https://tile.openstreetmap.org/5/14/12.png failed with status 400: ., uri=https://tile.openstreetmap.org/5/14/12.png
ClientException: Request to https://tile.openstreetmap.org/5/19/12.png failed with status 400: ., uri=https://tile.openstreetmap.org/5/19/12.png
00:37 +683: /Users/alexandermessinger/dev/claudvibes/reflexjourney/test/features/trainer/trainer_discovery_screen_test.dart: Öffnen ruft KEINEN Standort ab und zeigt alle Trainer                     00:37 +683: /Users/alexandermessinger/dev/claudvibes/reflexjourney/test/features/trainer/trainer_discovery_screen_test.dart: Global-Empty-State: „noch keine Trainer freigeschaltet“ + CTA             00:37 +684: /Users/alexandermessinger/dev/claudvibes/reflexjourney/test/features/trainer/trainer_discovery_screen_test.dart: Global-Empty-State: „noch keine Trainer freigeschaltet“ + CTA             00:37 +684: /Users/alexandermessinger/dev/claudvibes/reflexjourney/test/features/trainer/trainer_discovery_screen_test.dart: Umkreis-Tap zeigt CTA-Karte — noch immer kein Auto-Abruf                  00:37 +684: /Users/alexandermessinger/dev/claudvibes/reflexjourney/test/features/trainer/trainer_discovery_screen_test.dart: Umkreis-Tap zeigt CTA-Karte — noch immer kein Auto-Abruf                  
ClientException: Request to https://tile.openstreetmap.org/5/16/10.png failed with status 400: ., uri=https://tile.openstreetmap.org/5/16/10.png
ClientException: Request to https://tile.openstreetmap.org/5/17/10.png failed with status 400: ., uri=https://tile.openstreetmap.org/5/17/10.png
ClientException: Request to https://tile.openstreetmap.org/5/16/9.png failed with status 400: ., uri=https://tile.openstreetmap.org/5/16/9.png
ClientException: Request to https://tile.openstreetmap.org/5/17/9.png failed with status 400: ., uri=https://tile.openstreetmap.org/5/17/9.png
ClientException: Request to https://tile.openstreetmap.org/5/16/11.png failed with status 400: ., uri=https://tile.openstreetmap.org/5/16/11.png
ClientException: Request to https://tile.openstreetmap.org/5/17/11.png failed with status 400: ., uri=https://tile.openstreetmap.org/5/17/11.png
ClientException: Request to https://tile.openstreetmap.org/5/15/10.png failed with status 400: ., uri=https://tile.openstreetmap.org/5/15/10.png
ClientException: Request to https://tile.openstreetmap.org/5/18/10.png failed with status 400: ., uri=https://tile.openstreetmap.org/5/18/10.png
ClientException: Request to https://tile.openstreetmap.org/5/15/9.png failed with status 400: ., uri=https://tile.openstreetmap.org/5/15/9.png
ClientException: Request to https://tile.openstreetmap.org/5/18/9.png failed with status 400: ., uri=https://tile.openstreetmap.org/5/18/9.png
ClientException: Request to https://tile.openstreetmap.org/5/15/11.png failed with status 400: ., uri=https://tile.openstreetmap.org/5/15/11.png
ClientException: Request to https://tile.openstreetmap.org/5/18/11.png failed with status 400: ., uri=https://tile.openstreetmap.org/5/18/11.png
ClientException: Request to https://tile.openstreetmap.org/5/16/8.png failed with status 400: ., uri=https://tile.openstreetmap.org/5/16/8.png
ClientException: Request to https://tile.openstreetmap.org/5/17/8.png failed with status 400: ., uri=https://tile.openstreetmap.org/5/17/8.png
ClientException: Request to https://tile.openstreetmap.org/5/16/12.png failed with status 400: ., uri=https://tile.openstreetmap.org/5/16/12.png
ClientException: Request to https://tile.openstreetmap.org/5/17/12.png failed with status 400: ., uri=https://tile.openstreetmap.org/5/17/12.png
ClientException: Request to https://tile.openstreetmap.org/5/15/8.png failed with status 400: ., uri=https://tile.openstreetmap.org/5/15/8.png
ClientException: Request to https://tile.openstreetmap.org/5/18/8.png failed with status 400: ., uri=https://tile.openstreetmap.org/5/18/8.png
ClientException: Request to https://tile.openstreetmap.org/5/14/10.png failed with status 400: ., uri=https://tile.openstreetmap.org/5/14/10.png
ClientException: Request to https://tile.openstreetmap.org/5/19/10.png failed with status 400: ., uri=https://tile.openstreetmap.org/5/19/10.png
ClientException: Request to https://tile.openstreetmap.org/5/15/12.png failed with status 400: ., uri=https://tile.openstreetmap.org/5/15/12.png
ClientException: Request to https://tile.openstreetmap.org/5/18/12.png failed with status 400: ., uri=https://tile.openstreetmap.org/5/18/12.png
ClientException: Request to https://tile.openstreetmap.org/5/14/9.png failed with status 400: ., uri=https://tile.openstreetmap.org/5/14/9.png
ClientException: Request to https://tile.openstreetmap.org/5/19/9.png failed with status 400: ., uri=https://tile.openstreetmap.org/5/19/9.png
ClientException: Request to https://tile.openstreetmap.org/5/14/11.png failed with status 400: ., uri=https://tile.openstreetmap.org/5/14/11.png
ClientException: Request to https://tile.openstreetmap.org/5/19/11.png failed with status 400: ., uri=https://tile.openstreetmap.org/5/19/11.png
ClientException: Request to https://tile.openstreetmap.org/5/14/8.png failed with status 400: ., uri=https://tile.openstreetmap.org/5/14/8.png
ClientException: Request to https://tile.openstreetmap.org/5/19/8.png failed with status 400: ., uri=https://tile.openstreetmap.org/5/19/8.png
ClientException: Request to https://tile.openstreetmap.org/5/14/12.png failed with status 400: ., uri=https://tile.openstreetmap.org/5/14/12.png
ClientException: Request to https://tile.openstreetmap.org/5/19/12.png failed with status 400: ., uri=https://tile.openstreetmap.org/5/19/12.png
00:37 +685: /Users/alexandermessinger/dev/claudvibes/reflexjourney/test/features/trainer/trainer_discovery_screen_test.dart: Umkreis-Tap zeigt CTA-Karte — noch immer kein Auto-Abruf                  00:37 +685: /Users/alexandermessinger/dev/claudvibes/reflexjourney/test/features/trainer/trainer_discovery_screen_test.dart: „Standort verwenden“ mit Freigabe → Radius-Slider + Umkreissuche          00:37 +685: /Users/alexandermessinger/dev/claudvibes/reflexjourney/test/features/trainer/trainer_discovery_screen_test.dart: „Standort verwenden“ mit Freigabe → Radius-Slider + Umkreissuche          
ClientException: Request to https://tile.openstreetmap.org/5/16/10.png failed with status 400: ., uri=https://tile.openstreetmap.org/5/16/10.png
ClientException: Request to https://tile.openstreetmap.org/5/17/10.png failed with status 400: ., uri=https://tile.openstreetmap.org/5/17/10.png
ClientException: Request to https://tile.openstreetmap.org/5/16/9.png failed with status 400: ., uri=https://tile.openstreetmap.org/5/16/9.png
ClientException: Request to https://tile.openstreetmap.org/5/17/9.png failed with status 400: ., uri=https://tile.openstreetmap.org/5/17/9.png
ClientException: Request to https://tile.openstreetmap.org/5/16/11.png failed with status 400: ., uri=https://tile.openstreetmap.org/5/16/11.png
ClientException: Request to https://tile.openstreetmap.org/5/17/11.png failed with status 400: ., uri=https://tile.openstreetmap.org/5/17/11.png
ClientException: Request to https://tile.openstreetmap.org/5/15/10.png failed with status 400: ., uri=https://tile.openstreetmap.org/5/15/10.png
00:37 +686: /Users/alexandermessinger/dev/claudvibes/reflexjourney/test/features/trainer/trainer_discovery_screen_test.dart: „Standort verwenden“ mit Freigabe → Radius-Slider + Umkreissuche          00:37 +686: /Users/alexandermessinger/dev/claudvibes/reflexjourney/test/features/trainer/trainer_discovery_screen_test.dart: „Standort verwenden“ mit Freigabe → Radius-Slider + Umkreissuche          
ClientException: Request to https://tile.openstreetmap.org/5/18/10.png failed with status 400: ., uri=https://tile.openstreetmap.org/5/18/10.png
ClientException: Request to https://tile.openstreetmap.org/5/15/9.png failed with status 400: ., uri=https://tile.openstreetmap.org/5/15/9.png
ClientException: Request to https://tile.openstreetmap.org/5/18/9.png failed with status 400: ., uri=https://tile.openstreetmap.org/5/18/9.png
ClientException: Request to https://tile.openstreetmap.org/5/15/11.png failed with status 400: ., uri=https://tile.openstreetmap.org/5/15/11.png
ClientException: Request to https://tile.openstreetmap.org/5/18/11.png failed with status 400: ., uri=https://tile.openstreetmap.org/5/18/11.png
ClientException: Request to https://tile.openstreetmap.org/5/16/8.png failed with status 400: ., uri=https://tile.openstreetmap.org/5/16/8.png
ClientException: Request to https://tile.openstreetmap.org/5/17/8.png failed with status 400: ., uri=https://tile.openstreetmap.org/5/17/8.png
ClientException: Request to https://tile.openstreetmap.org/5/16/12.png failed with status 400: ., uri=https://tile.openstreetmap.org/5/16/12.png
ClientException: Request to https://tile.openstreetmap.org/5/17/12.png failed with status 400: ., uri=https://tile.openstreetmap.org/5/17/12.png
ClientException: Request to https://tile.openstreetmap.org/5/15/8.png failed with status 400: ., uri=https://tile.openstreetmap.org/5/15/8.png
ClientException: Request to https://tile.openstreetmap.org/5/18/8.png failed with status 400: ., uri=https://tile.openstreetmap.org/5/18/8.png
ClientException: Request to https://tile.openstreetmap.org/5/14/10.png failed with status 400: ., uri=https://tile.openstreetmap.org/5/14/10.png
ClientException: Request to https://tile.openstreetmap.org/5/19/10.png failed with status 400: ., uri=https://tile.openstreetmap.org/5/19/10.png
ClientException: Request to https://tile.openstreetmap.org/5/15/12.png failed with status 400: ., uri=https://tile.openstreetmap.org/5/15/12.png
ClientException: Request to https://tile.openstreetmap.org/5/18/12.png failed with status 400: ., uri=https://tile.openstreetmap.org/5/18/12.png
ClientException: Request to https://tile.openstreetmap.org/5/14/9.png failed with status 400: ., uri=https://tile.openstreetmap.org/5/14/9.png
ClientException: Request to https://tile.openstreetmap.org/5/19/9.png failed with status 400: ., uri=https://tile.openstreetmap.org/5/19/9.png
ClientException: Request to https://tile.openstreetmap.org/5/14/11.png failed with status 400: ., uri=https://tile.openstreetmap.org/5/14/11.png
ClientException: Request to https://tile.openstreetmap.org/5/19/11.png failed with status 400: ., uri=https://tile.openstreetmap.org/5/19/11.png
ClientException: Request to https://tile.openstreetmap.org/5/14/8.png failed with status 400: ., uri=https://tile.openstreetmap.org/5/14/8.png
ClientException: Request to https://tile.openstreetmap.org/5/19/8.png failed with status 400: ., uri=https://tile.openstreetmap.org/5/19/8.png
ClientException: Request to https://tile.openstreetmap.org/5/14/12.png failed with status 400: ., uri=https://tile.openstreetmap.org/5/14/12.png
ClientException: Request to https://tile.openstreetmap.org/5/19/12.png failed with status 400: ., uri=https://tile.openstreetmap.org/5/19/12.png
00:37 +687: /Users/alexandermessinger/dev/claudvibes/reflexjourney/test/features/trainer/trainer_discovery_screen_test.dart: „Standort verwenden“ mit Freigabe → Radius-Slider + Umkreissuche          00:37 +688: /Users/alexandermessinger/dev/claudvibes/reflexjourney/test/features/trainer/trainer_discovery_screen_test.dart: „Standort verwenden“ mit Freigabe → Radius-Slider + Umkreissuche          00:37 +688: /Users/alexandermessinger/dev/claudvibes/reflexjourney/test/features/trainer/trainer_discovery_screen_test.dart: „Standort verwenden“ mit Freigabe → Radius-Slider + Umkreissuche          
ClientException: Request to https://tile.openstreetmap.org/10/544/355.png failed with status 400: ., uri=https://tile.openstreetmap.org/10/544/355.png
ClientException: Request to https://tile.openstreetmap.org/10/545/355.png failed with status 400: ., uri=https://tile.openstreetmap.org/10/545/355.png
ClientException: Request to https://tile.openstreetmap.org/10/544/354.png failed with status 400: ., uri=https://tile.openstreetmap.org/10/544/354.png
ClientException: Request to https://tile.openstreetmap.org/10/545/354.png failed with status 400: ., uri=https://tile.openstreetmap.org/10/545/354.png
ClientException: Request to https://tile.openstreetmap.org/10/544/356.png failed with status 400: ., uri=https://tile.openstreetmap.org/10/544/356.png
ClientException: Request to https://tile.openstreetmap.org/10/545/356.png failed with status 400: ., uri=https://tile.openstreetmap.org/10/545/356.png
ClientException: Request to https://tile.openstreetmap.org/10/543/355.png failed with status 400: ., uri=https://tile.openstreetmap.org/10/543/355.png
ClientException: Request to https://tile.openstreetmap.org/10/546/355.png failed with status 400: ., uri=https://tile.openstreetmap.org/10/546/355.png
ClientException: Request to https://tile.openstreetmap.org/10/543/354.png failed with status 400: ., uri=https://tile.openstreetmap.org/10/543/354.png
ClientException: Request to https://tile.openstreetmap.org/10/546/354.png failed with status 400: ., uri=https://tile.openstreetmap.org/10/546/354.png
ClientException: Request to https://tile.openstreetmap.org/10/543/356.png failed with status 400: ., uri=https://tile.openstreetmap.org/10/543/356.png
ClientException: Request to https://tile.openstreetmap.org/10/546/356.png failed with status 400: ., uri=https://tile.openstreetmap.org/10/546/356.png
ClientException: Request to https://tile.openstreetmap.org/10/544/353.png failed with status 400: ., uri=https://tile.openstreetmap.org/10/544/353.png
ClientException: Request to https://tile.openstreetmap.org/10/545/353.png failed with status 400: ., uri=https://tile.openstreetmap.org/10/545/353.png
ClientException: Request to https://tile.openstreetmap.org/10/544/357.png failed with status 400: ., uri=https://tile.openstreetmap.org/10/544/357.png
ClientException: Request to https://tile.openstreetmap.org/10/545/357.png failed with status 400: ., uri=https://tile.openstreetmap.org/10/545/357.png
ClientException: Request to https://tile.openstreetmap.org/10/543/353.png failed with status 400: ., uri=https://tile.openstreetmap.org/10/543/353.png
ClientException: Request to https://tile.openstreetmap.org/10/546/353.png failed with status 400: ., uri=https://tile.openstreetmap.org/10/546/353.png
ClientException: Request to https://tile.openstreetmap.org/10/542/355.png failed with status 400: ., uri=https://tile.openstreetmap.org/10/542/355.png
ClientException: Request to https://tile.openstreetmap.org/10/547/355.png failed with status 400: ., uri=https://tile.openstreetmap.org/10/547/355.png
ClientException: Request to https://tile.openstreetmap.org/10/543/357.png failed with status 400: ., uri=https://tile.openstreetmap.org/10/543/357.png
ClientException: Request to https://tile.openstreetmap.org/10/546/357.png failed with status 400: ., uri=https://tile.openstreetmap.org/10/546/357.png
ClientException: Request to https://tile.openstreetmap.org/10/542/354.png failed with status 400: ., uri=https://tile.openstreetmap.org/10/542/354.png
ClientException: Request to https://tile.openstreetmap.org/10/547/354.png failed with status 400: ., uri=https://tile.openstreetmap.org/10/547/354.png
ClientException: Request to https://tile.openstreetmap.org/10/542/356.png failed with status 400: ., uri=https://tile.openstreetmap.org/10/542/356.png
ClientException: Request to https://tile.openstreetmap.org/10/547/356.png failed with status 400: ., uri=https://tile.openstreetmap.org/10/547/356.png
ClientException: Request to https://tile.openstreetmap.org/10/542/353.png failed with status 400: ., uri=https://tile.openstreetmap.org/10/542/353.png
ClientException: Request to https://tile.openstreetmap.org/10/547/353.png failed with status 400: ., uri=https://tile.openstreetmap.org/10/547/353.png
ClientException: Request to https://tile.openstreetmap.org/10/542/357.png failed with status 400: ., uri=https://tile.openstreetmap.org/10/542/357.png
ClientException: Request to https://tile.openstreetmap.org/10/547/357.png failed with status 400: ., uri=https://tile.openstreetmap.org/10/547/357.png
00:37 +689: /Users/alexandermessinger/dev/claudvibes/reflexjourney/test/features/onboarding/pre_payoff_step_dots_test.dart: fills dots up to the 1-based currentStep                                   00:37 +690: /Users/alexandermessinger/dev/claudvibes/reflexjourney/test/features/onboarding/pre_payoff_step_dots_test.dart: fills dots up to the 1-based currentStep                                   00:37 +690: /Users/alexandermessinger/dev/claudvibes/reflexjourney/test/features/trainer/trainer_discovery_screen_test.dart: Abgelehnt → Hinweis, Fallback-Liste bleibt nutzbar                        
ClientException: Request to https://tile.openstreetmap.org/5/16/10.png failed with status 400: ., uri=https://tile.openstreetmap.org/5/16/10.png
ClientException: Request to https://tile.openstreetmap.org/5/17/10.png failed with status 400: ., uri=https://tile.openstreetmap.org/5/17/10.png
ClientException: Request to https://tile.openstreetmap.org/5/16/9.png failed with status 400: ., uri=https://tile.openstreetmap.org/5/16/9.png
ClientException: Request to https://tile.openstreetmap.org/5/17/9.png failed with status 400: ., uri=https://tile.openstreetmap.org/5/17/9.png
ClientException: Request to https://tile.openstreetmap.org/5/16/11.png failed with status 400: ., uri=https://tile.openstreetmap.org/5/16/11.png
ClientException: Request to https://tile.openstreetmap.org/5/17/11.png failed with status 400: ., uri=https://tile.openstreetmap.org/5/17/11.png
ClientException: Request to https://tile.openstreetmap.org/5/15/10.png failed with status 400: ., uri=https://tile.openstreetmap.org/5/15/10.png
ClientException: Request to https://tile.openstreetmap.org/5/18/10.png failed with status 400: ., uri=https://tile.openstreetmap.org/5/18/10.png
ClientException: Request to https://tile.openstreetmap.org/5/15/9.png failed with status 400: ., uri=https://tile.openstreetmap.org/5/15/9.png
ClientException: Request to https://tile.openstreetmap.org/5/18/9.png failed with status 400: ., uri=https://tile.openstreetmap.org/5/18/9.png
ClientException: Request to https://tile.openstreetmap.org/5/15/11.png failed with status 400: ., uri=https://tile.openstreetmap.org/5/15/11.png
ClientException: Request to https://tile.openstreetmap.org/5/18/11.png failed with status 400: ., uri=https://tile.openstreetmap.org/5/18/11.png
ClientException: Request to https://tile.openstreetmap.org/5/16/8.png failed with status 400: ., uri=https://tile.openstreetmap.org/5/16/8.png
ClientException: Request to https://tile.openstreetmap.org/5/17/8.png failed with status 400: ., uri=https://tile.openstreetmap.org/5/17/8.png
ClientException: Request to https://tile.openstreetmap.org/5/16/12.png failed with status 400: ., uri=https://tile.openstreetmap.org/5/16/12.png
ClientException: Request to https://tile.openstreetmap.org/5/17/12.png failed with status 400: ., uri=https://tile.openstreetmap.org/5/17/12.png
ClientException: Request to https://tile.openstreetmap.org/5/15/8.png failed with status 400: ., uri=https://tile.openstreetmap.org/5/15/8.png
ClientException: Request to https://tile.openstreetmap.org/5/18/8.png failed with status 400: ., uri=https://tile.openstreetmap.org/5/18/8.png
ClientException: Request to https://tile.openstreetmap.org/5/14/10.png failed with status 400: ., uri=https://tile.openstreetmap.org/5/14/10.png
ClientException: Request to https://tile.openstreetmap.org/5/19/10.png failed with status 400: ., uri=https://tile.openstreetmap.org/5/19/10.png
ClientException: Request to https://tile.openstreetmap.org/5/15/12.png failed with status 400: ., uri=https://tile.openstreetmap.org/5/15/12.png
ClientException: Request to https://tile.openstreetmap.org/5/18/12.png failed with status 400: ., uri=https://tile.openstreetmap.org/5/18/12.png
ClientException: Request to https://tile.openstreetmap.org/5/14/9.png failed with status 400: ., uri=https://tile.openstreetmap.org/5/14/9.png
ClientException: Request to https://tile.openstreetmap.org/5/19/9.png failed with status 400: ., uri=https://tile.openstreetmap.org/5/19/9.png
ClientException: Request to https://tile.openstreetmap.org/5/14/11.png failed with status 400: ., uri=https://tile.openstreetmap.org/5/14/11.png
ClientException: Request to https://tile.openstreetmap.org/5/19/11.png failed with status 400: ., uri=https://tile.openstreetmap.org/5/19/11.png
ClientException: Request to https://tile.openstreetmap.org/5/14/8.png failed with status 400: ., uri=https://tile.openstreetmap.org/5/14/8.png
ClientException: Request to https://tile.openstreetmap.org/5/19/8.png failed with status 400: ., uri=https://tile.openstreetmap.org/5/19/8.png
ClientException: Request to https://tile.openstreetmap.org/5/14/12.png failed with status 400: ., uri=https://tile.openstreetmap.org/5/14/12.png
ClientException: Request to https://tile.openstreetmap.org/5/19/12.png failed with status 400: ., uri=https://tile.openstreetmap.org/5/19/12.png
00:37 +691: /Users/alexandermessinger/dev/claudvibes/reflexjourney/test/features/onboarding/pre_payoff_step_dots_test.dart: fills dots up to the 1-based currentStep                                   00:37 +692: /Users/alexandermessinger/dev/claudvibes/reflexjourney/test/features/onboarding/pre_payoff_step_dots_test.dart: fills dots up to the 1-based currentStep                                   00:37 +693: /Users/alexandermessinger/dev/claudvibes/reflexjourney/test/features/onboarding/pre_payoff_step_dots_test.dart: fills dots up to the 1-based currentStep                                   00:37 +694: /Users/alexandermessinger/dev/claudvibes/reflexjourney/test/features/onboarding/pre_payoff_step_dots_test.dart: fills dots up to the 1-based currentStep                                   00:37 +695: /Users/alexandermessinger/dev/claudvibes/reflexjourney/test/features/onboarding/pre_payoff_step_dots_test.dart: fills dots up to the 1-based currentStep                                   00:37 +695: /Users/alexandermessinger/dev/claudvibes/reflexjourney/test/features/trainer/trainer_discovery_screen_test.dart: Dauerhaft abgelehnt → „Einstellungen öffnen“ öffnet App-Settings          
ClientException: Request to https://tile.openstreetmap.org/5/16/10.png failed with status 400: ., uri=https://tile.openstreetmap.org/5/16/10.png
ClientException: Request to https://tile.openstreetmap.org/5/17/10.png failed with status 400: ., uri=https://tile.openstreetmap.org/5/17/10.png
ClientException: Request to https://tile.openstreetmap.org/5/16/9.png failed with status 400: ., uri=https://tile.openstreetmap.org/5/16/9.png
ClientException: Request to https://tile.openstreetmap.org/5/17/9.png failed with status 400: ., uri=https://tile.openstreetmap.org/5/17/9.png
ClientException: Request to https://tile.openstreetmap.org/5/16/11.png failed with status 400: ., uri=https://tile.openstreetmap.org/5/16/11.png
ClientException: Request to https://tile.openstreetmap.org/5/17/11.png failed with status 400: ., uri=https://tile.openstreetmap.org/5/17/11.png
ClientException: Request to https://tile.openstreetmap.org/5/15/10.png failed with status 400: ., uri=https://tile.openstreetmap.org/5/15/10.png
ClientException: Request to https://tile.openstreetmap.org/5/18/10.png failed with status 400: ., uri=https://tile.openstreetmap.org/5/18/10.png
ClientException: Request to https://tile.openstreetmap.org/5/15/9.png failed with status 400: ., uri=https://tile.openstreetmap.org/5/15/9.png
ClientException: Request to https://tile.openstreetmap.org/5/18/9.png failed with status 400: ., uri=https://tile.openstreetmap.org/5/18/9.png
ClientException: Request to https://tile.openstreetmap.org/5/15/11.png failed with status 400: ., uri=https://tile.openstreetmap.org/5/15/11.png
ClientException: Request to https://tile.openstreetmap.org/5/18/11.png failed with status 400: ., uri=https://tile.openstreetmap.org/5/18/11.png
ClientException: Request to https://tile.openstreetmap.org/5/16/8.png failed with status 400: ., uri=https://tile.openstreetmap.org/5/16/8.png
ClientException: Request to https://tile.openstreetmap.org/5/17/8.png failed with status 400: ., uri=https://tile.openstreetmap.org/5/17/8.png
ClientException: Request to https://tile.openstreetmap.org/5/16/12.png failed with status 400: ., uri=https://tile.openstreetmap.org/5/16/12.png
ClientException: Request to https://tile.openstreetmap.org/5/17/12.png failed with status 400: ., uri=https://tile.openstreetmap.org/5/17/12.png
ClientException: Request to https://tile.openstreetmap.org/5/15/8.png failed with status 400: ., uri=https://tile.openstreetmap.org/5/15/8.png
ClientException: Request to https://tile.openstreetmap.org/5/18/8.png failed with status 400: ., uri=https://tile.openstreetmap.org/5/18/8.png
ClientException: Request to https://tile.openstreetmap.org/5/14/10.png failed with status 400: ., uri=https://tile.openstreetmap.org/5/14/10.png
ClientException: Request to https://tile.openstreetmap.org/5/19/10.png failed with status 400: ., uri=https://tile.openstreetmap.org/5/19/10.png
ClientException: Request to https://tile.openstreetmap.org/5/15/12.png failed with status 400: ., uri=https://tile.openstreetmap.org/5/15/12.png
ClientException: Request to https://tile.openstreetmap.org/5/18/12.png failed with status 400: ., uri=https://tile.openstreetmap.org/5/18/12.png
ClientException: Request to https://tile.openstreetmap.org/5/14/9.png failed with status 400: ., uri=https://tile.openstreetmap.org/5/14/9.png
ClientException: Request to https://tile.openstreetmap.org/5/19/9.png failed with status 400: ., uri=https://tile.openstreetmap.org/5/19/9.png
ClientException: Request to https://tile.openstreetmap.org/5/14/11.png failed with status 400: ., uri=https://tile.openstreetmap.org/5/14/11.png
ClientException: Request to https://tile.openstreetmap.org/5/19/11.png failed with status 400: ., uri=https://tile.openstreetmap.org/5/19/11.png
ClientException: Request to https://tile.openstreetmap.org/5/14/8.png failed with status 400: ., uri=https://tile.openstreetmap.org/5/14/8.png
ClientException: Request to https://tile.openstreetmap.org/5/19/8.png failed with status 400: ., uri=https://tile.openstreetmap.org/5/19/8.png
ClientException: Request to https://tile.openstreetmap.org/5/14/12.png failed with status 400: ., uri=https://tile.openstreetmap.org/5/14/12.png
ClientException: Request to https://tile.openstreetmap.org/5/19/12.png failed with status 400: ., uri=https://tile.openstreetmap.org/5/19/12.png
00:38 +696: /Users/alexandermessinger/dev/claudvibes/reflexjourney/test/features/onboarding/pre_payoff_step_dots_test.dart: fills dots up to the 1-based currentStep                                   00:38 +696: /Users/alexandermessinger/dev/claudvibes/reflexjourney/test/features/trainer/trainer_discovery_screen_test.dart: Ortungsdienste aus → Hinweis mit Ortungs-Einstellungen                    
ClientException: Request to https://tile.openstreetmap.org/5/16/10.png failed with status 400: ., uri=https://tile.openstreetmap.org/5/16/10.png
ClientException: Request to https://tile.openstreetmap.org/5/17/10.png failed with status 400: ., uri=https://tile.openstreetmap.org/5/17/10.png
ClientException: Request to https://tile.openstreetmap.org/5/16/9.png failed with status 400: ., uri=https://tile.openstreetmap.org/5/16/9.png
ClientException: Request to https://tile.openstreetmap.org/5/17/9.png failed with status 400: ., uri=https://tile.openstreetmap.org/5/17/9.png
ClientException: Request to https://tile.openstreetmap.org/5/16/11.png failed with status 400: ., uri=https://tile.openstreetmap.org/5/16/11.png
ClientException: Request to https://tile.openstreetmap.org/5/17/11.png failed with status 400: ., uri=https://tile.openstreetmap.org/5/17/11.png
ClientException: Request to https://tile.openstreetmap.org/5/15/10.png failed with status 400: ., uri=https://tile.openstreetmap.org/5/15/10.png
ClientException: Request to https://tile.openstreetmap.org/5/18/10.png failed with status 400: ., uri=https://tile.openstreetmap.org/5/18/10.png
ClientException: Request to https://tile.openstreetmap.org/5/15/9.png failed with status 400: ., uri=https://tile.openstreetmap.org/5/15/9.png
ClientException: Request to https://tile.openstreetmap.org/5/18/9.png failed with status 400: ., uri=https://tile.openstreetmap.org/5/18/9.png
ClientException: Request to https://tile.openstreetmap.org/5/15/11.png failed with status 400: ., uri=https://tile.openstreetmap.org/5/15/11.png
ClientException: Request to https://tile.openstreetmap.org/5/18/11.png failed with status 400: ., uri=https://tile.openstreetmap.org/5/18/11.png
ClientException: Request to https://tile.openstreetmap.org/5/16/8.png failed with status 400: ., uri=https://tile.openstreetmap.org/5/16/8.png
ClientException: Request to https://tile.openstreetmap.org/5/17/8.png failed with status 400: ., uri=https://tile.openstreetmap.org/5/17/8.png
ClientException: Request to https://tile.openstreetmap.org/5/16/12.png failed with status 400: ., uri=https://tile.openstreetmap.org/5/16/12.png
ClientException: Request to https://tile.openstreetmap.org/5/17/12.png failed with status 400: ., uri=https://tile.openstreetmap.org/5/17/12.png
ClientException: Request to https://tile.openstreetmap.org/5/15/8.png failed with status 400: ., uri=https://tile.openstreetmap.org/5/15/8.png
ClientException: Request to https://tile.openstreetmap.org/5/18/8.png failed with status 400: ., uri=https://tile.openstreetmap.org/5/18/8.png
ClientException: Request to https://tile.openstreetmap.org/5/14/10.png failed with status 400: ., uri=https://tile.openstreetmap.org/5/14/10.png
ClientException: Request to https://tile.openstreetmap.org/5/19/10.png failed with status 400: ., uri=https://tile.openstreetmap.org/5/19/10.png
ClientException: Request to https://tile.openstreetmap.org/5/15/12.png failed with status 400: ., uri=https://tile.openstreetmap.org/5/15/12.png
ClientException: Request to https://tile.openstreetmap.org/5/18/12.png failed with status 400: ., uri=https://tile.openstreetmap.org/5/18/12.png
ClientException: Request to https://tile.openstreetmap.org/5/14/9.png failed with status 400: ., uri=https://tile.openstreetmap.org/5/14/9.png
ClientException: Request to https://tile.openstreetmap.org/5/19/9.png failed with status 400: ., uri=https://tile.openstreetmap.org/5/19/9.png
ClientException: Request to https://tile.openstreetmap.org/5/14/11.png failed with status 400: ., uri=https://tile.openstreetmap.org/5/14/11.png
ClientException: Request to https://tile.openstreetmap.org/5/19/11.png failed with status 400: ., uri=https://tile.openstreetmap.org/5/19/11.png
ClientException: Request to https://tile.openstreetmap.org/5/14/8.png failed with status 400: ., uri=https://tile.openstreetmap.org/5/14/8.png
ClientException: Request to https://tile.openstreetmap.org/5/19/8.png failed with status 400: ., uri=https://tile.openstreetmap.org/5/19/8.png
ClientException: Request to https://tile.openstreetmap.org/5/14/12.png failed with status 400: ., uri=https://tile.openstreetmap.org/5/14/12.png
ClientException: Request to https://tile.openstreetmap.org/5/19/12.png failed with status 400: ., uri=https://tile.openstreetmap.org/5/19/12.png
00:38 +697: /Users/alexandermessinger/dev/claudvibes/reflexjourney/test/features/onboarding/pre_payoff_step_dots_test.dart: fills dots up to the 1-based currentStep                                   00:38 +698: /Users/alexandermessinger/dev/claudvibes/reflexjourney/test/features/trainer/trainer_discovery_screen_test.dart: Umkreis leer → eigener Empty-State, CTA wechselt zu „Alle“                00:38 +698: /Users/alexandermessinger/dev/claudvibes/reflexjourney/test/features/trainer/trainer_discovery_screen_test.dart: Umkreis leer → eigener Empty-State, CTA wechselt zu „Alle“                
ClientException: Request to https://tile.openstreetmap.org/5/16/10.png failed with status 400: ., uri=https://tile.openstreetmap.org/5/16/10.png
ClientException: Request to https://tile.openstreetmap.org/5/17/10.png failed with status 400: ., uri=https://tile.openstreetmap.org/5/17/10.png
ClientException: Request to https://tile.openstreetmap.org/5/16/9.png failed with status 400: ., uri=https://tile.openstreetmap.org/5/16/9.png
ClientException: Request to https://tile.openstreetmap.org/5/17/9.png failed with status 400: ., uri=https://tile.openstreetmap.org/5/17/9.png
ClientException: Request to https://tile.openstreetmap.org/5/16/11.png failed with status 400: ., uri=https://tile.openstreetmap.org/5/16/11.png
ClientException: Request to https://tile.openstreetmap.org/5/17/11.png failed with status 400: ., uri=https://tile.openstreetmap.org/5/17/11.png
ClientException: Request to https://tile.openstreetmap.org/5/15/10.png failed with status 400: ., uri=https://tile.openstreetmap.org/5/15/10.png
ClientException: Request to https://tile.openstreetmap.org/5/18/10.png failed with status 400: ., uri=https://tile.openstreetmap.org/5/18/10.png
ClientException: Request to https://tile.openstreetmap.org/5/15/9.png failed with status 400: ., uri=https://tile.openstreetmap.org/5/15/9.png
ClientException: Request to https://tile.openstreetmap.org/5/18/9.png failed with status 400: ., uri=https://tile.openstreetmap.org/5/18/9.png
ClientException: Request to https://tile.openstreetmap.org/5/15/11.png failed with status 400: ., uri=https://tile.openstreetmap.org/5/15/11.png
ClientException: Request to https://tile.openstreetmap.org/5/18/11.png failed with status 400: ., uri=https://tile.openstreetmap.org/5/18/11.png
ClientException: Request to https://tile.openstreetmap.org/5/16/8.png failed with status 400: ., uri=https://tile.openstreetmap.org/5/16/8.png
ClientException: Request to https://tile.openstreetmap.org/5/17/8.png failed with status 400: ., uri=https://tile.openstreetmap.org/5/17/8.png
ClientException: Request to https://tile.openstreetmap.org/5/16/12.png failed with status 400: ., uri=https://tile.openstreetmap.org/5/16/12.png
ClientException: Request to https://tile.openstreetmap.org/5/17/12.png failed with status 400: ., uri=https://tile.openstreetmap.org/5/17/12.png
ClientException: Request to https://tile.openstreetmap.org/5/15/8.png failed with status 400: ., uri=https://tile.openstreetmap.org/5/15/8.png
ClientException: Request to https://tile.openstreetmap.org/5/18/8.png failed with status 400: ., uri=https://tile.openstreetmap.org/5/18/8.png
ClientException: Request to https://tile.openstreetmap.org/5/14/10.png failed with status 400: ., uri=https://tile.openstreetmap.org/5/14/10.png
ClientException: Request to https://tile.openstreetmap.org/5/19/10.png failed with status 400: ., uri=https://tile.openstreetmap.org/5/19/10.png
ClientException: Request to https://tile.openstreetmap.org/5/15/12.png failed with status 400: ., uri=https://tile.openstreetmap.org/5/15/12.png
ClientException: Request to https://tile.openstreetmap.org/5/18/12.png failed with status 400: ., uri=https://tile.openstreetmap.org/5/18/12.png
ClientException: Request to https://tile.openstreetmap.org/5/14/9.png failed with status 400: ., uri=https://tile.openstreetmap.org/5/14/9.png
ClientException: Request to https://tile.openstreetmap.org/5/19/9.png failed with status 400: ., uri=https://tile.openstreetmap.org/5/19/9.png
ClientException: Request to https://tile.openstreetmap.org/5/14/11.png failed with status 400: ., uri=https://tile.openstreetmap.org/5/14/11.png
ClientException: Request to https://tile.openstreetmap.org/5/19/11.png failed with status 400: ., uri=https://tile.openstreetmap.org/5/19/11.png
ClientException: Request to https://tile.openstreetmap.org/5/14/8.png failed with status 400: ., uri=https://tile.openstreetmap.org/5/14/8.png
ClientException: Request to https://tile.openstreetmap.org/5/19/8.png failed with status 400: ., uri=https://tile.openstreetmap.org/5/19/8.png
ClientException: Request to https://tile.openstreetmap.org/5/14/12.png failed with status 400: ., uri=https://tile.openstreetmap.org/5/14/12.png
ClientException: Request to https://tile.openstreetmap.org/5/19/12.png failed with status 400: ., uri=https://tile.openstreetmap.org/5/19/12.png
ClientException: Request to https://tile.openstreetmap.org/5/16/10.png failed with status 400: ., uri=https://tile.openstreetmap.org/5/16/10.png
ClientException: Request to https://tile.openstreetmap.org/5/17/10.png failed with status 400: ., uri=https://tile.openstreetmap.org/5/17/10.png
ClientException: Request to https://tile.openstreetmap.org/5/16/11.png failed with status 400: ., uri=https://tile.openstreetmap.org/5/16/11.png
ClientException: Request to https://tile.openstreetmap.org/5/17/11.png failed with status 400: ., uri=https://tile.openstreetmap.org/5/17/11.png
ClientException: Request to https://tile.openstreetmap.org/5/16/9.png failed with status 400: ., uri=https://tile.openstreetmap.org/5/16/9.png
ClientException: Request to https://tile.openstreetmap.org/5/17/9.png failed with status 400: ., uri=https://tile.openstreetmap.org/5/17/9.png
ClientException: Request to https://tile.openstreetmap.org/5/15/10.png failed with status 400: ., uri=https://tile.openstreetmap.org/5/15/10.png
ClientException: Request to https://tile.openstreetmap.org/5/18/10.png failed with status 400: ., uri=https://tile.openstreetmap.org/5/18/10.png
ClientException: Request to https://tile.openstreetmap.org/5/15/11.png failed with status 400: ., uri=https://tile.openstreetmap.org/5/15/11.png
ClientException: Request to https://tile.openstreetmap.org/5/18/11.png failed with status 400: ., uri=https://tile.openstreetmap.org/5/18/11.png
ClientException: Request to https://tile.openstreetmap.org/5/16/12.png failed with status 400: ., uri=https://tile.openstreetmap.org/5/16/12.png
ClientException: Request to https://tile.openstreetmap.org/5/17/12.png failed with status 400: ., uri=https://tile.openstreetmap.org/5/17/12.png
ClientException: Request to https://tile.openstreetmap.org/5/15/9.png failed with status 400: ., uri=https://tile.openstreetmap.org/5/15/9.png
ClientException: Request to https://tile.openstreetmap.org/5/18/9.png failed with status 400: ., uri=https://tile.openstreetmap.org/5/18/9.png
ClientException: Request to https://tile.openstreetmap.org/5/15/12.png failed with status 400: ., uri=https://tile.openstreetmap.org/5/15/12.png
ClientException: Request to https://tile.openstreetmap.org/5/18/12.png failed with status 400: ., uri=https://tile.openstreetmap.org/5/18/12.png
ClientException: Request to https://tile.openstreetmap.org/5/14/10.png failed with status 400: ., uri=https://tile.openstreetmap.org/5/14/10.png
ClientException: Request to https://tile.openstreetmap.org/5/19/10.png failed with status 400: ., uri=https://tile.openstreetmap.org/5/19/10.png
ClientException: Request to https://tile.openstreetmap.org/5/14/11.png failed with status 400: ., uri=https://tile.openstreetmap.org/5/14/11.png
ClientException: Request to https://tile.openstreetmap.org/5/19/11.png failed with status 400: ., uri=https://tile.openstreetmap.org/5/19/11.png
ClientException: Request to https://tile.openstreetmap.org/5/14/9.png failed with status 400: ., uri=https://tile.openstreetmap.org/5/14/9.png
ClientException: Request to https://tile.openstreetmap.org/5/19/9.png failed with status 400: ., uri=https://tile.openstreetmap.org/5/19/9.png
ClientException: Request to https://tile.openstreetmap.org/5/14/12.png failed with status 400: ., uri=https://tile.openstreetmap.org/5/14/12.png
ClientException: Request to https://tile.openstreetmap.org/5/19/12.png failed with status 400: ., uri=https://tile.openstreetmap.org/5/19/12.png
00:38 +699: /Users/alexandermessinger/dev/claudvibes/reflexjourney/test/features/trainer/trainer_discovery_screen_test.dart: Umkreis leer → eigener Empty-State, CTA wechselt zu „Alle“                00:38 +699: /Users/alexandermessinger/dev/claudvibes/reflexjourney/test/features/trainer/trainer_discovery_screen_test.dart: Ladefehler → gestalteter Error-State, Retry lädt neu                      00:38 +699: /Users/alexandermessinger/dev/claudvibes/reflexjourney/test/features/trainer/trainer_discovery_screen_test.dart: Ladefehler → gestalteter Error-State, Retry lädt neu                      
ClientException: Request to https://tile.openstreetmap.org/5/16/10.png failed with status 400: ., uri=https://tile.openstreetmap.org/5/16/10.png
ClientException: Request to https://tile.openstreetmap.org/5/17/10.png failed with status 400: ., uri=https://tile.openstreetmap.org/5/17/10.png
ClientException: Request to https://tile.openstreetmap.org/5/16/9.png failed with status 400: ., uri=https://tile.openstreetmap.org/5/16/9.png
ClientException: Request to https://tile.openstreetmap.org/5/17/9.png failed with status 400: ., uri=https://tile.openstreetmap.org/5/17/9.png
ClientException: Request to https://tile.openstreetmap.org/5/16/11.png failed with status 400: ., uri=https://tile.openstreetmap.org/5/16/11.png
ClientException: Request to https://tile.openstreetmap.org/5/17/11.png failed with status 400: ., uri=https://tile.openstreetmap.org/5/17/11.png
ClientException: Request to https://tile.openstreetmap.org/5/15/10.png failed with status 400: ., uri=https://tile.openstreetmap.org/5/15/10.png
ClientException: Request to https://tile.openstreetmap.org/5/18/10.png failed with status 400: ., uri=https://tile.openstreetmap.org/5/18/10.png
ClientException: Request to https://tile.openstreetmap.org/5/15/9.png failed with status 400: ., uri=https://tile.openstreetmap.org/5/15/9.png
ClientException: Request to https://tile.openstreetmap.org/5/18/9.png failed with status 400: ., uri=https://tile.openstreetmap.org/5/18/9.png
ClientException: Request to https://tile.openstreetmap.org/5/15/11.png failed with status 400: ., uri=https://tile.openstreetmap.org/5/15/11.png
ClientException: Request to https://tile.openstreetmap.org/5/18/11.png failed with status 400: ., uri=https://tile.openstreetmap.org/5/18/11.png
ClientException: Request to https://tile.openstreetmap.org/5/16/8.png failed with status 400: ., uri=https://tile.openstreetmap.org/5/16/8.png
ClientException: Request to https://tile.openstreetmap.org/5/17/8.png failed with status 400: ., uri=https://tile.openstreetmap.org/5/17/8.png
ClientException: Request to https://tile.openstreetmap.org/5/16/12.png failed with status 400: ., uri=https://tile.openstreetmap.org/5/16/12.png
ClientException: Request to https://tile.openstreetmap.org/5/17/12.png failed with status 400: ., uri=https://tile.openstreetmap.org/5/17/12.png
ClientException: Request to https://tile.openstreetmap.org/5/15/8.png failed with status 400: ., uri=https://tile.openstreetmap.org/5/15/8.png
ClientException: Request to https://tile.openstreetmap.org/5/18/8.png failed with status 400: ., uri=https://tile.openstreetmap.org/5/18/8.png
ClientException: Request to https://tile.openstreetmap.org/5/14/10.png failed with status 400: ., uri=https://tile.openstreetmap.org/5/14/10.png
ClientException: Request to https://tile.openstreetmap.org/5/19/10.png failed with status 400: ., uri=https://tile.openstreetmap.org/5/19/10.png
ClientException: Request to https://tile.openstreetmap.org/5/15/12.png failed with status 400: ., uri=https://tile.openstreetmap.org/5/15/12.png
ClientException: Request to https://tile.openstreetmap.org/5/18/12.png failed with status 400: ., uri=https://tile.openstreetmap.org/5/18/12.png
ClientException: Request to https://tile.openstreetmap.org/5/14/9.png failed with status 400: ., uri=https://tile.openstreetmap.org/5/14/9.png
ClientException: Request to https://tile.openstreetmap.org/5/19/9.png failed with status 400: ., uri=https://tile.openstreetmap.org/5/19/9.png
ClientException: Request to https://tile.openstreetmap.org/5/14/11.png failed with status 400: ., uri=https://tile.openstreetmap.org/5/14/11.png
ClientException: Request to https://tile.openstreetmap.org/5/19/11.png failed with status 400: ., uri=https://tile.openstreetmap.org/5/19/11.png
ClientException: Request to https://tile.openstreetmap.org/5/14/8.png failed with status 400: ., uri=https://tile.openstreetmap.org/5/14/8.png
ClientException: Request to https://tile.openstreetmap.org/5/19/8.png failed with status 400: ., uri=https://tile.openstreetmap.org/5/19/8.png
ClientException: Request to https://tile.openstreetmap.org/5/14/12.png failed with status 400: ., uri=https://tile.openstreetmap.org/5/14/12.png
ClientException: Request to https://tile.openstreetmap.org/5/19/12.png failed with status 400: ., uri=https://tile.openstreetmap.org/5/19/12.png
00:38 +700: /Users/alexandermessinger/dev/claudvibes/reflexjourney/test/features/trainer/trainer_discovery_screen_test.dart: Ladefehler → gestalteter Error-State, Retry lädt neu                      00:38 +700: loading /Users/alexandermessinger/dev/claudvibes/reflexjourney/test/widget_test.dart                                                                                                       00:38 +700: loading /Users/alexandermessinger/dev/claudvibes/reflexjourney/test/features/onboarding/presentation/providers/entry_points_provider_test.dart                                             00:38 +700: /Users/alexandermessinger/dev/claudvibes/reflexjourney/test/features/onboarding/presentation/providers/entry_points_provider_test.dart: starts empty                                       00:38 +701: /Users/alexandermessinger/dev/claudvibes/reflexjourney/test/features/onboarding/presentation/providers/entry_points_provider_test.dart: starts empty                                       00:38 +701: /Users/alexandermessinger/dev/claudvibes/reflexjourney/test/features/onboarding/presentation/providers/entry_points_provider_test.dart: toggle adds key                                    00:38 +702: /Users/alexandermessinger/dev/claudvibes/reflexjourney/test/features/onboarding/presentation/providers/entry_points_provider_test.dart: toggle adds key                                    00:38 +702: /Users/alexandermessinger/dev/claudvibes/reflexjourney/test/features/onboarding/presentation/providers/entry_points_provider_test.dart: toggle removes already-selected key                00:38 +703: /Users/alexandermessinger/dev/claudvibes/reflexjourney/test/features/onboarding/presentation/providers/entry_points_provider_test.dart: toggle removes already-selected key                00:38 +703: /Users/alexandermessinger/dev/claudvibes/reflexjourney/test/features/onboarding/presentation/providers/entry_points_provider_test.dart: multiple keys selectable simultaneously            00:38 +704: /Users/alexandermessinger/dev/claudvibes/reflexjourney/test/features/onboarding/presentation/providers/entry_points_provider_test.dart: multiple keys selectable simultaneously            00:38 +704: loading /Users/alexandermessinger/dev/claudvibes/reflexjourney/test/features/onboarding/presentation/screens/entry_points_screen_test.dart                                                 00:38 +704: /Users/alexandermessinger/dev/claudvibes/reflexjourney/test/features/onboarding/presentation/screens/entry_points_screen_test.dart: renders all 5 area cards                               00:39 +704: /Users/alexandermessinger/dev/claudvibes/reflexjourney/test/features/onboarding/presentation/screens/entry_points_screen_test.dart: renders all 5 area cards                               00:39 +705: /Users/alexandermessinger/dev/claudvibes/reflexjourney/test/features/onboarding/presentation/screens/entry_points_screen_test.dart: renders all 5 area cards                               00:39 +705: /Users/alexandermessinger/dev/claudvibes/reflexjourney/test/features/onboarding/presentation/screens/entry_points_screen_test.dart: card detail hidden by default, shown after tap         00:39 +706: /Users/alexandermessinger/dev/claudvibes/reflexjourney/test/features/onboarding/presentation/screens/entry_points_screen_test.dart: card detail hidden by default, shown after tap         00:39 +706: /Users/alexandermessinger/dev/claudvibes/reflexjourney/test/features/onboarding/presentation/screens/entry_points_screen_test.dart: chip tap updates provider selection                    00:39 +707: /Users/alexandermessinger/dev/claudvibes/reflexjourney/test/features/onboarding/presentation/screens/entry_points_screen_test.dart: chip tap updates provider selection                    00:39 +707: /Users/alexandermessinger/dev/claudvibes/reflexjourney/test/features/onboarding/presentation/screens/entry_points_screen_test.dart: Weiter button is always active                         00:39 +708: /Users/alexandermessinger/dev/claudvibes/reflexjourney/test/features/onboarding/presentation/screens/entry_points_screen_test.dart: Weiter button is always active                         00:39 +708: /Users/alexandermessinger/dev/claudvibes/reflexjourney/test/features/onboarding/presentation/screens/entry_points_screen_test.dart: Weiter button navigates to dashboard                   00:39 +709: /Users/alexandermessinger/dev/claudvibes/reflexjourney/test/features/onboarding/presentation/screens/entry_points_screen_test.dart: Weiter button navigates to dashboard                   00:39 +709: All tests passed!                                                                                                                                                                          

✅ Automated release-readiness checks passed.
   Continue with the manual smoke section in docs/RELEASE_READINESS_CHECKLIST.md
