python3 scripts/i18n_check.py
i18n check passed: app_en.arb has 1296 message keys in parity with the DE template.
python3 scripts/i18n_quality_check.py
i18n quality check passed: 1296 English message keys checked.
flutter analyze --no-fatal-infos
Resolving dependencies...
Downloading packages...
  _fe_analyzer_shared 93.0.0 (107.0.0 available)
  _flutterfire_internals 1.3.59 (1.3.77 available)
  agora_rtc_engine 6.5.3 (6.6.4 available)
  analyzer 10.0.1 (14.3.0 available)
  app_links 7.0.0 (7.2.1 available)
  app_links_platform_interface 2.0.2 (2.0.4 available)
  archive 4.0.9 (4.2.0 available)
  async 2.13.0 (2.13.1 available)
  audioplayers 6.6.0 (6.8.1 available)
  audioplayers_android 5.2.1 (5.3.0 available)
  audioplayers_darwin 6.4.0 (6.5.0 available)
  audioplayers_linux 4.2.1 (4.3.0 available)
  audioplayers_platform_interface 7.1.1 (7.2.0 available)
  audioplayers_web 5.2.0 (5.3.0 available)
  audioplayers_windows 4.3.0 (4.4.1 available)
  build 4.0.5 (4.0.11 available)
  build_config 1.3.0 (1.3.3 available)
  build_daemon 4.1.1 (4.1.6 available)
  build_runner 2.13.1 (2.16.1 available)
  built_value 8.12.4 (8.13.0 available)
  cached_network_image 3.4.1 (4.0.0 available)
  cached_network_image_platform_interface 4.1.1 (5.0.0 available)
  cached_network_image_web 1.3.1 (2.0.0 available)
  characters 1.4.0 (1.4.1 available)
  cli_util 0.4.2 (0.6.0 available)
  clock 1.1.2 (1.1.3 available)
  code_builder 4.11.1 (4.12.0 available)
  connectivity_plus 6.1.5 (7.3.1 available)
  connectivity_plus_platform_interface 2.0.1 (2.1.0 available)
  cross_file 0.3.5+2 (0.3.5+5 available)
  cupertino_icons 1.0.8 (1.0.9 available)
  dart_jsonwebtoken 3.3.2 (3.4.1 available)
  dart_style 3.1.7 (3.1.13 available)
  dbus 0.7.12 (0.7.15 available)
  drift 2.31.0 (2.34.4 available)
  drift_dev 2.31.0 (2.34.6 available)
  drift_flutter 0.2.8 (0.3.1 available)
  ed25519_edwards 0.3.1 (0.3.2 available)
  equatable 2.0.8 (2.1.0 available)
  firebase_core 3.15.2 (4.14.0 available)
  firebase_core_platform_interface 6.0.3 (8.1.1 available)
  firebase_core_web 2.24.1 (3.11.0 available)
  firebase_messaging 15.2.10 (16.6.0 available)
  firebase_messaging_platform_interface 4.6.10 (4.10.0 available)
  firebase_messaging_web 3.10.10 (4.2.5 available)
  fl_chart 0.69.2 (1.2.0 available)
  flutter_cache_manager 3.4.1 (3.4.2 available)
  flutter_dotenv 5.2.1 (6.0.1 available)
  flutter_lints 4.0.0 (6.0.0 available)
  flutter_local_notifications 19.5.0 (22.3.0 available)
  flutter_local_notifications_linux 6.0.0 (8.0.1 available)
  flutter_local_notifications_platform_interface 9.1.0 (12.2.0 available)
  flutter_local_notifications_windows 1.0.3 (3.1.1 available)
  flutter_map 7.0.2 (8.3.2 available)
  flutter_riverpod 2.6.1 (3.4.3 available)
  functions_client 2.5.0 (2.7.1 available)
  geolocator 13.0.4 (14.0.3 available)
  geolocator_android 4.6.2 (5.0.3 available)
  geolocator_apple 2.3.13 (2.3.14 available)
  geolocator_platform_interface 4.2.6 (4.3.0 available)
  geolocator_web 4.1.3 (4.1.4 available)
  glob 2.1.3 (2.2.0 available)
  go_router 14.8.1 (18.0.1 available)
  google_fonts 6.3.3 (8.2.1 available)
  google_sign_in_android 7.2.11 (7.2.17 available)
  google_sign_in_ios 6.3.0 (6.3.3 available)
  gotrue 2.20.0 (2.27.2 available)
  gtk 2.1.0 (2.2.0 available)
  html 0.15.6 (0.15.7 available)
  image 4.8.0 (4.9.2 available)
  intl 0.20.2 (0.20.3 available)
  io 1.0.5 (1.1.0 available)
  iris_method_channel 2.2.5 (2.2.7 available)
  json_annotation 4.11.0 (4.12.0 available)
  latlong2 0.9.1 (0.10.1 available)
  lints 4.0.0 (6.1.0 available)
  matcher 0.12.17 (0.12.20 available)
  material_color_utilities 0.11.1 (0.13.1 available)
  meta 1.17.0 (1.19.0 available)
  mgrs_dart 2.0.0 (3.0.0 available)
  mime 2.0.0 (2.1.0 available)
  mocktail 1.0.4 (1.0.5 available)
  package_config 2.2.0 (3.0.0 available)
  package_info_plus 8.3.1 (10.2.1 available)
  package_info_plus_platform_interface 3.2.1 (4.1.0 available)
  path_provider 2.1.5 (2.1.6 available)
  path_provider_android 2.2.22 (2.3.1 available)
  path_provider_foundation 2.5.1 (2.6.0 available)
  path_provider_linux 2.2.1 (2.2.2 available)
  path_provider_platform_interface 2.1.2 (2.1.3 available)
  pdf 3.12.0 (3.13.0 available)
  permission_handler 11.4.0 (13.0.2 available)
  permission_handler_android 12.1.0 (14.1.0 available)
  permission_handler_apple 9.4.7 (9.6.1 available)
  permission_handler_html 0.1.3+5 (0.1.4+1 available)
  permission_handler_platform_interface 4.3.0 (4.4.1 available)
  permission_handler_windows 0.2.1 (0.2.2 available)
  pool 1.5.2 (1.5.3 available)
  posix 6.5.0 (6.5.2 available)
  postgrest 2.7.0 (2.9.1 available)
  proj4dart 2.1.0 (3.0.0 available)
  pub_semver 2.2.0 (2.2.1 available)
  pubspec_parse 1.5.0 (1.6.0 available)
  qr 3.0.2 (4.0.0 available)
  realtime_client 2.7.3 (2.13.0 available)
  riverpod 2.6.1 (3.4.3 available)
  sentry 8.14.2 (9.29.0 available)
  sentry_flutter 8.14.2 (9.29.0 available)
  share_plus 10.1.4 (13.3.0 available)
  share_plus_platform_interface 5.0.2 (7.2.0 available)
  shared_preferences 2.5.4 (2.5.5 available)
  shared_preferences_android 2.4.21 (2.4.28 available)
  shared_preferences_foundation 2.5.6 (2.5.7 available)
  shared_preferences_platform_interface 2.4.1 (2.4.2 available)
  sign_in_with_apple 7.0.1 (8.2.0 available)
  source_gen 4.2.2 (4.3.0 available)
  sqflite 2.4.2 (2.4.3 available)
  sqflite_android 2.4.2+3 (2.4.3 available)
  sqflite_common 2.5.6 (2.5.11 available)
  sqflite_darwin 2.4.2 (2.4.3+1 available)
  sqflite_platform_interface 2.4.0 (2.4.1 available)
  sqlite3 2.9.4 (3.5.2 available)
  sqlite3_flutter_libs 0.5.42 (0.6.0+eol available)
  sqlparser 0.43.1 (0.45.0 available)
  stack_trace 1.12.1 (1.12.2 available)
  storage_client 2.5.2 (2.8.0 available)
  stream_transform 2.1.1 (2.1.2 available)
  supabase 2.10.6 (2.16.1 available)
  supabase_flutter 2.12.4 (2.17.2 available)
  synchronized 3.4.0 (3.4.1+2 available)
  test_api 0.7.7 (0.7.14 available)
! timezone 0.10.1 (overridden) (0.11.1 available)
  unicode 0.3.1 (1.1.9 available)
  url_launcher_android 6.3.28 (6.3.33 available)
  url_launcher_ios 6.4.1 (6.4.2 available)
  url_launcher_linux 3.2.2 (3.2.3 available)
  url_launcher_macos 3.2.5 (3.2.6 available)
  url_launcher_web 2.4.2 (2.4.3 available)
  url_launcher_windows 3.1.5 (3.1.6 available)
  uuid 4.5.3 (4.6.0 available)
  vector_math 2.2.0 (2.4.2 available)
  video_player 2.11.1 (2.14.0 available)
  video_player_android 2.9.4 (2.12.2 available)
  video_player_avfoundation 2.9.4 (2.11.1 available)
  video_player_platform_interface 6.6.0 (6.9.0 available)
  vm_service 15.0.2 (15.3.0 available)
  wakelock_plus 1.3.3 (1.8.0 available)
  wakelock_plus_platform_interface 1.4.0 (1.7.0 available)
  win32 5.15.0 (6.4.0 available)
  xml 6.6.1 (7.0.1 available)
  yaml 3.1.3 (3.1.4 available)
  yet_another_json_isolate 2.1.0 (2.1.1 available)
Got dependencies!
152 packages have newer versions incompatible with dependency constraints.
Try `flutter pub outdated` for more information.
Analyzing reflexjourney...                                      

   info • 'extra' is deprecated and shouldn't be used. Additional Data is deprecated in favor of structured [Contexts] and should be avoided when possible • lib/core/monitoring/sentry_service.dart:103:11 • deprecated_member_use
   info • Use 'const' with the constructor to improve performance • lib/features/assessment/domain/services/reflex_profile_pdf_radar.dart:15:29 • prefer_const_constructors
   info • Use 'const' with the constructor to improve performance • lib/features/assessment/domain/services/reflex_profile_pdf_radar.dart:17:33 • prefer_const_constructors
   info • Use 'const' for final variables initialized to a constant value • lib/features/assessment/domain/services/reflex_profile_pdf_radar.dart:47:3 • prefer_const_declarations
   info • Don't use 'BuildContext's across async gaps • lib/features/assessment/presentation/screens/reflex_profile_screen.dart:170:31 • use_build_context_synchronously
   info • Don't use 'BuildContext's across async gaps • lib/features/assessment/presentation/screens/reflex_profile_screen.dart:190:38 • use_build_context_synchronously
   info • Don't use 'BuildContext's across async gaps • lib/features/assessment/presentation/screens/reflex_profile_screen.dart:398:38 • use_build_context_synchronously
   info • Use 'const' with the constructor to improve performance • lib/features/assessment/presentation/screens/reflex_profile_screen.dart:818:23 • prefer_const_constructors
   info • Use 'const' with the constructor to improve performance • lib/features/assessment/presentation/widgets/adult_reflex_profile_result_view.dart:238:9 • prefer_const_constructors
   info • Use 'const' with the constructor to improve performance • lib/features/experience/presentation/screens/experience_feed_screen.dart:67:19 • prefer_const_constructors
   info • Use 'const' with the constructor to improve performance • lib/features/experience/presentation/widgets/experience_card.dart:49:28 • prefer_const_constructors
   info • Use 'const' with the constructor to improve performance • lib/features/trainer/presentation/screens/appointment_proposal_screen.dart:287:32 • prefer_const_constructors
   info • Don't use 'BuildContext's across async gaps • lib/features/trainer/presentation/screens/trainer_dashboard_screen.dart:1289:43 • use_build_context_synchronously
   info • Don't use 'BuildContext's across async gaps • lib/features/trainer/presentation/screens/trainer_dashboard_screen.dart:1308:33 • use_build_context_synchronously
   info • 'announce' is deprecated and shouldn't be used. Use sendAnnouncement instead. This API is incompatible with multiple windows. This feature was deprecated after v3.35.0-0.1.pre • lib/features/training/presentation/screens/training_exercise_screen.dart:175:22 • deprecated_member_use
   info • 'withOpacity' is deprecated and shouldn't be used. Use .withValues() to avoid precision loss • lib/features/training/presentation/screens/training_exercise_screen.dart:283:50 • deprecated_member_use
   info • 'withOpacity' is deprecated and shouldn't be used. Use .withValues() to avoid precision loss • lib/features/training/presentation/screens/training_exercise_screen.dart:284:52 • deprecated_member_use
   info • 'withOpacity' is deprecated and shouldn't be used. Use .withValues() to avoid precision loss • lib/features/training/presentation/screens/training_exercise_screen.dart:326:40 • deprecated_member_use
   info • 'withOpacity' is deprecated and shouldn't be used. Use .withValues() to avoid precision loss • lib/features/training/presentation/screens/training_exercise_screen.dart:361:44 • deprecated_member_use
   info • 'withOpacity' is deprecated and shouldn't be used. Use .withValues() to avoid precision loss • lib/features/training/presentation/screens/training_exercise_screen.dart:373:44 • deprecated_member_use
   info • 'withOpacity' is deprecated and shouldn't be used. Use .withValues() to avoid precision loss • lib/features/training/presentation/screens/training_exercise_screen.dart:384:60 • deprecated_member_use
   info • 'withOpacity' is deprecated and shouldn't be used. Use .withValues() to avoid precision loss • lib/features/training/presentation/screens/training_exercise_screen.dart:387:62 • deprecated_member_use
   info • 'withOpacity' is deprecated and shouldn't be used. Use .withValues() to avoid precision loss • lib/features/training/presentation/screens/training_exercise_screen.dart:547:56 • deprecated_member_use
   info • 'withOpacity' is deprecated and shouldn't be used. Use .withValues() to avoid precision loss • lib/features/training/presentation/screens/training_movement_screen.dart:62:50 • deprecated_member_use
   info • 'withOpacity' is deprecated and shouldn't be used. Use .withValues() to avoid precision loss • lib/features/training/presentation/screens/training_movement_screen.dart:63:52 • deprecated_member_use
   info • 'withOpacity' is deprecated and shouldn't be used. Use .withValues() to avoid precision loss • lib/features/training/presentation/screens/training_movement_screen.dart:84:32 • deprecated_member_use
   info • 'withOpacity' is deprecated and shouldn't be used. Use .withValues() to avoid precision loss • lib/features/training/presentation/screens/training_movement_screen.dart:89:49 • deprecated_member_use
   info • 'withOpacity' is deprecated and shouldn't be used. Use .withValues() to avoid precision loss • lib/features/training/presentation/screens/training_movement_screen.dart:130:61 • deprecated_member_use
   info • 'withOpacity' is deprecated and shouldn't be used. Use .withValues() to avoid precision loss • lib/features/training/presentation/screens/training_movement_screen.dart:136:40 • deprecated_member_use
   info • 'withOpacity' is deprecated and shouldn't be used. Use .withValues() to avoid precision loss • lib/features/training/presentation/screens/training_movement_screen.dart:168:44 • deprecated_member_use
   info • 'withOpacity' is deprecated and shouldn't be used. Use .withValues() to avoid precision loss • lib/features/training/presentation/screens/training_movement_screen.dart:171:46 • deprecated_member_use
   info • 'withOpacity' is deprecated and shouldn't be used. Use .withValues() to avoid precision loss • lib/features/training/presentation/screens/training_movement_screen.dart:217:56 • deprecated_member_use
   info • 'withOpacity' is deprecated and shouldn't be used. Use .withValues() to avoid precision loss • lib/features/training/presentation/screens/training_outro_screen.dart:70:34 • deprecated_member_use
   info • 'withOpacity' is deprecated and shouldn't be used. Use .withValues() to avoid precision loss • lib/features/training/presentation/screens/training_outro_screen.dart:86:32 • deprecated_member_use
   info • 'withOpacity' is deprecated and shouldn't be used. Use .withValues() to avoid precision loss • lib/features/training/presentation/screens/training_outro_screen.dart:112:42 • deprecated_member_use
   info • 'withOpacity' is deprecated and shouldn't be used. Use .withValues() to avoid precision loss • lib/features/training/presentation/screens/training_outro_screen.dart:133:62 • deprecated_member_use
   info • 'withOpacity' is deprecated and shouldn't be used. Use .withValues() to avoid precision loss • lib/features/training/presentation/screens/training_outro_screen.dart:136:64 • deprecated_member_use
   info • 'withOpacity' is deprecated and shouldn't be used. Use .withValues() to avoid precision loss • lib/features/training/presentation/screens/training_outro_screen.dart:240:57 • deprecated_member_use
   info • 'withOpacity' is deprecated and shouldn't be used. Use .withValues() to avoid precision loss • lib/features/training/presentation/screens/training_position_screen.dart:61:50 • deprecated_member_use
   info • 'withOpacity' is deprecated and shouldn't be used. Use .withValues() to avoid precision loss • lib/features/training/presentation/screens/training_position_screen.dart:62:52 • deprecated_member_use
   info • 'withOpacity' is deprecated and shouldn't be used. Use .withValues() to avoid precision loss • lib/features/training/presentation/screens/training_position_screen.dart:81:30 • deprecated_member_use
   info • 'withOpacity' is deprecated and shouldn't be used. Use .withValues() to avoid precision loss • lib/features/training/presentation/screens/training_position_screen.dart:86:47 • deprecated_member_use
   info • 'withOpacity' is deprecated and shouldn't be used. Use .withValues() to avoid precision loss • lib/features/training/presentation/screens/training_position_screen.dart:126:61 • deprecated_member_use
   info • 'withOpacity' is deprecated and shouldn't be used. Use .withValues() to avoid precision loss • lib/features/training/presentation/screens/training_position_screen.dart:132:40 • deprecated_member_use
   info • 'withOpacity' is deprecated and shouldn't be used. Use .withValues() to avoid precision loss • lib/features/training/presentation/screens/training_preparation_screen.dart:38:50 • deprecated_member_use
   info • 'withOpacity' is deprecated and shouldn't be used. Use .withValues() to avoid precision loss • lib/features/training/presentation/screens/training_preparation_screen.dart:39:52 • deprecated_member_use
   info • 'withOpacity' is deprecated and shouldn't be used. Use .withValues() to avoid precision loss • lib/features/training/presentation/screens/training_preparation_screen.dart:54:26 • deprecated_member_use
   info • 'withOpacity' is deprecated and shouldn't be used. Use .withValues() to avoid precision loss • lib/features/training/presentation/screens/training_preparation_screen.dart:76:58 • deprecated_member_use
   info • 'withOpacity' is deprecated and shouldn't be used. Use .withValues() to avoid precision loss • lib/features/training/presentation/widgets/animated_progress_bar.dart:94:35 • deprecated_member_use
   info • 'withOpacity' is deprecated and shouldn't be used. Use .withValues() to avoid precision loss • lib/features/training/presentation/widgets/animated_progress_bar.dart:102:39 • deprecated_member_use
   info • 'withOpacity' is deprecated and shouldn't be used. Use .withValues() to avoid precision loss • lib/features/training/presentation/widgets/animated_progress_bar.dart:126:56 • deprecated_member_use
   info • 'withOpacity' is deprecated and shouldn't be used. Use .withValues() to avoid precision loss • lib/features/training/presentation/widgets/animated_progress_bar.dart:201:32 • deprecated_member_use
   info • 'withOpacity' is deprecated and shouldn't be used. Use .withValues() to avoid precision loss • lib/features/training/presentation/widgets/animated_progress_bar.dart:208:32 • deprecated_member_use
   info • 'withOpacity' is deprecated and shouldn't be used. Use .withValues() to avoid precision loss • lib/features/training/presentation/widgets/animated_progress_bar.dart:276:60 • deprecated_member_use
   info • Use 'const' with the constructor to improve performance • lib/features/training/presentation/widgets/animated_progress_bar.dart:284:17 • prefer_const_constructors
   info • Statements in an if should be enclosed in a block • lib/features/training/presentation/widgets/animated_progress_bar.dart:297:7 • curly_braces_in_flow_control_structures
   info • Statements in an if should be enclosed in a block • lib/features/training/presentation/widgets/animated_progress_bar.dart:300:7 • curly_braces_in_flow_control_structures
   info • 'withOpacity' is deprecated and shouldn't be used. Use .withValues() to avoid precision loss • lib/features/training/presentation/widgets/animated_trophy.dart:87:36 • deprecated_member_use
   info • 'withOpacity' is deprecated and shouldn't be used. Use .withValues() to avoid precision loss • lib/features/training/presentation/widgets/arc_swap_visualizer.dart:123:37 • deprecated_member_use
   info • 'withOpacity' is deprecated and shouldn't be used. Use .withValues() to avoid precision loss • lib/features/training/presentation/widgets/arc_swap_visualizer.dart:124:24 • deprecated_member_use
   info • 'withOpacity' is deprecated and shouldn't be used. Use .withValues() to avoid precision loss • lib/features/training/presentation/widgets/arc_swap_visualizer.dart:127:37 • deprecated_member_use
   info • 'withOpacity' is deprecated and shouldn't be used. Use .withValues() to avoid precision loss • lib/features/training/presentation/widgets/arc_swap_visualizer.dart:128:24 • deprecated_member_use
   info • 'withOpacity' is deprecated and shouldn't be used. Use .withValues() to avoid precision loss • lib/features/training/presentation/widgets/arc_swap_visualizer.dart:299:45 • deprecated_member_use
   info • Use 'const' with the constructor to improve performance • lib/features/training/presentation/widgets/exercise_movement_widget.dart:214:21 • prefer_const_constructors
   info • Use 'const' with the constructor to improve performance • lib/features/training/presentation/widgets/exercise_movement_widget.dart:219:21 • prefer_const_constructors
   info • Use 'const' with the constructor to improve performance • lib/features/training/presentation/widgets/exercise_movement_widget.dart:287:36 • prefer_const_constructors
   info • Use 'const' with the constructor to improve performance • lib/features/training/presentation/widgets/exercise_movement_widget.dart:329:22 • prefer_const_constructors
   info • Use 'const' with the constructor to improve performance • lib/features/training/presentation/widgets/exercise_rest_widget.dart:71:20 • prefer_const_constructors
   info • Use 'const' with the constructor to improve performance • lib/features/training/presentation/widgets/exercise_rest_widget.dart:77:20 • prefer_const_constructors
   info • 'withOpacity' is deprecated and shouldn't be used. Use .withValues() to avoid precision loss • lib/features/training/presentation/widgets/parallel_lines_visualizer.dart:174:37 • deprecated_member_use
   info • 'withOpacity' is deprecated and shouldn't be used. Use .withValues() to avoid precision loss • lib/features/training/presentation/widgets/parallel_lines_visualizer.dart:175:24 • deprecated_member_use
   info • 'withOpacity' is deprecated and shouldn't be used. Use .withValues() to avoid precision loss • lib/features/training/presentation/widgets/parallel_lines_visualizer.dart:178:37 • deprecated_member_use
   info • 'withOpacity' is deprecated and shouldn't be used. Use .withValues() to avoid precision loss • lib/features/training/presentation/widgets/parallel_lines_visualizer.dart:179:24 • deprecated_member_use
   info • 'withOpacity' is deprecated and shouldn't be used. Use .withValues() to avoid precision loss • lib/features/training/presentation/widgets/parallel_lines_visualizer.dart:301:45 • deprecated_member_use
   info • 'withOpacity' is deprecated and shouldn't be used. Use .withValues() to avoid precision loss • lib/features/training/presentation/widgets/premium_glassmorphic_card.dart:38:46 • deprecated_member_use
   info • 'withOpacity' is deprecated and shouldn't be used. Use .withValues() to avoid precision loss • lib/features/training/presentation/widgets/premium_glassmorphic_card.dart:42:62 • deprecated_member_use
   info • 'withOpacity' is deprecated and shouldn't be used. Use .withValues() to avoid precision loss • lib/features/training/presentation/widgets/premium_glassmorphic_card.dart:47:50 • deprecated_member_use
   info • 'withOpacity' is deprecated and shouldn't be used. Use .withValues() to avoid precision loss • lib/features/training/presentation/widgets/rhythm_visualizer.dart:419:37 • deprecated_member_use
   info • 'withOpacity' is deprecated and shouldn't be used. Use .withValues() to avoid precision loss • lib/features/training/presentation/widgets/rhythm_visualizer.dart:420:24 • deprecated_member_use
   info • 'withOpacity' is deprecated and shouldn't be used. Use .withValues() to avoid precision loss • lib/features/training/presentation/widgets/rhythm_visualizer.dart:423:37 • deprecated_member_use
   info • 'withOpacity' is deprecated and shouldn't be used. Use .withValues() to avoid precision loss • lib/features/training/presentation/widgets/rhythm_visualizer.dart:424:24 • deprecated_member_use
   info • 'withOpacity' is deprecated and shouldn't be used. Use .withValues() to avoid precision loss • lib/features/training/presentation/widgets/rhythm_visualizer.dart:471:42 • deprecated_member_use
   info • 'withOpacity' is deprecated and shouldn't be used. Use .withValues() to avoid precision loss • lib/features/training/presentation/widgets/rhythm_visualizer.dart:671:59 • deprecated_member_use
   info • 'withOpacity' is deprecated and shouldn't be used. Use .withValues() to avoid precision loss • lib/features/training/presentation/widgets/rhythm_visualizer.dart:686:59 • deprecated_member_use
   info • 'withOpacity' is deprecated and shouldn't be used. Use .withValues() to avoid precision loss • lib/features/training/presentation/widgets/rhythm_visualizer.dart:752:41 • deprecated_member_use
   info • 'withOpacity' is deprecated and shouldn't be used. Use .withValues() to avoid precision loss • lib/features/training/presentation/widgets/rhythm_visualizer.dart:795:23 • deprecated_member_use
   info • 'groupValue' is deprecated and shouldn't be used. Use a RadioGroup ancestor to manage group value instead. This feature was deprecated after v3.32.0-0.0.pre • lib/features/training/presentation/widgets/training_anchor_sheet.dart:121:17 • deprecated_member_use
   info • 'onChanged' is deprecated and shouldn't be used. Use RadioGroup to handle value change instead. This feature was deprecated after v3.32.0-0.0.pre • lib/features/training/presentation/widgets/training_anchor_sheet.dart:122:17 • deprecated_member_use
   info • 'withOpacity' is deprecated and shouldn't be used. Use .withValues() to avoid precision loss • lib/features/training/presentation/widgets/training_disclaimer_dialog.dart:108:44 • deprecated_member_use
   info • 'withOpacity' is deprecated and shouldn't be used. Use .withValues() to avoid precision loss • lib/features/training/presentation/widgets/training_disclaimer_dialog.dart:111:46 • deprecated_member_use
   info • 'withOpacity' is deprecated and shouldn't be used. Use .withValues() to avoid precision loss • lib/features/training/presentation/widgets/training_disclaimer_dialog.dart:179:62 • deprecated_member_use
   info • 'surfaceVariant' is deprecated and shouldn't be used. Use surfaceContainerHighest instead. This feature was deprecated after v3.18.0-0.1.pre • lib/features/training/presentation/widgets/training_disclaimer_dialog.dart:225:37 • deprecated_member_use
   info • 'withOpacity' is deprecated and shouldn't be used. Use .withValues() to avoid precision loss • lib/features/training/presentation/widgets/training_disclaimer_dialog.dart:237:58 • deprecated_member_use
   info • 'dialogBackgroundColor' is deprecated and shouldn't be used. Use DialogThemeData.backgroundColor instead. This feature was deprecated after v3.27.0-0.1.pre • lib/features/training/presentation/widgets/training_disclaimer_dialog.dart:262:25 • deprecated_member_use
   info • 'withOpacity' is deprecated and shouldn't be used. Use .withValues() to avoid precision loss • lib/features/training/presentation/widgets/training_disclaimer_dialog.dart:262:47 • deprecated_member_use
   info • 'dialogBackgroundColor' is deprecated and shouldn't be used. Use DialogThemeData.backgroundColor instead. This feature was deprecated after v3.27.0-0.1.pre • lib/features/training/presentation/widgets/training_disclaimer_dialog.dart:263:25 • deprecated_member_use
   info • 'dialogBackgroundColor' is deprecated and shouldn't be used. Use DialogThemeData.backgroundColor instead. This feature was deprecated after v3.27.0-0.1.pre • lib/features/training/presentation/widgets/training_disclaimer_dialog.dart:264:25 • deprecated_member_use
   info • 'extra' is deprecated and shouldn't be used. Additional Data is deprecated in favor of structured [Contexts] and should be avoided when possible • test/core/monitoring/sentry_service_test.dart:20:9 • deprecated_member_use
   info • Use 'const' literals as arguments to constructors of '@immutable' classes • test/core/monitoring/sentry_service_test.dart:20:16 • prefer_const_literals_to_create_immutables
   info • 'extra' is deprecated and shouldn't be used. Additional Data is deprecated in favor of structured [Contexts] and should be avoided when possible • test/core/monitoring/sentry_service_test.dart:25:24 • deprecated_member_use
   info • Use 'const' with the constructor to improve performance • test/evidence/adult_reflexprofil_evidence_test.dart:70:10 • prefer_const_constructors
   info • Unnecessary 'const' keyword • test/features/assessment/presentation/additional_answers_panel_test.dart:42:35 • unnecessary_const
   info • 'hasFlag' is deprecated and shouldn't be used. Use flagsCollection instead. This feature was deprecated after v3.32.0-0.0.pre • test/features/assessment/presentation/adult_answer_choice_grid_test.dart:39:19 • deprecated_member_use
   info • Use 'const' with the constructor to improve performance • test/features/assessment/presentation/adult_progress_profile_card_test.dart:13:42 • prefer_const_constructors
   info • Use 'const' with the constructor to improve performance • test/features/assessment/presentation/adult_reflex_profile_result_view_test.dart:41:10 • prefer_const_constructors
   info • Use 'const' with the constructor to improve performance • test/features/assessment/presentation/adult_reflex_profile_result_view_test.dart:332:22 • prefer_const_constructors
   info • Use 'const' with the constructor to improve performance • test/features/assessment/presentation/adult_top_pattern_lines_test.dart:9:19 • prefer_const_constructors
   info • Use 'const' with the constructor to improve performance • test/features/invite/presentation/impact_tree_card_semantics_test.dart:11:7 • prefer_const_constructors
   info • Use 'const' with the constructor to improve performance • test/features/invite/presentation/impact_tree_card_semantics_test.dart:44:7 • prefer_const_constructors
   info • Use 'const' with the constructor to improve performance • test/features/invite/presentation/invite_redeem_screen_test.dart:79:18 • prefer_const_constructors
   info • The import of 'package:flutter/services.dart' is unnecessary because all of the used elements are also provided by the import of 'package:flutter/material.dart' • test/features/training/presentation/screens/immersive_session_announcement_readiness_test.dart:11:8 • unnecessary_import
   info • The import of 'dart:typed_data' is unnecessary because all of the used elements are also provided by the import of 'package:flutter/foundation.dart' • test/support/asset_bundles.dart:3:8 • unnecessary_import

112 issues found. (ran in 9.0s)
flutter test
Resolving dependencies...
Downloading packages...
  _fe_analyzer_shared 93.0.0 (107.0.0 available)
  _flutterfire_internals 1.3.59 (1.3.77 available)
  agora_rtc_engine 6.5.3 (6.6.4 available)
  analyzer 10.0.1 (14.3.0 available)
  app_links 7.0.0 (7.2.1 available)
  app_links_platform_interface 2.0.2 (2.0.4 available)
  archive 4.0.9 (4.2.0 available)
  async 2.13.0 (2.13.1 available)
  audioplayers 6.6.0 (6.8.1 available)
  audioplayers_android 5.2.1 (5.3.0 available)
  audioplayers_darwin 6.4.0 (6.5.0 available)
  audioplayers_linux 4.2.1 (4.3.0 available)
  audioplayers_platform_interface 7.1.1 (7.2.0 available)
  audioplayers_web 5.2.0 (5.3.0 available)
  audioplayers_windows 4.3.0 (4.4.1 available)
  build 4.0.5 (4.0.11 available)
  build_config 1.3.0 (1.3.3 available)
  build_daemon 4.1.1 (4.1.6 available)
  build_runner 2.13.1 (2.16.1 available)
  built_value 8.12.4 (8.13.0 available)
  cached_network_image 3.4.1 (4.0.0 available)
  cached_network_image_platform_interface 4.1.1 (5.0.0 available)
  cached_network_image_web 1.3.1 (2.0.0 available)
  characters 1.4.0 (1.4.1 available)
  cli_util 0.4.2 (0.6.0 available)
  clock 1.1.2 (1.1.3 available)
  code_builder 4.11.1 (4.12.0 available)
  connectivity_plus 6.1.5 (7.3.1 available)
  connectivity_plus_platform_interface 2.0.1 (2.1.0 available)
  cross_file 0.3.5+2 (0.3.5+5 available)
  cupertino_icons 1.0.8 (1.0.9 available)
  dart_jsonwebtoken 3.3.2 (3.4.1 available)
  dart_style 3.1.7 (3.1.13 available)
  dbus 0.7.12 (0.7.15 available)
  drift 2.31.0 (2.34.4 available)
  drift_dev 2.31.0 (2.34.6 available)
  drift_flutter 0.2.8 (0.3.1 available)
  ed25519_edwards 0.3.1 (0.3.2 available)
  equatable 2.0.8 (2.1.0 available)
  firebase_core 3.15.2 (4.14.0 available)
  firebase_core_platform_interface 6.0.3 (8.1.1 available)
  firebase_core_web 2.24.1 (3.11.0 available)
  firebase_messaging 15.2.10 (16.6.0 available)
  firebase_messaging_platform_interface 4.6.10 (4.10.0 available)
  firebase_messaging_web 3.10.10 (4.2.5 available)
  fl_chart 0.69.2 (1.2.0 available)
  flutter_cache_manager 3.4.1 (3.4.2 available)
  flutter_dotenv 5.2.1 (6.0.1 available)
  flutter_lints 4.0.0 (6.0.0 available)
  flutter_local_notifications 19.5.0 (22.3.0 available)
  flutter_local_notifications_linux 6.0.0 (8.0.1 available)
  flutter_local_notifications_platform_interface 9.1.0 (12.2.0 available)
  flutter_local_notifications_windows 1.0.3 (3.1.1 available)
  flutter_map 7.0.2 (8.3.2 available)
  flutter_riverpod 2.6.1 (3.4.3 available)
  functions_client 2.5.0 (2.7.1 available)
  geolocator 13.0.4 (14.0.3 available)
  geolocator_android 4.6.2 (5.0.3 available)
  geolocator_apple 2.3.13 (2.3.14 available)
  geolocator_platform_interface 4.2.6 (4.3.0 available)
  geolocator_web 4.1.3 (4.1.4 available)
  glob 2.1.3 (2.2.0 available)
  go_router 14.8.1 (18.0.1 available)
  google_fonts 6.3.3 (8.2.1 available)
  google_sign_in_android 7.2.11 (7.2.17 available)
  google_sign_in_ios 6.3.0 (6.3.3 available)
  gotrue 2.20.0 (2.27.2 available)
  gtk 2.1.0 (2.2.0 available)
  html 0.15.6 (0.15.7 available)
  image 4.8.0 (4.9.2 available)
  intl 0.20.2 (0.20.3 available)
  io 1.0.5 (1.1.0 available)
  iris_method_channel 2.2.5 (2.2.7 available)
  json_annotation 4.11.0 (4.12.0 available)
  latlong2 0.9.1 (0.10.1 available)
  lints 4.0.0 (6.1.0 available)
  matcher 0.12.17 (0.12.20 available)
  material_color_utilities 0.11.1 (0.13.1 available)
  meta 1.17.0 (1.19.0 available)
  mgrs_dart 2.0.0 (3.0.0 available)
  mime 2.0.0 (2.1.0 available)
  mocktail 1.0.4 (1.0.5 available)
  package_config 2.2.0 (3.0.0 available)
  package_info_plus 8.3.1 (10.2.1 available)
  package_info_plus_platform_interface 3.2.1 (4.1.0 available)
  path_provider 2.1.5 (2.1.6 available)
  path_provider_android 2.2.22 (2.3.1 available)
  path_provider_foundation 2.5.1 (2.6.0 available)
  path_provider_linux 2.2.1 (2.2.2 available)
  path_provider_platform_interface 2.1.2 (2.1.3 available)
  pdf 3.12.0 (3.13.0 available)
  permission_handler 11.4.0 (13.0.2 available)
  permission_handler_android 12.1.0 (14.1.0 available)
  permission_handler_apple 9.4.7 (9.6.1 available)
  permission_handler_html 0.1.3+5 (0.1.4+1 available)
  permission_handler_platform_interface 4.3.0 (4.4.1 available)
  permission_handler_windows 0.2.1 (0.2.2 available)
  pool 1.5.2 (1.5.3 available)
  posix 6.5.0 (6.5.2 available)
  postgrest 2.7.0 (2.9.1 available)
  proj4dart 2.1.0 (3.0.0 available)
  pub_semver 2.2.0 (2.2.1 available)
  pubspec_parse 1.5.0 (1.6.0 available)
  qr 3.0.2 (4.0.0 available)
  realtime_client 2.7.3 (2.13.0 available)
  riverpod 2.6.1 (3.4.3 available)
  sentry 8.14.2 (9.29.0 available)
  sentry_flutter 8.14.2 (9.29.0 available)
  share_plus 10.1.4 (13.3.0 available)
  share_plus_platform_interface 5.0.2 (7.2.0 available)
  shared_preferences 2.5.4 (2.5.5 available)
  shared_preferences_android 2.4.21 (2.4.28 available)
  shared_preferences_foundation 2.5.6 (2.5.7 available)
  shared_preferences_platform_interface 2.4.1 (2.4.2 available)
  sign_in_with_apple 7.0.1 (8.2.0 available)
  source_gen 4.2.2 (4.3.0 available)
  sqflite 2.4.2 (2.4.3 available)
  sqflite_android 2.4.2+3 (2.4.3 available)
  sqflite_common 2.5.6 (2.5.11 available)
  sqflite_darwin 2.4.2 (2.4.3+1 available)
  sqflite_platform_interface 2.4.0 (2.4.1 available)
  sqlite3 2.9.4 (3.5.2 available)
  sqlite3_flutter_libs 0.5.42 (0.6.0+eol available)
  sqlparser 0.43.1 (0.45.0 available)
  stack_trace 1.12.1 (1.12.2 available)
  storage_client 2.5.2 (2.8.0 available)
  stream_transform 2.1.1 (2.1.2 available)
  supabase 2.10.6 (2.16.1 available)
  supabase_flutter 2.12.4 (2.17.2 available)
  synchronized 3.4.0 (3.4.1+2 available)
  test_api 0.7.7 (0.7.14 available)
! timezone 0.10.1 (overridden) (0.11.1 available)
  unicode 0.3.1 (1.1.9 available)
  url_launcher_android 6.3.28 (6.3.33 available)
  url_launcher_ios 6.4.1 (6.4.2 available)
  url_launcher_linux 3.2.2 (3.2.3 available)
  url_launcher_macos 3.2.5 (3.2.6 available)
  url_launcher_web 2.4.2 (2.4.3 available)
  url_launcher_windows 3.1.5 (3.1.6 available)
  uuid 4.5.3 (4.6.0 available)
  vector_math 2.2.0 (2.4.2 available)
  video_player 2.11.1 (2.14.0 available)
  video_player_android 2.9.4 (2.12.2 available)
  video_player_avfoundation 2.9.4 (2.11.1 available)
  video_player_platform_interface 6.6.0 (6.9.0 available)
  vm_service 15.0.2 (15.3.0 available)
  wakelock_plus 1.3.3 (1.8.0 available)
  wakelock_plus_platform_interface 1.4.0 (1.7.0 available)
  win32 5.15.0 (6.4.0 available)
  xml 6.6.1 (7.0.1 available)
  yaml 3.1.3 (3.1.4 available)
  yet_another_json_isolate 2.1.0 (2.1.1 available)
Got dependencies!
152 packages have newer versions incompatible with dependency constraints.
Try `flutter pub outdated` for more information.
00:00 +0: loading /Users/alexandermessinger/dev/claudvibes/reflexjourney/test/core/database/backup_exclusion_test.dart                                                                                 00:01 +0: loading /Users/alexandermessinger/dev/claudvibes/reflexjourney/test/core/database/backup_exclusion_test.dart                                                                                 00:01 +0: loading /Users/alexandermessinger/dev/claudvibes/reflexjourney/test/core/l10n/localized_content_test.dart                                                                                    00:01 +0: /Users/alexandermessinger/dev/claudvibes/reflexjourney/test/core/l10n/localized_content_test.dart: German picks the German variant                                                           00:01 +1: /Users/alexandermessinger/dev/claudvibes/reflexjourney/test/core/l10n/localized_content_test.dart: German picks the German variant                                                           00:01 +1: /Users/alexandermessinger/dev/claudvibes/reflexjourney/test/core/l10n/localized_content_test.dart: English picks the English variant                                                         00:01 +2: /Users/alexandermessinger/dev/claudvibes/reflexjourney/test/core/l10n/localized_content_test.dart: English picks the English variant                                                         00:01 +2: /Users/alexandermessinger/dev/claudvibes/reflexjourney/test/core/l10n/localized_content_test.dart: unknown locales resolve like the international default (English)                          00:01 +3: /Users/alexandermessinger/dev/claudvibes/reflexjourney/test/core/l10n/localized_content_test.dart: unknown locales resolve like the international default (English)                          00:01 +3: /Users/alexandermessinger/dev/claudvibes/reflexjourney/test/core/l10n/localized_content_test.dart: works for non-string content                                                              00:01 +4: /Users/alexandermessinger/dev/claudvibes/reflexjourney/test/core/l10n/localized_content_test.dart: works for non-string content                                                              00:01 +4: loading /Users/alexandermessinger/dev/claudvibes/reflexjourney/test/core/database/backup_exclusion_test.dart                                                                                 00:01 +4: /Users/alexandermessinger/dev/claudvibes/reflexjourney/test/core/database/backup_exclusion_test.dart: short-circuits true on non-iOS platforms without a channel call                        00:01 +5: /Users/alexandermessinger/dev/claudvibes/reflexjourney/test/core/database/backup_exclusion_test.dart: short-circuits true on non-iOS platforms without a channel call                        00:01 +5: /Users/alexandermessinger/dev/claudvibes/reflexjourney/test/core/database/backup_exclusion_test.dart: passes the path over the channel on iOS and returns its result                         00:01 +6: /Users/alexandermessinger/dev/claudvibes/reflexjourney/test/core/database/backup_exclusion_test.dart: passes the path over the channel on iOS and returns its result                         00:01 +6: /Users/alexandermessinger/dev/claudvibes/reflexjourney/test/core/database/backup_exclusion_test.dart: returns false instead of throwing when the channel fails                               00:01 +6: /Users/alexandermessinger/dev/claudvibes/reflexjourney/test/core/database/backup_exclusion_test.dart: returns false instead of throwing when the channel fails                               
BackupExclusion: could not set exclusion flag: PlatformException(exclusion_failed, null, null, null)
00:01 +7: /Users/alexandermessinger/dev/claudvibes/reflexjourney/test/core/database/backup_exclusion_test.dart: returns false instead of throwing when the channel fails                               00:01 +7: loading /Users/alexandermessinger/dev/claudvibes/reflexjourney/test/core/l10n/app_languages_test.dart                                                                                        00:01 +7: /Users/alexandermessinger/dev/claudvibes/reflexjourney/test/core/l10n/app_languages_test.dart: registry lists German first and English second                                                00:01 +8: /Users/alexandermessinger/dev/claudvibes/reflexjourney/test/core/l10n/app_languages_test.dart: registry lists German first and English second                                                00:01 +8: /Users/alexandermessinger/dev/claudvibes/reflexjourney/test/core/l10n/app_languages_test.dart: locales derive from the registry                                                              00:01 +9: /Users/alexandermessinger/dev/claudvibes/reflexjourney/test/core/l10n/app_languages_test.dart: locales derive from the registry                                                              00:01 +9: /Users/alexandermessinger/dev/claudvibes/reflexjourney/test/core/l10n/app_languages_test.dart: isSupported accepts registry codes only                                                       00:01 +10: /Users/alexandermessinger/dev/claudvibes/reflexjourney/test/core/l10n/app_languages_test.dart: isSupported accepts registry codes only                                                      00:01 +10: /Users/alexandermessinger/dev/claudvibes/reflexjourney/test/core/l10n/app_languages_test.dart: resolveInitial: supported device language wins, otherwise English                            00:01 +11: /Users/alexandermessinger/dev/claudvibes/reflexjourney/test/core/l10n/app_languages_test.dart: resolveInitial: supported device language wins, otherwise English                            00:01 +11: /Users/alexandermessinger/dev/claudvibes/reflexjourney/test/core/l10n/app_languages_test.dart: normalize falls back to the source language                                                  00:01 +12: /Users/alexandermessinger/dev/claudvibes/reflexjourney/test/core/l10n/app_languages_test.dart: normalize falls back to the source language                                                  00:01 +12: /Users/alexandermessinger/dev/claudvibes/reflexjourney/test/core/l10n/app_languages_test.dart: byCode returns the registry entry                                                            00:01 +13: /Users/alexandermessinger/dev/claudvibes/reflexjourney/test/core/l10n/app_languages_test.dart: byCode returns the registry entry                                                            00:01 +13: loading /Users/alexandermessinger/dev/claudvibes/reflexjourney/test/core/training/training_session_checkpoint_store_test.dart                                                               00:01 +13: /Users/alexandermessinger/dev/claudvibes/reflexjourney/test/core/training/training_session_checkpoint_store_test.dart: round-trips exact remaining state                                    00:01 +14: /Users/alexandermessinger/dev/claudvibes/reflexjourney/test/core/training/training_session_checkpoint_store_test.dart: round-trips exact remaining state                                    00:01 +14: /Users/alexandermessinger/dev/claudvibes/reflexjourney/test/core/training/training_session_checkpoint_store_test.dart: is isolated by profile, package and content version                  00:01 +15: /Users/alexandermessinger/dev/claudvibes/reflexjourney/test/core/training/training_session_checkpoint_store_test.dart: is isolated by profile, package and content version                  00:01 +15: /Users/alexandermessinger/dev/claudvibes/reflexjourney/test/core/training/training_session_checkpoint_store_test.dart: completed state remains until persistence succeeds                   00:01 +16: /Users/alexandermessinger/dev/claudvibes/reflexjourney/test/core/training/training_session_checkpoint_store_test.dart: completed state remains until persistence succeeds                   00:01 +16: /Users/alexandermessinger/dev/claudvibes/reflexjourney/test/core/training/training_session_checkpoint_store_test.dart: surfaces a platform-rejected checkpoint write                        00:01 +17: /Users/alexandermessinger/dev/claudvibes/reflexjourney/test/core/training/training_session_checkpoint_store_test.dart: surfaces a platform-rejected checkpoint write                        00:01 +17: /Users/alexandermessinger/dev/claudvibes/reflexjourney/test/core/training/training_session_checkpoint_store_test.dart: surfaces a platform-rejected checkpoint clear                        00:01 +18: /Users/alexandermessinger/dev/claudvibes/reflexjourney/test/core/training/training_session_checkpoint_store_test.dart: surfaces a platform-rejected checkpoint clear                        00:01 +18: /Users/alexandermessinger/dev/claudvibes/reflexjourney/test/core/training/training_session_checkpoint_store_test.dart: a failed best-effort write does not poison later checkpoints         00:01 +19: /Users/alexandermessinger/dev/claudvibes/reflexjourney/test/core/training/training_session_checkpoint_store_test.dart: a failed best-effort write does not poison later checkpoints         00:01 +19: /Users/alexandermessinger/dev/claudvibes/reflexjourney/test/core/training/training_session_checkpoint_store_test.dart: a required completed checkpoint can be retried after failure         00:01 +20: /Users/alexandermessinger/dev/claudvibes/reflexjourney/test/core/training/training_session_checkpoint_store_test.dart: a required completed checkpoint can be retried after failure         00:01 +20: loading /Users/alexandermessinger/dev/claudvibes/reflexjourney/test/core/training/in_app_music_settings_test.dart                                                                           00:01 +20: /Users/alexandermessinger/dev/claudvibes/reflexjourney/test/core/training/in_app_music_settings_test.dart: InAppMusicSettings selectedTrack returns null when not set                       00:01 +21: /Users/alexandermessinger/dev/claudvibes/reflexjourney/test/core/training/in_app_music_settings_test.dart: InAppMusicSettings selectedTrack returns null when not set                       00:01 +21: /Users/alexandermessinger/dev/claudvibes/reflexjourney/test/core/training/in_app_music_settings_test.dart: InAppMusicSettings persists selected track                                       00:01 +22: /Users/alexandermessinger/dev/claudvibes/reflexjourney/test/core/training/in_app_music_settings_test.dart: InAppMusicSettings persists selected track                                       00:01 +22: /Users/alexandermessinger/dev/claudvibes/reflexjourney/test/core/training/in_app_music_settings_test.dart: InAppMusicSettings volume defaults to 0.7                                        00:01 +23: /Users/alexandermessinger/dev/claudvibes/reflexjourney/test/core/training/in_app_music_settings_test.dart: InAppMusicSettings volume defaults to 0.7                                        00:01 +23: /Users/alexandermessinger/dev/claudvibes/reflexjourney/test/core/training/in_app_music_settings_test.dart: InAppMusicSettings clears track when set to null                                 00:01 +24: /Users/alexandermessinger/dev/claudvibes/reflexjourney/test/core/training/in_app_music_settings_test.dart: InAppMusicSettings clears track when set to null                                 00:01 +24: /Users/alexandermessinger/dev/claudvibes/reflexjourney/test/core/training/in_app_music_settings_test.dart: InAppMusicSettings persists volume                                               00:01 +25: /Users/alexandermessinger/dev/claudvibes/reflexjourney/test/core/training/in_app_music_settings_test.dart: InAppMusicSettings persists volume                                               00:01 +25: /Users/alexandermessinger/dev/claudvibes/reflexjourney/test/core/training/in_app_music_settings_test.dart: InAppMusicSettings clamps volume to 0.0..1.0                                     00:01 +26: /Users/alexandermessinger/dev/claudvibes/reflexjourney/test/core/training/in_app_music_settings_test.dart: InAppMusicSettings clamps volume to 0.0..1.0                                     00:01 +26: loading /Users/alexandermessinger/dev/claudvibes/reflexjourney/test/core/training/training_familiarity_settings_test.dart                                                                   00:01 +26: /Users/alexandermessinger/dev/claudvibes/reflexjourney/test/core/training/training_familiarity_settings_test.dart: progression is scoped by profile, package and content version            00:01 +27: /Users/alexandermessinger/dev/claudvibes/reflexjourney/test/core/training/training_familiarity_settings_test.dart: progression is scoped by profile, package and content version            00:01 +27: /Users/alexandermessinger/dev/claudvibes/reflexjourney/test/core/training/training_familiarity_settings_test.dart: records the same persisted session only once                             00:01 +28: /Users/alexandermessinger/dev/claudvibes/reflexjourney/test/core/training/training_familiarity_settings_test.dart: records the same persisted session only once                             00:01 +28: /Users/alexandermessinger/dev/claudvibes/reflexjourney/test/core/training/training_familiarity_settings_test.dart: parallel retries of the same persisted session remain idempotent         00:01 +29: /Users/alexandermessinger/dev/claudvibes/reflexjourney/test/core/training/training_familiarity_settings_test.dart: parallel retries of the same persisted session remain idempotent         00:01 +29: /Users/alexandermessinger/dev/claudvibes/reflexjourney/test/core/training/training_familiarity_settings_test.dart: parallel distinct persisted sessions are both retained                   00:01 +30: /Users/alexandermessinger/dev/claudvibes/reflexjourney/test/core/training/training_familiarity_settings_test.dart: parallel distinct persisted sessions are both retained                   00:01 +30: /Users/alexandermessinger/dev/claudvibes/reflexjourney/test/core/training/training_familiarity_settings_test.dart: does not report completion when the platform rejects the ledger write    00:01 +31: /Users/alexandermessinger/dev/claudvibes/reflexjourney/test/core/training/training_familiarity_settings_test.dart: does not report completion when the platform rejects the ledger write    00:01 +31: /Users/alexandermessinger/dev/claudvibes/reflexjourney/test/core/training/training_familiarity_settings_test.dart: a rejected ledger write is retried instead of trusted from RAM           00:02 +31: /Users/alexandermessinger/dev/claudvibes/reflexjourney/test/core/training/training_familiarity_settings_test.dart: a rejected ledger write is retried instead of trusted from RAM           00:02 +32: /Users/alexandermessinger/dev/claudvibes/reflexjourney/test/core/training/training_familiarity_settings_test.dart: a rejected ledger write is retried instead of trusted from RAM           00:02 +32: /Users/alexandermessinger/dev/claudvibes/reflexjourney/test/core/training/training_familiarity_settings_test.dart: recommends routine only after two completed sessions                     00:02 +33: /Users/alexandermessinger/dev/claudvibes/reflexjourney/test/core/training/training_familiarity_settings_test.dart: recommends routine only after two completed sessions                     00:03 +33: /Users/alexandermessinger/dev/claudvibes/reflexjourney/test/core/training/training_familiarity_settings_test.dart: recommends routine only after two completed sessions                     00:04 +33: /Users/alexandermessinger/dev/claudvibes/reflexjourney/test/core/training/training_familiarity_settings_test.dart: recommends routine only after two completed sessions                     00:05 +33: /Users/alexandermessinger/dev/claudvibes/reflexjourney/test/core/training/training_familiarity_settings_test.dart: recommends routine only after two completed sessions                     00:06 +33: /Users/alexandermessinger/dev/claudvibes/reflexjourney/test/core/training/training_familiarity_settings_test.dart: recommends routine only after two completed sessions                     00:06 +33: loading /Users/alexandermessinger/dev/claudvibes/reflexjourney/test/core/training/transition_duration_settings_test.dart                                                                    00:06 +33: /Users/alexandermessinger/dev/claudvibes/reflexjourney/test/core/training/transition_duration_settings_test.dart: TransitionDurationSettings returns default 10 when not set                00:06 +34: /Users/alexandermessinger/dev/claudvibes/reflexjourney/test/core/training/transition_duration_settings_test.dart: TransitionDurationSettings returns default 10 when not set                00:06 +34: /Users/alexandermessinger/dev/claudvibes/reflexjourney/test/core/training/transition_duration_settings_test.dart: TransitionDurationSettings returns persisted value                        00:06 +35: /Users/alexandermessinger/dev/claudvibes/reflexjourney/test/core/training/transition_duration_settings_test.dart: TransitionDurationSettings returns persisted value                        00:06 +35: /Users/alexandermessinger/dev/claudvibes/reflexjourney/test/core/training/transition_duration_settings_test.dart: TransitionDurationSettings clamps to valid range 5..30                    00:06 +36: /Users/alexandermessinger/dev/claudvibes/reflexjourney/test/core/training/transition_duration_settings_test.dart: TransitionDurationSettings clamps to valid range 5..30                    00:06 +36: loading /Users/alexandermessinger/dev/claudvibes/reflexjourney/test/core/training/training_feedback_settings_test.dart                                                                      00:06 +36: /Users/alexandermessinger/dev/claudvibes/reflexjourney/test/core/training/training_feedback_settings_test.dart: ... migration defaults to voice and cues and writes the canonical string key00:06 +37: /Users/alexandermessinger/dev/claudvibes/reflexjourney/test/core/training/training_feedback_settings_test.dart: ... migration defaults to voice and cues and writes the canonical string key00:06 +37: /Users/alexandermessinger/dev/claudvibes/reflexjourney/test/core/training/training_feedback_settings_test.dart: TrainingFeedbackSettings migration migrates the legacy integer format       00:06 +38: /Users/alexandermessinger/dev/claudvibes/reflexjourney/test/core/training/training_feedback_settings_test.dart: TrainingFeedbackSettings migration migrates the legacy integer format       00:06 +38: /Users/alexandermessinger/dev/claudvibes/reflexjourney/test/core/training/training_feedback_settings_test.dart: TrainingFeedbackSettings migration understands historical string enum names 00:06 +39: /Users/alexandermessinger/dev/claudvibes/reflexjourney/test/core/training/training_feedback_settings_test.dart: TrainingFeedbackSettings migration understands historical string enum names 00:06 +39: /Users/alexandermessinger/dev/claudvibes/reflexjourney/test/core/training/training_feedback_settings_test.dart: ... migration chooses the quieter mode when both formats disagree           00:06 +40: /Users/alexandermessinger/dev/claudvibes/reflexjourney/test/core/training/training_feedback_settings_test.dart: ... migration chooses the quieter mode when both formats disagree           00:06 +40: /Users/alexandermessinger/dev/claudvibes/reflexjourney/test/core/training/training_feedback_settings_test.dart: ... migration never overrides canonical silent with a louder legacy value   00:06 +41: /Users/alexandermessinger/dev/claudvibes/reflexjourney/test/core/training/training_feedback_settings_test.dart: ... migration never overrides canonical silent with a louder legacy value   00:06 +41: /Users/alexandermessinger/dev/claudvibes/reflexjourney/test/core/training/training_feedback_settings_test.dart: ... migration explicit writes remove the integer legacy key                 00:06 +42: /Users/alexandermessinger/dev/claudvibes/reflexjourney/test/core/training/training_feedback_settings_test.dart: ... migration explicit writes remove the integer legacy key                 00:06 +42: /Users/alexandermessinger/dev/claudvibes/reflexjourney/test/core/training/training_feedback_settings_test.dart: ... SettingsNotifier serializes migration before an immediate user write    00:06 +43: /Users/alexandermessinger/dev/claudvibes/reflexjourney/test/core/training/adaptive_tempo_settings_test.dart: scopes tempo by profile, package, content and exercise                         00:06 +44: /Users/alexandermessinger/dev/claudvibes/reflexjourney/test/core/training/adaptive_tempo_settings_test.dart: scopes tempo by profile, package, content and exercise                         00:07 +44: /Users/alexandermessinger/dev/claudvibes/reflexjourney/test/core/training/adaptive_tempo_settings_test.dart: scopes tempo by profile, package, content and exercise                         00:07 +45: /Users/alexandermessinger/dev/claudvibes/reflexjourney/test/core/training/adaptive_tempo_settings_test.dart: scopes tempo by profile, package, content and exercise                         00:07 +45: /Users/alexandermessinger/dev/claudvibes/reflexjourney/test/core/training/adaptive_tempo_settings_test.dart: reads the legacy sequence key as a compatibility fallback                      00:07 +46: /Users/alexandermessinger/dev/claudvibes/reflexjourney/test/core/training/adaptive_tempo_settings_test.dart: reads the legacy sequence key as a compatibility fallback                      00:07 +46: loading /Users/alexandermessinger/dev/claudvibes/reflexjourney/test/core/training/training_anchor_test.dart                                                                                 00:07 +46: /Users/alexandermessinger/dev/claudvibes/reflexjourney/test/core/training/training_anchor_test.dart: adults are offered four anchors, waking up first                                       00:07 +47: /Users/alexandermessinger/dev/claudvibes/reflexjourney/test/core/training/training_anchor_test.dart: adults are offered four anchors, waking up first                                       00:07 +47: /Users/alexandermessinger/dev/claudvibes/reflexjourney/test/core/training/training_anchor_test.dart: families are offered their own four anchors                                            00:07 +48: /Users/alexandermessinger/dev/claudvibes/reflexjourney/test/core/training/training_anchor_test.dart: families are offered their own four anchors                                            00:07 +48: /Users/alexandermessinger/dev/claudvibes/reflexjourney/test/core/training/training_anchor_test.dart: only adults get a recommendation (A2)                                                  00:07 +49: /Users/alexandermessinger/dev/claudvibes/reflexjourney/test/core/training/training_anchor_test.dart: only adults get a recommendation (A2)                                                  00:07 +49: /Users/alexandermessinger/dev/claudvibes/reflexjourney/test/core/training/training_anchor_test.dart: every offered anchor proposes a time inside the day                                    00:07 +50: /Users/alexandermessinger/dev/claudvibes/reflexjourney/test/core/training/training_anchor_test.dart: every offered anchor proposes a time inside the day                                    00:07 +50: /Users/alexandermessinger/dev/claudvibes/reflexjourney/test/core/training/training_anchor_test.dart: the proposed times follow the order of the day                                         00:07 +51: /Users/alexandermessinger/dev/claudvibes/reflexjourney/test/core/training/training_anchor_test.dart: the proposed times follow the order of the day                                         00:07 +51: /Users/alexandermessinger/dev/claudvibes/reflexjourney/test/core/training/training_anchor_test.dart: the sleep hint belongs to the late anchors only                                        00:07 +52: /Users/alexandermessinger/dev/claudvibes/reflexjourney/test/core/training/training_anchor_test.dart: the sleep hint belongs to the late anchors only                                        00:07 +52: /Users/alexandermessinger/dev/claudvibes/reflexjourney/test/core/training/training_anchor_test.dart: unknown or missing names decode to null                                                00:07 +53: /Users/alexandermessinger/dev/claudvibes/reflexjourney/test/core/training/training_anchor_test.dart: unknown or missing names decode to null                                                00:07 +53: loading /Users/alexandermessinger/dev/claudvibes/reflexjourney/test/core/training/training_tempo_defaults_test.dart                                                                         00:07 +53: /Users/alexandermessinger/dev/claudvibes/reflexjourney/test/core/training/training_tempo_defaults_test.dart: training tempo defaults regression exercise 1 defaults to 3.0s                 00:07 +54: /Users/alexandermessinger/dev/claudvibes/reflexjourney/test/core/training/training_tempo_defaults_test.dart: training tempo defaults regression exercise 1 defaults to 3.0s                 00:07 +54: /Users/alexandermessinger/dev/claudvibes/reflexjourney/test/core/training/training_tempo_defaults_test.dart: training tempo defaults regression exercise 6 defaults to 7.0s                 00:07 +55: /Users/alexandermessinger/dev/claudvibes/reflexjourney/test/core/training/training_tempo_defaults_test.dart: training tempo defaults regression exercise 6 defaults to 7.0s                 00:07 +55: /Users/alexandermessinger/dev/claudvibes/reflexjourney/test/core/training/training_tempo_defaults_test.dart: ... tempo defaults regression early exercise clamps low persisted tempo to 1.0s00:07 +56: /Users/alexandermessinger/dev/claudvibes/reflexjourney/test/core/training/training_tempo_defaults_test.dart: ... tempo defaults regression early exercise clamps low persisted tempo to 1.0s00:07 +56: /Users/alexandermessinger/dev/claudvibes/reflexjourney/test/core/training/training_tempo_defaults_test.dart: ... defaults regression early exercise clamps high persisted tempo to 7.0s     00:07 +57: /Users/alexandermessinger/dev/claudvibes/reflexjourney/test/core/training/training_tempo_defaults_test.dart: ... defaults regression early exercise clamps high persisted tempo to 7.0s     00:07 +57: /Users/alexandermessinger/dev/claudvibes/reflexjourney/test/core/training/training_tempo_defaults_test.dart: ... tempo defaults regression late exercise clamps low persisted tempo to 2.0s 00:07 +58: /Users/alexandermessinger/dev/claudvibes/reflexjourney/test/core/training/training_tempo_defaults_test.dart: ... tempo defaults regression late exercise clamps low persisted tempo to 2.0s 00:07 +58: /Users/alexandermessinger/dev/claudvibes/reflexjourney/test/core/training/training_tempo_defaults_test.dart: training tempo defaults regression late exercise keeps valid persisted tempo   00:07 +59: /Users/alexandermessinger/dev/claudvibes/reflexjourney/test/core/training/training_tempo_defaults_test.dart: training tempo defaults regression late exercise keeps valid persisted tempo   00:07 +59: loading /Users/alexandermessinger/dev/claudvibes/reflexjourney/test/core/training/training_anchor_settings_test.dart                                                                        00:07 +59: /Users/alexandermessinger/dev/claudvibes/reflexjourney/test/core/training/training_anchor_settings_test.dart: nothing is stored before the question is answered                             00:07 +60: /Users/alexandermessinger/dev/claudvibes/reflexjourney/test/core/training/training_anchor_settings_test.dart: nothing is stored before the question is answered                             00:07 +60: /Users/alexandermessinger/dev/claudvibes/reflexjourney/test/core/training/training_anchor_settings_test.dart: a stored anchor survives a reload                                             00:07 +61: /Users/alexandermessinger/dev/claudvibes/reflexjourney/test/core/training/training_anchor_settings_test.dart: a stored anchor survives a reload                                             00:07 +61: /Users/alexandermessinger/dev/claudvibes/reflexjourney/test/core/training/training_anchor_settings_test.dart: asks after exactly one completed session                                      00:07 +62: /Users/alexandermessinger/dev/claudvibes/reflexjourney/test/core/training/training_anchor_settings_test.dart: asks after exactly one completed session                                      00:07 +62: /Users/alexandermessinger/dev/claudvibes/reflexjourney/test/core/training/training_anchor_settings_test.dart: does not ask before the first session                                         00:07 +63: /Users/alexandermessinger/dev/claudvibes/reflexjourney/test/core/training/training_anchor_settings_test.dart: does not ask before the first session                                         00:07 +63: /Users/alexandermessinger/dev/claudvibes/reflexjourney/test/core/training/training_anchor_settings_test.dart: does not ask again once the question was put                                  00:07 +64: /Users/alexandermessinger/dev/claudvibes/reflexjourney/test/core/training/training_anchor_settings_test.dart: does not ask again once the question was put                                  00:07 +64: /Users/alexandermessinger/dev/claudvibes/reflexjourney/test/core/training/training_anchor_settings_test.dart: a missed moment is not made up later                                          00:07 +65: /Users/alexandermessinger/dev/claudvibes/reflexjourney/test/core/training/training_anchor_settings_test.dart: a missed moment is not made up later                                          00:07 +65: loading /Users/alexandermessinger/dev/claudvibes/reflexjourney/test/core/training/training_announcement_manifest_test.dart                                                                  00:07 +65: /Users/alexandermessinger/dev/claudvibes/reflexjourney/test/core/training/training_announcement_manifest_test.dart: bundled manifest is the exact 48-event DE/EN recording contract         00:07 +66: /Users/alexandermessinger/dev/claudvibes/reflexjourney/test/core/training/training_announcement_manifest_test.dart: bundled manifest is the exact 48-event DE/EN recording contract         00:07 +66: /Users/alexandermessinger/dev/claudvibes/reflexjourney/test/core/training/training_announcement_manifest_test.dart: locale resolution is exact, base-language aware, and deterministic      00:07 +67: /Users/alexandermessinger/dev/claudvibes/reflexjourney/test/core/training/training_announcement_manifest_test.dart: locale resolution is exact, base-language aware, and deterministic      00:07 +67: /Users/alexandermessinger/dev/claudvibes/reflexjourney/test/core/training/training_announcement_manifest_test.dart: full-catalog preflight reports all 48 entries unassigned per locale     00:07 +68: /Users/alexandermessinger/dev/claudvibes/reflexjourney/test/core/training/training_announcement_manifest_test.dart: full-catalog preflight reports all 48 entries unassigned per locale     00:07 +68: /Users/alexandermessinger/dev/claudvibes/reflexjourney/test/core/training/training_announcement_manifest_test.dart: solo and duo runtime scopes each require exactly 41 gated events        00:07 +69: /Users/alexandermessinger/dev/claudvibes/reflexjourney/test/core/training/training_announcement_manifest_test.dart: solo and duo runtime scopes each require exactly 41 gated events        00:07 +69: /Users/alexandermessinger/dev/claudvibes/reflexjourney/test/core/training/training_announcement_manifest_test.dart: preflight separates missing entries, invalid keys, and absent files     00:07 +70: /Users/alexandermessinger/dev/claudvibes/reflexjourney/test/core/training/training_announcement_manifest_test.dart: preflight separates missing entries, invalid keys, and absent files     00:07 +70: /Users/alexandermessinger/dev/claudvibes/reflexjourney/test/core/training/training_announcement_manifest_test.dart: bundle probe reports the manifest and rejects an absent MP3             00:07 +71: /Users/alexandermessinger/dev/claudvibes/reflexjourney/test/core/training/training_announcement_manifest_test.dart: bundle probe reports the manifest and rejects an absent MP3             00:07 +71: /Users/alexandermessinger/dev/claudvibes/reflexjourney/test/core/training/training_announcement_manifest_test.dart: parser rejects unsupported schema versions                              00:07 +72: /Users/alexandermessinger/dev/claudvibes/reflexjourney/test/core/training/training_announcement_manifest_test.dart: parser rejects unsupported schema versions                              00:08 +72: /Users/alexandermessinger/dev/claudvibes/reflexjourney/test/core/training/training_announcement_manifest_test.dart: parser rejects unsupported schema versions                              00:09 +72: /Users/alexandermessinger/dev/claudvibes/reflexjourney/test/core/training/training_announcement_manifest_test.dart: parser rejects unsupported schema versions                              00:10 +72: /Users/alexandermessinger/dev/claudvibes/reflexjourney/test/core/training/training_announcement_manifest_test.dart: parser rejects unsupported schema versions                              00:11 +72: /Users/alexandermessinger/dev/claudvibes/reflexjourney/test/core/training/training_announcement_manifest_test.dart: parser rejects unsupported schema versions                              00:12 +72: /Users/alexandermessinger/dev/claudvibes/reflexjourney/test/core/training/training_announcement_manifest_test.dart: parser rejects unsupported schema versions                              00:13 +72: /Users/alexandermessinger/dev/claudvibes/reflexjourney/test/core/training/training_announcement_manifest_test.dart: parser rejects unsupported schema versions                              00:13 +72: loading /Users/alexandermessinger/dev/claudvibes/reflexjourney/test/core/navigation/app_shell_test.dart                                                                                     00:13 +72: /Users/alexandermessinger/dev/claudvibes/reflexjourney/test/core/navigation/app_shell_test.dart: shows user tabs for practitioners                                                          00:13 +73: /Users/alexandermessinger/dev/claudvibes/reflexjourney/test/core/navigation/app_shell_test.dart: shows user tabs for practitioners                                                          00:13 +74: /Users/alexandermessinger/dev/claudvibes/reflexjourney/test/core/navigation/app_shell_test.dart: shows user tabs for practitioners                                                          00:13 +75: /Users/alexandermessinger/dev/claudvibes/reflexjourney/test/core/navigation/app_shell_test.dart: shows user tabs for practitioners                                                          00:13 +76: /Users/alexandermessinger/dev/claudvibes/reflexjourney/test/core/navigation/app_shell_test.dart: shows user tabs for practitioners                                                          00:13 +77: /Users/alexandermessinger/dev/claudvibes/reflexjourney/test/core/navigation/app_shell_test.dart: shows user tabs for practitioners                                                          00:13 +78: /Users/alexandermessinger/dev/claudvibes/reflexjourney/test/core/navigation/app_shell_test.dart: shows user tabs for practitioners                                                          00:13 +79: /Users/alexandermessinger/dev/claudvibes/reflexjourney/test/core/navigation/app_shell_test.dart: shows user tabs for practitioners                                                          00:13 +80: /Users/alexandermessinger/dev/claudvibes/reflexjourney/test/core/navigation/app_shell_test.dart: shows user tabs for practitioners                                                          00:13 +81: /Users/alexandermessinger/dev/claudvibes/reflexjourney/test/core/navigation/app_shell_test.dart: shows user tabs for practitioners                                                          00:13 +82: /Users/alexandermessinger/dev/claudvibes/reflexjourney/test/core/navigation/app_shell_test.dart: shows user tabs for practitioners                                                          00:13 +83: /Users/alexandermessinger/dev/claudvibes/reflexjourney/test/core/navigation/app_shell_test.dart: shows user tabs for practitioners                                                          00:13 +84: /Users/alexandermessinger/dev/claudvibes/reflexjourney/test/core/navigation/app_shell_test.dart: shows user tabs for practitioners                                                          00:13 +85: /Users/alexandermessinger/dev/claudvibes/reflexjourney/test/core/navigation/app_shell_test.dart: shows user tabs for practitioners                                                          00:13 +86: /Users/alexandermessinger/dev/claudvibes/reflexjourney/test/core/navigation/app_shell_test.dart: shows user tabs for practitioners                                                          00:13 +87: /Users/alexandermessinger/dev/claudvibes/reflexjourney/test/core/navigation/app_shell_test.dart: shows user tabs for practitioners                                                          00:13 +88: /Users/alexandermessinger/dev/claudvibes/reflexjourney/test/core/navigation/app_shell_test.dart: shows user tabs for practitioners                                                          00:13 +89: /Users/alexandermessinger/dev/claudvibes/reflexjourney/test/core/navigation/app_shell_test.dart: shows user tabs for practitioners                                                          00:13 +90: /Users/alexandermessinger/dev/claudvibes/reflexjourney/test/core/navigation/app_shell_test.dart: shows user tabs for practitioners                                                          00:13 +91: /Users/alexandermessinger/dev/claudvibes/reflexjourney/test/core/navigation/app_shell_test.dart: shows user tabs for practitioners                                                          00:13 +92: /Users/alexandermessinger/dev/claudvibes/reflexjourney/test/core/navigation/app_shell_test.dart: shows user tabs for practitioners                                                          00:13 +93: /Users/alexandermessinger/dev/claudvibes/reflexjourney/test/core/navigation/app_shell_test.dart: shows user tabs for practitioners                                                          00:13 +94: /Users/alexandermessinger/dev/claudvibes/reflexjourney/test/core/navigation/launch_gate_test.dart: direkter Aufruf von /community landet auf dem Dashboard                                  00:13 +95: /Users/alexandermessinger/dev/claudvibes/reflexjourney/test/core/navigation/app_shell_test.dart: shows trainer tab for trainers                                                             00:13 +96: /Users/alexandermessinger/dev/claudvibes/reflexjourney/test/core/navigation/launch_gate_test.dart: direkter Aufruf von /experience/:channelId landet auf dem Dashboard                      00:13 +97: /Users/alexandermessinger/dev/claudvibes/reflexjourney/test/core/navigation/app_shell_test.dart: shows trainer and admin tabs for admins                                                    00:13 +98: /Users/alexandermessinger/dev/claudvibes/reflexjourney/test/core/navigation/app_shell_test.dart: shows trainer and admin tabs for admins                                                    00:13 +98: /Users/alexandermessinger/dev/claudvibes/reflexjourney/test/core/navigation/app_shell_test.dart: Begleitung tab shows badge label when unread > 0                                           00:13 +99: /Users/alexandermessinger/dev/claudvibes/reflexjourney/test/core/navigation/app_shell_test.dart: Begleitung tab shows badge label when unread > 0                                           00:13 +99: /Users/alexandermessinger/dev/claudvibes/reflexjourney/test/core/navigation/app_shell_test.dart: Begleitung tab badge is hidden when unread is 0                                            00:14 +99: /Users/alexandermessinger/dev/claudvibes/reflexjourney/test/core/navigation/app_shell_test.dart: Begleitung tab badge is hidden when unread is 0                                            00:14 +100: /Users/alexandermessinger/dev/claudvibes/reflexjourney/test/core/theme/app_theme_test.dart: (setUpAll)                                                                                     00:14 +100: /Users/alexandermessinger/dev/claudvibes/reflexjourney/test/core/navigation/app_shell_test.dart: tapping Begleitung tab navigates to /begleitung                                           00:14 +100: /Users/alexandermessinger/dev/claudvibes/reflexjourney/test/core/theme/app_theme_test.dart: AppTheme light theme (setUpAll)                                                                
Error: google_fonts was unable to load font Poppins-Regular because the following exception occurred:
Exception: GoogleFonts.config.allowRuntimeFetching is false but font Poppins-Regular was not found in the application assets. Ensure Poppins-Regular.ttf exists in a folder that is included in your pubspec's assets.

There is likely something wrong with your test. Please see https://github.com/flutter/packages/blob/main/packages/google_fonts/example/test for examples of how to test with google_fonts.
If troubleshooting doesn't solve the problem, please file an issue at https://github.com/flutter/flutter/issues/new/choose.

Error: google_fonts was unable to load font Poppins-SemiBold because the following exception occurred:
Exception: GoogleFonts.config.allowRuntimeFetching is false but font Poppins-SemiBold was not found in the application assets. Ensure Poppins-SemiBold.ttf exists in a folder that is included in your pubspec's assets.

There is likely something wrong with your test. Please see https://github.com/flutter/packages/blob/main/packages/google_fonts/example/test for examples of how to test with google_fonts.
If troubleshooting doesn't solve the problem, please file an issue at https://github.com/flutter/flutter/issues/new/choose.

00:14 +101: /Users/alexandermessinger/dev/claudvibes/reflexjourney/test/core/navigation/app_shell_test.dart: tapping Begleitung tab navigates to /begleitung                                           00:14 +102: /Users/alexandermessinger/dev/claudvibes/reflexjourney/test/core/navigation/app_shell_test.dart: tapping Begleitung tab navigates to /begleitung                                           00:14 +103: /Users/alexandermessinger/dev/claudvibes/reflexjourney/test/core/navigation/app_shell_test.dart: tapping Begleitung tab navigates to /begleitung                                           00:14 +104: /Users/alexandermessinger/dev/claudvibes/reflexjourney/test/core/theme/app_theme_test.dart: AppTheme light theme elevated button foreground is contrast-safe on primary green              00:14 +105: /Users/alexandermessinger/dev/claudvibes/reflexjourney/test/core/theme/app_theme_test.dart: AppTheme light theme elevated button foreground is contrast-safe on primary green              00:14 +105: /Users/alexandermessinger/dev/claudvibes/reflexjourney/test/core/theme/app_theme_test.dart: AppTheme light theme filled button foreground is contrast-safe on primary green                00:14 +106: /Users/alexandermessinger/dev/claudvibes/reflexjourney/test/core/theme/app_theme_test.dart: AppTheme light theme filled button foreground is contrast-safe on primary green                00:14 +106: /Users/alexandermessinger/dev/claudvibes/reflexjourney/test/core/theme/app_theme_test.dart: AppTheme light theme color scheme onPrimary is contrast-safe on primary green                  00:14 +107: /Users/alexandermessinger/dev/claudvibes/reflexjourney/test/core/theme/app_theme_test.dart: AppTheme light theme color scheme onPrimary is contrast-safe on primary green                  00:14 +107: /Users/alexandermessinger/dev/claudvibes/reflexjourney/test/core/theme/app_theme_test.dart: AppTheme light theme elevated button radius is 14                                              00:14 +108: /Users/alexandermessinger/dev/claudvibes/reflexjourney/test/core/theme/app_theme_test.dart: AppTheme light theme elevated button radius is 14                                              00:14 +108: /Users/alexandermessinger/dev/claudvibes/reflexjourney/test/core/theme/app_theme_test.dart: AppTheme light theme card radius is 16                                                         00:14 +109: /Users/alexandermessinger/dev/claudvibes/reflexjourney/test/core/theme/app_theme_test.dart: AppTheme light theme card radius is 16                                                         00:14 +109: /Users/alexandermessinger/dev/claudvibes/reflexjourney/test/core/theme/app_theme_test.dart: AppTheme light theme app bar background is green-tinted                                        00:14 +110: /Users/alexandermessinger/dev/claudvibes/reflexjourney/test/core/theme/app_theme_test.dart: AppTheme light theme app bar background is green-tinted                                        00:14 +110: /Users/alexandermessinger/dev/claudvibes/reflexjourney/test/core/theme/app_theme_test.dart: AppTheme light theme (tearDownAll)                                                             00:14 +110: /Users/alexandermessinger/dev/claudvibes/reflexjourney/test/core/theme/app_theme_test.dart: AppTheme dark theme (setUpAll)                                                                 00:14 +110: /Users/alexandermessinger/dev/claudvibes/reflexjourney/test/core/theme/app_theme_test.dart: AppTheme dark theme scaffold background is pure neutral dark                                   00:14 +110: /Users/alexandermessinger/dev/claudvibes/reflexjourney/test/core/theme/app_theme_test.dart: AppTheme dark theme (setUpAll)                                                                 
Error: google_fonts was unable to load font Poppins-Regular because the following exception occurred:
Exception: GoogleFonts.config.allowRuntimeFetching is false but font Poppins-Regular was not found in the application assets. Ensure Poppins-Regular.ttf exists in a folder that is included in your pubspec's assets.

There is likely something wrong with your test. Please see https://github.com/flutter/packages/blob/main/packages/google_fonts/example/test for examples of how to test with google_fonts.
If troubleshooting doesn't solve the problem, please file an issue at https://github.com/flutter/flutter/issues/new/choose.

Error: google_fonts was unable to load font Poppins-SemiBold because the following exception occurred:
Exception: GoogleFonts.config.allowRuntimeFetching is false but font Poppins-SemiBold was not found in the application assets. Ensure Poppins-SemiBold.ttf exists in a folder that is included in your pubspec's assets.

There is likely something wrong with your test. Please see https://github.com/flutter/packages/blob/main/packages/google_fonts/example/test for examples of how to test with google_fonts.
If troubleshooting doesn't solve the problem, please file an issue at https://github.com/flutter/flutter/issues/new/choose.

00:14 +111: /Users/alexandermessinger/dev/claudvibes/reflexjourney/test/core/theme/app_theme_test.dart: AppTheme dark theme scaffold background is pure neutral dark                                   00:14 +111: /Users/alexandermessinger/dev/claudvibes/reflexjourney/test/core/theme/app_theme_test.dart: AppTheme dark theme elevated button background is primary green                                00:14 +112: /Users/alexandermessinger/dev/claudvibes/reflexjourney/test/core/theme/app_theme_test.dart: AppTheme dark theme elevated button background is primary green                                00:14 +112: /Users/alexandermessinger/dev/claudvibes/reflexjourney/test/core/theme/app_theme_test.dart: AppTheme dark theme elevated button foreground is contrast-safe on primary green               00:14 +113: /Users/alexandermessinger/dev/claudvibes/reflexjourney/test/core/theme/app_theme_test.dart: AppTheme dark theme elevated button foreground is contrast-safe on primary green               00:14 +113: /Users/alexandermessinger/dev/claudvibes/reflexjourney/test/core/theme/app_theme_test.dart: AppTheme dark theme filled button foreground is contrast-safe on primary green                 00:14 +114: /Users/alexandermessinger/dev/claudvibes/reflexjourney/test/core/theme/app_theme_test.dart: AppTheme dark theme filled button foreground is contrast-safe on primary green                 00:14 +114: /Users/alexandermessinger/dev/claudvibes/reflexjourney/test/core/theme/app_theme_test.dart: AppTheme dark theme color scheme onPrimary is contrast-safe on primary green                   00:14 +115: /Users/alexandermessinger/dev/claudvibes/reflexjourney/test/core/theme/app_theme_test.dart: AppTheme dark theme color scheme onPrimary is contrast-safe on primary green                   00:14 +115: /Users/alexandermessinger/dev/claudvibes/reflexjourney/test/core/theme/app_theme_test.dart: AppTheme dark theme elevated button radius is 14                                               00:14 +116: /Users/alexandermessinger/dev/claudvibes/reflexjourney/test/core/theme/app_theme_test.dart: AppTheme dark theme elevated button radius is 14                                               00:14 +116: /Users/alexandermessinger/dev/claudvibes/reflexjourney/test/core/theme/app_theme_test.dart: AppTheme dark theme app bar background is dark                                                 00:14 +117: /Users/alexandermessinger/dev/claudvibes/reflexjourney/test/core/theme/app_theme_test.dart: AppTheme dark theme app bar background is dark                                                 00:14 +117: /Users/alexandermessinger/dev/claudvibes/reflexjourney/test/core/theme/app_theme_test.dart: AppTheme dark theme card surface is dark                                                       00:14 +118: /Users/alexandermessinger/dev/claudvibes/reflexjourney/test/core/theme/app_theme_test.dart: AppTheme dark theme card surface is dark                                                       00:14 +118: /Users/alexandermessinger/dev/claudvibes/reflexjourney/test/core/theme/app_theme_test.dart: AppTheme dark theme (tearDownAll)                                                              00:14 +118: /Users/alexandermessinger/dev/claudvibes/reflexjourney/test/core/theme/app_theme_test.dart: (tearDownAll)                                                                                  00:14 +118: loading /Users/alexandermessinger/dev/claudvibes/reflexjourney/test/core/theme/app_colors_test.dart                                                                                        00:14 +118: /Users/alexandermessinger/dev/claudvibes/reflexjourney/test/core/theme/app_colors_test.dart: AppColors — green palette primary is Free Place green                                         00:14 +119: /Users/alexandermessinger/dev/claudvibes/reflexjourney/test/core/theme/app_colors_test.dart: AppColors — green palette primary is Free Place green                                         00:14 +119: /Users/alexandermessinger/dev/claudvibes/reflexjourney/test/core/theme/app_colors_test.dart: AppColors — green palette primaryDark is darker green for pressed state                       00:14 +120: /Users/alexandermessinger/dev/claudvibes/reflexjourney/test/core/theme/app_colors_test.dart: AppColors — green palette primaryDark is darker green for pressed state                       00:14 +120: /Users/alexandermessinger/dev/claudvibes/reflexjourney/test/core/theme/app_colors_test.dart: AppColors — green palette primaryLight is lighter green for decorative use                    00:14 +121: /Users/alexandermessinger/dev/claudvibes/reflexjourney/test/core/theme/app_colors_test.dart: AppColors — green palette primaryLight is lighter green for decorative use                    00:14 +121: /Users/alexandermessinger/dev/claudvibes/reflexjourney/test/core/theme/app_colors_test.dart: AppColors — green palette primaryOnDark is brightened green for dark surfaces                 00:14 +122: /Users/alexandermessinger/dev/claudvibes/reflexjourney/test/core/theme/app_colors_test.dart: AppColors — green palette primaryOnDark is brightened green for dark surfaces                 00:14 +122: /Users/alexandermessinger/dev/claudvibes/reflexjourney/test/core/theme/app_colors_test.dart: AppColors — green palette backgroundLight has subtle green tint                               00:14 +123: /Users/alexandermessinger/dev/claudvibes/reflexjourney/test/core/theme/app_colors_test.dart: AppColors — green palette backgroundLight has subtle green tint                               00:14 +123: /Users/alexandermessinger/dev/claudvibes/reflexjourney/test/core/theme/app_colors_test.dart: AppColors — green palette textPrimary is dark green-tinted black                              00:14 +124: /Users/alexandermessinger/dev/claudvibes/reflexjourney/test/core/theme/app_colors_test.dart: AppColors — green palette textPrimary is dark green-tinted black                              00:14 +124: /Users/alexandermessinger/dev/claudvibes/reflexjourney/test/core/theme/app_colors_test.dart: AppColors — green palette textSecondary is muted green-grey (WCAG AA compliant)               00:14 +125: /Users/alexandermessinger/dev/claudvibes/reflexjourney/test/core/theme/app_colors_test.dart: AppColors — green palette textSecondary is muted green-grey (WCAG AA compliant)               00:14 +125: /Users/alexandermessinger/dev/claudvibes/reflexjourney/test/core/theme/app_colors_test.dart: AppColors — green palette divider is light green-tinted border                                00:14 +126: /Users/alexandermessinger/dev/claudvibes/reflexjourney/test/core/theme/app_colors_test.dart: AppColors — green palette divider is light green-tinted border                                00:14 +126: /Users/alexandermessinger/dev/claudvibes/reflexjourney/test/core/theme/app_colors_test.dart: AppColors — green palette primary button text passes WCAG AA contrast                         00:14 +127: /Users/alexandermessinger/dev/claudvibes/reflexjourney/test/core/theme/app_colors_test.dart: AppColors — green palette primary button text passes WCAG AA contrast                         00:14 +127: /Users/alexandermessinger/dev/claudvibes/reflexjourney/test/core/theme/app_colors_test.dart: AppColors — green palette secondary text passes WCAG AA contrast on light background          00:14 +128: /Users/alexandermessinger/dev/claudvibes/reflexjourney/test/core/theme/app_colors_test.dart: AppColors — green palette secondary text passes WCAG AA contrast on light background          00:14 +128: /Users/alexandermessinger/dev/claudvibes/reflexjourney/test/core/theme/app_colors_test.dart: AppColors — green palette primary accent passes WCAG AA contrast on dark surfaces             00:14 +129: /Users/alexandermessinger/dev/claudvibes/reflexjourney/test/core/theme/app_colors_test.dart: AppColors — green palette primary accent passes WCAG AA contrast on dark surfaces             00:14 +129: /Users/alexandermessinger/dev/claudvibes/reflexjourney/test/core/theme/app_colors_test.dart: AppColors — green palette primaryOnDark passes WCAG AAA contrast on dark background           00:14 +130: /Users/alexandermessinger/dev/claudvibes/reflexjourney/test/core/theme/app_colors_test.dart: AppColors — green palette primaryOnDark passes WCAG AAA contrast on dark background           00:14 +130: loading /Users/alexandermessinger/dev/claudvibes/reflexjourney/test/core/sync/exercises_sync_service_test.dart                                                                             00:14 +130: /Users/alexandermessinger/dev/claudvibes/reflexjourney/test/core/sync/exercises_sync_service_test.dart: rejects an empty or changed Moro response before cache mutation                    00:14 +131: /Users/alexandermessinger/dev/claudvibes/reflexjourney/test/core/sync/exercises_sync_service_test.dart: rejects an empty or changed Moro response before cache mutation                    00:14 +131: /Users/alexandermessinger/dev/claudvibes/reflexjourney/test/core/sync/exercises_sync_service_test.dart: validated refresh atomically removes stale rows                                    00:14 +132: /Users/alexandermessinger/dev/claudvibes/reflexjourney/test/core/sync/exercises_sync_service_test.dart: validated refresh atomically removes stale rows                                    00:14 +132: /Users/alexandermessinger/dev/claudvibes/reflexjourney/test/core/sync/exercises_sync_service_test.dart: validation failure leaves the previous snapshot untouched                          00:14 +133: /Users/alexandermessinger/dev/claudvibes/reflexjourney/test/core/sync/exercises_sync_service_test.dart: validation failure leaves the previous snapshot untouched                          00:14 +133: /Users/alexandermessinger/dev/claudvibes/reflexjourney/test/core/sync/exercises_sync_service_test.dart: failed replacement rolls back deletion and partial inserts                         00:14 +134: /Users/alexandermessinger/dev/claudvibes/reflexjourney/test/core/monitoring/sentry_service_test.dart: SentryService privacy filters drops events that carry HTTP request context           00:14 +135: /Users/alexandermessinger/dev/claudvibes/reflexjourney/test/core/sync/exercises_sync_service_test.dart: parallel validated replacements never expose a mixed snapshot                      00:14 +136: /Users/alexandermessinger/dev/claudvibes/reflexjourney/test/core/sync/exercises_sync_service_test.dart: parallel validated replacements never expose a mixed snapshot                      00:14 +137: /Users/alexandermessinger/dev/claudvibes/reflexjourney/test/core/monitoring/sentry_service_test.dart: SentryService privacy filters drops http and navigation breadcrumbs                  00:14 +138: /Users/alexandermessinger/dev/claudvibes/reflexjourney/test/core/sync/exercises_sync_service_test.dart: syncIfNeeded repairs a non-empty partial Moro cache                                00:14 +138: /Users/alexandermessinger/dev/claudvibes/reflexjourney/test/core/sync/exercises_sync_service_test.dart: syncIfNeeded repairs a non-empty partial Moro cache                                
[38;5;12m┌───────────────────────────────────────────────────────────────────────────────────────────────────[0m
[38;5;12m│ #0   ExercisesSyncService._fetchAndCache (package:corejourney/core/sync/exercises_sync_service.dart:82:17)[0m
[38;5;12m├┄┄┄┄┄┄┄┄┄┄┄┄┄┄┄┄┄┄┄┄┄┄┄┄┄┄┄┄┄┄┄┄┄┄┄┄┄┄┄┄┄┄┄┄┄┄┄┄┄┄┄┄┄┄┄┄┄┄┄┄┄┄┄┄┄┄┄┄┄┄┄┄┄┄┄┄┄┄┄┄┄┄┄┄┄┄┄┄┄┄┄┄┄┄┄┄┄┄┄[0m
[38;5;12m│ 15:13:26.886 (+0:00:00.001434)[0m
[38;5;12m├┄┄┄┄┄┄┄┄┄┄┄┄┄┄┄┄┄┄┄┄┄┄┄┄┄┄┄┄┄┄┄┄┄┄┄┄┄┄┄┄┄┄┄┄┄┄┄┄┄┄┄┄┄┄┄┄┄┄┄┄┄┄┄┄┄┄┄┄┄┄┄┄┄┄┄┄┄┄┄┄┄┄┄┄┄┄┄┄┄┄┄┄┄┄┄┄┄┄┄[0m
[38;5;12m│ 💡 ExercisesSyncService: cached 7 exercises from Supabase[0m
[38;5;12m└───────────────────────────────────────────────────────────────────────────────────────────────────[0m
00:14 +139: /Users/alexandermessinger/dev/claudvibes/reflexjourney/test/core/sync/exercises_sync_service_test.dart: syncIfNeeded repairs a non-empty partial Moro cache                                00:14 +139: /Users/alexandermessinger/dev/claudvibes/reflexjourney/test/core/sync/exercises_sync_service_test.dart: syncIfNeeded repairs a cache row with malformed serialized fields                  00:14 +139: /Users/alexandermessinger/dev/claudvibes/reflexjourney/test/core/sync/exercises_sync_service_test.dart: syncIfNeeded repairs a cache row with malformed serialized fields                  
[38;5;208m┌───────────────────────────────────────────────────────────────────────────────────────────────────[0m
[38;5;208m│ #0   ExercisesSyncService._isValidMoroCache (package:corejourney/core/sync/exercises_sync_service.dart:117:17)[0m
[38;5;208m├┄┄┄┄┄┄┄┄┄┄┄┄┄┄┄┄┄┄┄┄┄┄┄┄┄┄┄┄┄┄┄┄┄┄┄┄┄┄┄┄┄┄┄┄┄┄┄┄┄┄┄┄┄┄┄┄┄┄┄┄┄┄┄┄┄┄┄┄┄┄┄┄┄┄┄┄┄┄┄┄┄┄┄┄┄┄┄┄┄┄┄┄┄┄┄┄┄┄┄[0m
[38;5;208m│ 15:13:26.918 (+0:00:00.032614)[0m
[38;5;208m├┄┄┄┄┄┄┄┄┄┄┄┄┄┄┄┄┄┄┄┄┄┄┄┄┄┄┄┄┄┄┄┄┄┄┄┄┄┄┄┄┄┄┄┄┄┄┄┄┄┄┄┄┄┄┄┄┄┄┄┄┄┄┄┄┄┄┄┄┄┄┄┄┄┄┄┄┄┄┄┄┄┄┄┄┄┄┄┄┄┄┄┄┄┄┄┄┄┄┄[0m
[38;5;208m│ ⚠️ ExercisesSyncService: corrupt cached snapshot — refreshing (FormatException: Unexpected character (at character 1)[0m
[38;5;208m│ ⚠️ not-json[0m
[38;5;208m│ ⚠️ ^[0m
[38;5;208m│ ⚠️ )[0m
[38;5;208m└───────────────────────────────────────────────────────────────────────────────────────────────────[0m
[38;5;12m┌───────────────────────────────────────────────────────────────────────────────────────────────────[0m
[38;5;12m│ #0   ExercisesSyncService._fetchAndCache (package:corejourney/core/sync/exercises_sync_service.dart:82:17)[0m
[38;5;12m├┄┄┄┄┄┄┄┄┄┄┄┄┄┄┄┄┄┄┄┄┄┄┄┄┄┄┄┄┄┄┄┄┄┄┄┄┄┄┄┄┄┄┄┄┄┄┄┄┄┄┄┄┄┄┄┄┄┄┄┄┄┄┄┄┄┄┄┄┄┄┄┄┄┄┄┄┄┄┄┄┄┄┄┄┄┄┄┄┄┄┄┄┄┄┄┄┄┄┄[0m
[38;5;12m│ 15:13:26.922 (+0:00:00.037028)[0m
[38;5;12m├┄┄┄┄┄┄┄┄┄┄┄┄┄┄┄┄┄┄┄┄┄┄┄┄┄┄┄┄┄┄┄┄┄┄┄┄┄┄┄┄┄┄┄┄┄┄┄┄┄┄┄┄┄┄┄┄┄┄┄┄┄┄┄┄┄┄┄┄┄┄┄┄┄┄┄┄┄┄┄┄┄┄┄┄┄┄┄┄┄┄┄┄┄┄┄┄┄┄┄[0m
[38;5;12m│ 💡 ExercisesSyncService: cached 7 exercises from Supabase[0m
[38;5;12m└───────────────────────────────────────────────────────────────────────────────────────────────────[0m
00:14 +140: /Users/alexandermessinger/dev/claudvibes/reflexjourney/test/core/sync/exercises_sync_service_test.dart: syncIfNeeded repairs a cache row with malformed serialized fields                  00:14 +140: /Users/alexandermessinger/dev/claudvibes/reflexjourney/test/core/sync/exercises_sync_service_test.dart: syncIfNeeded skips a fully validated Moro cache                                    00:14 +140: /Users/alexandermessinger/dev/claudvibes/reflexjourney/test/core/sync/exercises_sync_service_test.dart: syncIfNeeded skips a fully validated Moro cache                                    
┌───────────────────────────────────────────────────────────────────────────────────────────────────
│ #0   ExercisesSyncService.syncIfNeeded (package:corejourney/core/sync/exercises_sync_service.dart:47:17)
├┄┄┄┄┄┄┄┄┄┄┄┄┄┄┄┄┄┄┄┄┄┄┄┄┄┄┄┄┄┄┄┄┄┄┄┄┄┄┄┄┄┄┄┄┄┄┄┄┄┄┄┄┄┄┄┄┄┄┄┄┄┄┄┄┄┄┄┄┄┄┄┄┄┄┄┄┄┄┄┄┄┄┄┄┄┄┄┄┄┄┄┄┄┄┄┄┄┄┄
│ 15:13:26.934 (+0:00:00.049128)
├┄┄┄┄┄┄┄┄┄┄┄┄┄┄┄┄┄┄┄┄┄┄┄┄┄┄┄┄┄┄┄┄┄┄┄┄┄┄┄┄┄┄┄┄┄┄┄┄┄┄┄┄┄┄┄┄┄┄┄┄┄┄┄┄┄┄┄┄┄┄┄┄┄┄┄┄┄┄┄┄┄┄┄┄┄┄┄┄┄┄┄┄┄┄┄┄┄┄┄
│ 🐛 ExercisesSyncService: validated 7 cached rows — skipping
└───────────────────────────────────────────────────────────────────────────────────────────────────
00:14 +141: /Users/alexandermessinger/dev/claudvibes/reflexjourney/test/core/sync/exercises_sync_service_test.dart: syncIfNeeded skips a fully validated Moro cache                                    00:14 +141: /Users/alexandermessinger/dev/claudvibes/reflexjourney/test/core/sync/exercises_sync_service_test.dart: overlapping refresh requests share one remote generation                           00:14 +141: /Users/alexandermessinger/dev/claudvibes/reflexjourney/test/core/sync/exercises_sync_service_test.dart: overlapping refresh requests share one remote generation                           
[38;5;12m┌───────────────────────────────────────────────────────────────────────────────────────────────────[0m
[38;5;12m│ #0   ExercisesSyncService._fetchAndCache (package:corejourney/core/sync/exercises_sync_service.dart:82:17)[0m
[38;5;12m├┄┄┄┄┄┄┄┄┄┄┄┄┄┄┄┄┄┄┄┄┄┄┄┄┄┄┄┄┄┄┄┄┄┄┄┄┄┄┄┄┄┄┄┄┄┄┄┄┄┄┄┄┄┄┄┄┄┄┄┄┄┄┄┄┄┄┄┄┄┄┄┄┄┄┄┄┄┄┄┄┄┄┄┄┄┄┄┄┄┄┄┄┄┄┄┄┄┄┄[0m
[38;5;12m│ 15:13:26.943 (+0:00:00.057694)[0m
[38;5;12m├┄┄┄┄┄┄┄┄┄┄┄┄┄┄┄┄┄┄┄┄┄┄┄┄┄┄┄┄┄┄┄┄┄┄┄┄┄┄┄┄┄┄┄┄┄┄┄┄┄┄┄┄┄┄┄┄┄┄┄┄┄┄┄┄┄┄┄┄┄┄┄┄┄┄┄┄┄┄┄┄┄┄┄┄┄┄┄┄┄┄┄┄┄┄┄┄┄┄┄[0m
[38;5;12m│ 💡 ExercisesSyncService: cached 7 exercises from Supabase[0m
[38;5;12m└───────────────────────────────────────────────────────────────────────────────────────────────────[0m
00:14 +142: /Users/alexandermessinger/dev/claudvibes/reflexjourney/test/core/sync/exercises_sync_service_test.dart: overlapping refresh requests share one remote generation                           00:15 +142: /Users/alexandermessinger/dev/claudvibes/reflexjourney/test/core/sync/exercises_sync_service_test.dart: overlapping refresh requests share one remote generation                           00:15 +142: loading /Users/alexandermessinger/dev/claudvibes/reflexjourney/test/core/logging/logger_service_test.dart                                                                                  00:15 +142: /Users/alexandermessinger/dev/claudvibes/reflexjourney/test/core/logging/logger_service_test.dart: LoggerService Development Environment logs debug messages in development                00:15 +142: /Users/alexandermessinger/dev/claudvibes/reflexjourney/test/core/logging/logger_service_test.dart: LoggerService Development Environment logs debug messages in development                
┌───────────────────────────────────────────────────────────────────────────────────────────────────────────────────────
│ #0   LoggerService.debug (package:corejourney/core/logging/logger_service.dart:97:13)
│ #1   main.<anonymous closure>.<anonymous closure>.<anonymous closure>.<anonymous closure> (file:///Users/alexandermessinger/dev/claudvibes/reflexjourney/test/core/logging/logger_service_test.dart:38:24)
├┄┄┄┄┄┄┄┄┄┄┄┄┄┄┄┄┄┄┄┄┄┄┄┄┄┄┄┄┄┄┄┄┄┄┄┄┄┄┄┄┄┄┄┄┄┄┄┄┄┄┄┄┄┄┄┄┄┄┄┄┄┄┄┄┄┄┄┄┄┄┄┄┄┄┄┄┄┄┄┄┄┄┄┄┄┄┄┄┄┄┄┄┄┄┄┄┄┄┄┄┄┄┄┄┄┄┄┄┄┄┄┄┄┄┄┄┄┄┄
│ 15:13:27.207 (+0:00:00.005317)
├┄┄┄┄┄┄┄┄┄┄┄┄┄┄┄┄┄┄┄┄┄┄┄┄┄┄┄┄┄┄┄┄┄┄┄┄┄┄┄┄┄┄┄┄┄┄┄┄┄┄┄┄┄┄┄┄┄┄┄┄┄┄┄┄┄┄┄┄┄┄┄┄┄┄┄┄┄┄┄┄┄┄┄┄┄┄┄┄┄┄┄┄┄┄┄┄┄┄┄┄┄┄┄┄┄┄┄┄┄┄┄┄┄┄┄┄┄┄┄
│ 🐛 Test debug message | key=value
└───────────────────────────────────────────────────────────────────────────────────────────────────────────────────────
00:15 +143: /Users/alexandermessinger/dev/claudvibes/reflexjourney/test/core/logging/logger_service_test.dart: LoggerService Development Environment logs debug messages in development                00:15 +143: /Users/alexandermessinger/dev/claudvibes/reflexjourney/test/core/logging/logger_service_test.dart: LoggerService Development Environment logs info messages in development                 00:15 +143: /Users/alexandermessinger/dev/claudvibes/reflexjourney/test/core/logging/logger_service_test.dart: LoggerService Development Environment logs info messages in development                 
[38;5;12m┌───────────────────────────────────────────────────────────────────────────────────────────────────────────────────────[0m
[38;5;12m│ #0   LoggerService.info (package:corejourney/core/logging/logger_service.dart:113:13)[0m
[38;5;12m│ #1   main.<anonymous closure>.<anonymous closure>.<anonymous closure>.<anonymous closure> (file:///Users/alexandermessinger/dev/claudvibes/reflexjourney/test/core/logging/logger_service_test.dart:45:24)[0m
[38;5;12m├┄┄┄┄┄┄┄┄┄┄┄┄┄┄┄┄┄┄┄┄┄┄┄┄┄┄┄┄┄┄┄┄┄┄┄┄┄┄┄┄┄┄┄┄┄┄┄┄┄┄┄┄┄┄┄┄┄┄┄┄┄┄┄┄┄┄┄┄┄┄┄┄┄┄┄┄┄┄┄┄┄┄┄┄┄┄┄┄┄┄┄┄┄┄┄┄┄┄┄┄┄┄┄┄┄┄┄┄┄┄┄┄┄┄┄┄┄┄┄[0m
[38;5;12m│ 15:13:27.221 (+0:00:00.019074)[0m
[38;5;12m├┄┄┄┄┄┄┄┄┄┄┄┄┄┄┄┄┄┄┄┄┄┄┄┄┄┄┄┄┄┄┄┄┄┄┄┄┄┄┄┄┄┄┄┄┄┄┄┄┄┄┄┄┄┄┄┄┄┄┄┄┄┄┄┄┄┄┄┄┄┄┄┄┄┄┄┄┄┄┄┄┄┄┄┄┄┄┄┄┄┄┄┄┄┄┄┄┄┄┄┄┄┄┄┄┄┄┄┄┄┄┄┄┄┄┄┄┄┄┄[0m
[38;5;12m│ 💡 Test info message[0m
[38;5;12m└───────────────────────────────────────────────────────────────────────────────────────────────────────────────────────[0m
00:15 +144: /Users/alexandermessinger/dev/claudvibes/reflexjourney/test/core/logging/logger_service_test.dart: LoggerService Development Environment logs info messages in development                 00:15 +144: /Users/alexandermessinger/dev/claudvibes/reflexjourney/test/core/logging/logger_service_test.dart: LoggerService Development Environment logs warning messages in development              00:15 +144: /Users/alexandermessinger/dev/claudvibes/reflexjourney/test/core/logging/logger_service_test.dart: LoggerService Development Environment logs warning messages in development              
[38;5;208m┌───────────────────────────────────────────────────────────────────────────────────────────────────────────────────────[0m
[38;5;208m│ test[0m
[38;5;208m├┄┄┄┄┄┄┄┄┄┄┄┄┄┄┄┄┄┄┄┄┄┄┄┄┄┄┄┄┄┄┄┄┄┄┄┄┄┄┄┄┄┄┄┄┄┄┄┄┄┄┄┄┄┄┄┄┄┄┄┄┄┄┄┄┄┄┄┄┄┄┄┄┄┄┄┄┄┄┄┄┄┄┄┄┄┄┄┄┄┄┄┄┄┄┄┄┄┄┄┄┄┄┄┄┄┄┄┄┄┄┄┄┄┄┄┄┄┄┄[0m
[38;5;208m│ #0   LoggerService.warning (package:corejourney/core/logging/logger_service.dart:129:13)[0m
[38;5;208m│ #1   main.<anonymous closure>.<anonymous closure>.<anonymous closure>.<anonymous closure> (file:///Users/alexandermessinger/dev/claudvibes/reflexjourney/test/core/logging/logger_service_test.dart:52:24)[0m
[38;5;208m│ #2   _ReturnsNormally.typedMatches (package:matcher/src/core_matchers.dart:153:8)[0m
[38;5;208m│ #3   FeatureMatcher.matches (package:matcher/src/feature_matcher.dart:16:42)[0m
[38;5;208m│ #4   _expect (package:matcher/src/expect/expect.dart:138:30)[0m
[38;5;208m│ #5   expect (package:matcher/src/expect/expect.dart:56:3)[0m
[38;5;208m│ #6   expect (package:flutter_test/src/widget_tester.dart:473:18)[0m
[38;5;208m│ #7   main.<anonymous closure>.<anonymous closure>.<anonymous closure> (file:///Users/alexandermessinger/dev/claudvibes/reflexjourney/test/core/logging/logger_service_test.dart:51:9)[0m
[38;5;208m├┄┄┄┄┄┄┄┄┄┄┄┄┄┄┄┄┄┄┄┄┄┄┄┄┄┄┄┄┄┄┄┄┄┄┄┄┄┄┄┄┄┄┄┄┄┄┄┄┄┄┄┄┄┄┄┄┄┄┄┄┄┄┄┄┄┄┄┄┄┄┄┄┄┄┄┄┄┄┄┄┄┄┄┄┄┄┄┄┄┄┄┄┄┄┄┄┄┄┄┄┄┄┄┄┄┄┄┄┄┄┄┄┄┄┄┄┄┄┄[0m
[38;5;208m│ 15:13:27.226 (+0:00:00.024011)[0m
[38;5;208m├┄┄┄┄┄┄┄┄┄┄┄┄┄┄┄┄┄┄┄┄┄┄┄┄┄┄┄┄┄┄┄┄┄┄┄┄┄┄┄┄┄┄┄┄┄┄┄┄┄┄┄┄┄┄┄┄┄┄┄┄┄┄┄┄┄┄┄┄┄┄┄┄┄┄┄┄┄┄┄┄┄┄┄┄┄┄┄┄┄┄┄┄┄┄┄┄┄┄┄┄┄┄┄┄┄┄┄┄┄┄┄┄┄┄┄┄┄┄┄[0m
[38;5;208m│ ⚠️ Test warning[0m
[38;5;208m└───────────────────────────────────────────────────────────────────────────────────────────────────────────────────────[0m
00:15 +145: /Users/alexandermessinger/dev/claudvibes/reflexjourney/test/core/logging/logger_service_test.dart: LoggerService Development Environment logs warning messages in development              00:15 +145: /Users/alexandermessinger/dev/claudvibes/reflexjourney/test/core/logging/logger_service_test.dart: LoggerService Development Environment logs error messages in development                00:15 +145: /Users/alexandermessinger/dev/claudvibes/reflexjourney/test/core/logging/logger_service_test.dart: LoggerService Development Environment logs error messages in development                
[38;5;196m┌───────────────────────────────────────────────────────────────────────────────────────────────────────────────────────[0m
[38;5;196m│ test[0m
[38;5;196m├┄┄┄┄┄┄┄┄┄┄┄┄┄┄┄┄┄┄┄┄┄┄┄┄┄┄┄┄┄┄┄┄┄┄┄┄┄┄┄┄┄┄┄┄┄┄┄┄┄┄┄┄┄┄┄┄┄┄┄┄┄┄┄┄┄┄┄┄┄┄┄┄┄┄┄┄┄┄┄┄┄┄┄┄┄┄┄┄┄┄┄┄┄┄┄┄┄┄┄┄┄┄┄┄┄┄┄┄┄┄┄┄┄┄┄┄┄┄┄[0m
[38;5;196m│ #0   main.<anonymous closure>.<anonymous closure>.<anonymous closure>.<anonymous closure> (file:///Users/alexandermessinger/dev/claudvibes/reflexjourney/test/core/logging/logger_service_test.dart:62:36)[0m
[38;5;196m│ #1   _ReturnsNormally.typedMatches (package:matcher/src/core_matchers.dart:153:8)[0m
[38;5;196m│ #2   FeatureMatcher.matches (package:matcher/src/feature_matcher.dart:16:42)[0m
[38;5;196m│ #3   _expect (package:matcher/src/expect/expect.dart:138:30)[0m
[38;5;196m│ #4   expect (package:matcher/src/expect/expect.dart:56:3)[0m
[38;5;196m│ #5   expect (package:flutter_test/src/widget_tester.dart:473:18)[0m
[38;5;196m│ #6   main.<anonymous closure>.<anonymous closure>.<anonymous closure> (file:///Users/alexandermessinger/dev/claudvibes/reflexjourney/test/core/logging/logger_service_test.dart:58:9)[0m
[38;5;196m│ #7   Declarer.test.<anonymous closure>.<anonymous closure> (package:test_api/src/backend/declarer.dart:242:19)[0m
[38;5;196m├┄┄┄┄┄┄┄┄┄┄┄┄┄┄┄┄┄┄┄┄┄┄┄┄┄┄┄┄┄┄┄┄┄┄┄┄┄┄┄┄┄┄┄┄┄┄┄┄┄┄┄┄┄┄┄┄┄┄┄┄┄┄┄┄┄┄┄┄┄┄┄┄┄┄┄┄┄┄┄┄┄┄┄┄┄┄┄┄┄┄┄┄┄┄┄┄┄┄┄┄┄┄┄┄┄┄┄┄┄┄┄┄┄┄┄┄┄┄┄[0m
[38;5;196m│ 15:13:27.231 (+0:00:00.028761)[0m
[38;5;196m├┄┄┄┄┄┄┄┄┄┄┄┄┄┄┄┄┄┄┄┄┄┄┄┄┄┄┄┄┄┄┄┄┄┄┄┄┄┄┄┄┄┄┄┄┄┄┄┄┄┄┄┄┄┄┄┄┄┄┄┄┄┄┄┄┄┄┄┄┄┄┄┄┄┄┄┄┄┄┄┄┄┄┄┄┄┄┄┄┄┄┄┄┄┄┄┄┄┄┄┄┄┄┄┄┄┄┄┄┄┄┄┄┄┄┄┄┄┄┄[0m
[38;5;196m│ ⛔ Test error[0m
[38;5;196m└───────────────────────────────────────────────────────────────────────────────────────────────────────────────────────[0m
00:15 +146: /Users/alexandermessinger/dev/claudvibes/reflexjourney/test/core/logging/logger_service_test.dart: LoggerService Development Environment logs error messages in development                00:15 +146: /Users/alexandermessinger/dev/claudvibes/reflexjourney/test/core/logging/logger_service_test.dart: LoggerService Development Environment formats message with structured data              00:15 +146: /Users/alexandermessinger/dev/claudvibes/reflexjourney/test/core/logging/logger_service_test.dart: LoggerService Development Environment formats message with structured data              
[38;5;12m┌───────────────────────────────────────────────────────────────────────────────────────────────────────────────────────[0m
[38;5;12m│ #0   LoggerService.info (package:corejourney/core/logging/logger_service.dart:113:13)[0m
[38;5;12m│ #1   main.<anonymous closure>.<anonymous closure>.<anonymous closure>.<anonymous closure> (file:///Users/alexandermessinger/dev/claudvibes/reflexjourney/test/core/logging/logger_service_test.dart:70:24)[0m
[38;5;12m├┄┄┄┄┄┄┄┄┄┄┄┄┄┄┄┄┄┄┄┄┄┄┄┄┄┄┄┄┄┄┄┄┄┄┄┄┄┄┄┄┄┄┄┄┄┄┄┄┄┄┄┄┄┄┄┄┄┄┄┄┄┄┄┄┄┄┄┄┄┄┄┄┄┄┄┄┄┄┄┄┄┄┄┄┄┄┄┄┄┄┄┄┄┄┄┄┄┄┄┄┄┄┄┄┄┄┄┄┄┄┄┄┄┄┄┄┄┄┄[0m
[38;5;12m│ 15:13:27.242 (+0:00:00.039609)[0m
[38;5;12m├┄┄┄┄┄┄┄┄┄┄┄┄┄┄┄┄┄┄┄┄┄┄┄┄┄┄┄┄┄┄┄┄┄┄┄┄┄┄┄┄┄┄┄┄┄┄┄┄┄┄┄┄┄┄┄┄┄┄┄┄┄┄┄┄┄┄┄┄┄┄┄┄┄┄┄┄┄┄┄┄┄┄┄┄┄┄┄┄┄┄┄┄┄┄┄┄┄┄┄┄┄┄┄┄┄┄┄┄┄┄┄┄┄┄┄┄┄┄┄[0m
[38;5;12m│ 💡 User action | action=button_click, screen=home, timestamp=2026-09-05T15:13:27.241667[0m
[38;5;12m└───────────────────────────────────────────────────────────────────────────────────────────────────────────────────────[0m
00:15 +147: /Users/alexandermessinger/dev/claudvibes/reflexjourney/test/core/logging/logger_service_test.dart: LoggerService Development Environment formats message with structured data              00:15 +147: /Users/alexandermessinger/dev/claudvibes/reflexjourney/test/core/logging/logger_service_test.dart: LoggerService Production Environment should not log debug in production                 00:15 +148: /Users/alexandermessinger/dev/claudvibes/reflexjourney/test/core/logging/logger_service_test.dart: LoggerService Production Environment should not log debug in production                 00:15 +148: /Users/alexandermessinger/dev/claudvibes/reflexjourney/test/core/logging/logger_service_test.dart: LoggerService Production Environment should not log info in production                  00:15 +149: /Users/alexandermessinger/dev/claudvibes/reflexjourney/test/core/logging/logger_service_test.dart: LoggerService Production Environment should not log info in production                  00:15 +149: /Users/alexandermessinger/dev/claudvibes/reflexjourney/test/core/logging/logger_service_test.dart: LoggerService Production Environment should log error in production                     00:15 +149: /Users/alexandermessinger/dev/claudvibes/reflexjourney/test/core/logging/logger_service_test.dart: LoggerService Production Environment should log error in production                     
[E]  Important error
00:15 +150: /Users/alexandermessinger/dev/claudvibes/reflexjourney/test/core/logging/logger_service_test.dart: LoggerService Production Environment should log error in production                     00:15 +150: /Users/alexandermessinger/dev/claudvibes/reflexjourney/test/core/logging/logger_service_test.dart: LoggerService Production Environment should always log fatal errors                     00:15 +150: /Users/alexandermessinger/dev/claudvibes/reflexjourney/test/core/logging/logger_service_test.dart: LoggerService Production Environment should always log fatal errors                     
[FATAL]  Fatal error  ERROR: critical
[Error Report] Fatal error: critical
00:15 +151: /Users/alexandermessinger/dev/claudvibes/reflexjourney/test/core/logging/logger_service_test.dart: LoggerService Production Environment should always log fatal errors                     00:15 +151: /Users/alexandermessinger/dev/claudvibes/reflexjourney/test/core/logging/logger_service_test.dart: LoggerService Scoped Logger creates scoped logger with tag                              00:15 +151: /Users/alexandermessinger/dev/claudvibes/reflexjourney/test/core/logging/logger_service_test.dart: LoggerService Scoped Logger creates scoped logger with tag                              
[38;5;12m┌───────────────────────────────────────────────────────────────────────────────────────────────────────────────────────[0m
[38;5;12m│ #0   LoggerService.info (package:corejourney/core/logging/logger_service.dart:113:13)[0m
[38;5;12m│ #1   ScopedLogger.info (package:corejourney/core/logging/logger_service.dart:236:13)[0m
[38;5;12m├┄┄┄┄┄┄┄┄┄┄┄┄┄┄┄┄┄┄┄┄┄┄┄┄┄┄┄┄┄┄┄┄┄┄┄┄┄┄┄┄┄┄┄┄┄┄┄┄┄┄┄┄┄┄┄┄┄┄┄┄┄┄┄┄┄┄┄┄┄┄┄┄┄┄┄┄┄┄┄┄┄┄┄┄┄┄┄┄┄┄┄┄┄┄┄┄┄┄┄┄┄┄┄┄┄┄┄┄┄┄┄┄┄┄┄┄┄┄┄[0m
[38;5;12m│ 15:13:27.256 (+0:00:00.054458)[0m
[38;5;12m├┄┄┄┄┄┄┄┄┄┄┄┄┄┄┄┄┄┄┄┄┄┄┄┄┄┄┄┄┄┄┄┄┄┄┄┄┄┄┄┄┄┄┄┄┄┄┄┄┄┄┄┄┄┄┄┄┄┄┄┄┄┄┄┄┄┄┄┄┄┄┄┄┄┄┄┄┄┄┄┄┄┄┄┄┄┄┄┄┄┄┄┄┄┄┄┄┄┄┄┄┄┄┄┄┄┄┄┄┄┄┄┄┄┄┄┄┄┄┄[0m
[38;5;12m│ 💡 [TestScope] Test message[0m
[38;5;12m└───────────────────────────────────────────────────────────────────────────────────────────────────────────────────────[0m
00:15 +152: /Users/alexandermessinger/dev/claudvibes/reflexjourney/test/core/logging/logger_service_test.dart: LoggerService Scoped Logger creates scoped logger with tag                              00:15 +152: /Users/alexandermessinger/dev/claudvibes/reflexjourney/test/core/logging/logger_service_test.dart: LoggerService Scoped Logger scoped logger includes tag in messages                      00:15 +152: /Users/alexandermessinger/dev/claudvibes/reflexjourney/test/core/logging/logger_service_test.dart: LoggerService Scoped Logger scoped logger includes tag in messages                      
┌───────────────────────────────────────────────────────────────────────────────────────────────────────────────────────
│ #0   LoggerService.debug (package:corejourney/core/logging/logger_service.dart:97:13)
│ #1   ScopedLogger.debug (package:corejourney/core/logging/logger_service.dart:230:13)
├┄┄┄┄┄┄┄┄┄┄┄┄┄┄┄┄┄┄┄┄┄┄┄┄┄┄┄┄┄┄┄┄┄┄┄┄┄┄┄┄┄┄┄┄┄┄┄┄┄┄┄┄┄┄┄┄┄┄┄┄┄┄┄┄┄┄┄┄┄┄┄┄┄┄┄┄┄┄┄┄┄┄┄┄┄┄┄┄┄┄┄┄┄┄┄┄┄┄┄┄┄┄┄┄┄┄┄┄┄┄┄┄┄┄┄┄┄┄┄
│ 15:13:27.260 (+0:00:00.058188)
├┄┄┄┄┄┄┄┄┄┄┄┄┄┄┄┄┄┄┄┄┄┄┄┄┄┄┄┄┄┄┄┄┄┄┄┄┄┄┄┄┄┄┄┄┄┄┄┄┄┄┄┄┄┄┄┄┄┄┄┄┄┄┄┄┄┄┄┄┄┄┄┄┄┄┄┄┄┄┄┄┄┄┄┄┄┄┄┄┄┄┄┄┄┄┄┄┄┄┄┄┄┄┄┄┄┄┄┄┄┄┄┄┄┄┄┄┄┄┄
│ 🐛 [Authentication] Login attempted | userId=123
└───────────────────────────────────────────────────────────────────────────────────────────────────────────────────────
00:15 +153: /Users/alexandermessinger/dev/claudvibes/reflexjourney/test/core/logging/logger_service_test.dart: LoggerService Scoped Logger scoped logger includes tag in messages                      00:15 +153: /Users/alexandermessinger/dev/claudvibes/reflexjourney/test/core/logging/logger_service_test.dart: LoggerService Convenience Methods logAction formats user actions correctly              00:15 +153: /Users/alexandermessinger/dev/claudvibes/reflexjourney/test/core/logging/logger_service_test.dart: LoggerService Convenience Methods logAction formats user actions correctly              
[38;5;12m┌───────────────────────────────────────────────────────────────────────────────────────────────────────────────────────[0m
[38;5;12m│ #0   LoggerService.info (package:corejourney/core/logging/logger_service.dart:113:13)[0m
[38;5;12m│ #1   LoggerService.logAction (package:corejourney/core/logging/logger_service.dart:207:5)[0m
[38;5;12m├┄┄┄┄┄┄┄┄┄┄┄┄┄┄┄┄┄┄┄┄┄┄┄┄┄┄┄┄┄┄┄┄┄┄┄┄┄┄┄┄┄┄┄┄┄┄┄┄┄┄┄┄┄┄┄┄┄┄┄┄┄┄┄┄┄┄┄┄┄┄┄┄┄┄┄┄┄┄┄┄┄┄┄┄┄┄┄┄┄┄┄┄┄┄┄┄┄┄┄┄┄┄┄┄┄┄┄┄┄┄┄┄┄┄┄┄┄┄┄[0m
[38;5;12m│ 15:13:27.263 (+0:00:00.061384)[0m
[38;5;12m├┄┄┄┄┄┄┄┄┄┄┄┄┄┄┄┄┄┄┄┄┄┄┄┄┄┄┄┄┄┄┄┄┄┄┄┄┄┄┄┄┄┄┄┄┄┄┄┄┄┄┄┄┄┄┄┄┄┄┄┄┄┄┄┄┄┄┄┄┄┄┄┄┄┄┄┄┄┄┄┄┄┄┄┄┄┄┄┄┄┄┄┄┄┄┄┄┄┄┄┄┄┄┄┄┄┄┄┄┄┄┄┄┄┄┄┄┄┄┄[0m
[38;5;12m│ 💡 User action: button_click | button=submit, screen=login[0m
[38;5;12m└───────────────────────────────────────────────────────────────────────────────────────────────────────────────────────[0m
00:15 +154: /Users/alexandermessinger/dev/claudvibes/reflexjourney/test/core/logging/logger_service_test.dart: LoggerService Convenience Methods logAction formats user actions correctly              00:15 +154: /Users/alexandermessinger/dev/claudvibes/reflexjourney/test/core/logging/logger_service_test.dart: LoggerService Convenience Methods logScreen logs screen views                           00:15 +154: /Users/alexandermessinger/dev/claudvibes/reflexjourney/test/core/logging/logger_service_test.dart: LoggerService Convenience Methods logScreen logs screen views                           
┌───────────────────────────────────────────────────────────────────────────────────────────────────────────────────────
│ #0   LoggerService.debug (package:corejourney/core/logging/logger_service.dart:97:13)
│ #1   LoggerService.logScreen (package:corejourney/core/logging/logger_service.dart:212:5)
├┄┄┄┄┄┄┄┄┄┄┄┄┄┄┄┄┄┄┄┄┄┄┄┄┄┄┄┄┄┄┄┄┄┄┄┄┄┄┄┄┄┄┄┄┄┄┄┄┄┄┄┄┄┄┄┄┄┄┄┄┄┄┄┄┄┄┄┄┄┄┄┄┄┄┄┄┄┄┄┄┄┄┄┄┄┄┄┄┄┄┄┄┄┄┄┄┄┄┄┄┄┄┄┄┄┄┄┄┄┄┄┄┄┄┄┄┄┄┄
│ 15:13:27.267 (+0:00:00.064576)
├┄┄┄┄┄┄┄┄┄┄┄┄┄┄┄┄┄┄┄┄┄┄┄┄┄┄┄┄┄┄┄┄┄┄┄┄┄┄┄┄┄┄┄┄┄┄┄┄┄┄┄┄┄┄┄┄┄┄┄┄┄┄┄┄┄┄┄┄┄┄┄┄┄┄┄┄┄┄┄┄┄┄┄┄┄┄┄┄┄┄┄┄┄┄┄┄┄┄┄┄┄┄┄┄┄┄┄┄┄┄┄┄┄┄┄┄┄┄┄
│ 🐛 Screen view: HomeScreen | source=navigation
└───────────────────────────────────────────────────────────────────────────────────────────────────────────────────────
00:15 +155: /Users/alexandermessinger/dev/claudvibes/reflexjourney/test/core/logging/logger_service_test.dart: LoggerService Convenience Methods logScreen logs screen views                           00:15 +155: /Users/alexandermessinger/dev/claudvibes/reflexjourney/test/core/logging/logger_service_test.dart: LoggerService Error Handling handles null error gracefully                              00:15 +155: /Users/alexandermessinger/dev/claudvibes/reflexjourney/test/core/logging/logger_service_test.dart: LoggerService Error Handling handles null error gracefully                              
[38;5;196m┌───────────────────────────────────────────────────────────────────────────────────────────────────────────────────────[0m
[38;5;196m│ #0   LoggerService.error (package:corejourney/core/logging/logger_service.dart:145:13)[0m
[38;5;196m│ #1   main.<anonymous closure>.<anonymous closure>.<anonymous closure>.<anonymous closure> (file:///Users/alexandermessinger/dev/claudvibes/reflexjourney/test/core/logging/logger_service_test.dart:168:24)[0m
[38;5;196m├┄┄┄┄┄┄┄┄┄┄┄┄┄┄┄┄┄┄┄┄┄┄┄┄┄┄┄┄┄┄┄┄┄┄┄┄┄┄┄┄┄┄┄┄┄┄┄┄┄┄┄┄┄┄┄┄┄┄┄┄┄┄┄┄┄┄┄┄┄┄┄┄┄┄┄┄┄┄┄┄┄┄┄┄┄┄┄┄┄┄┄┄┄┄┄┄┄┄┄┄┄┄┄┄┄┄┄┄┄┄┄┄┄┄┄┄┄┄┄[0m
[38;5;196m│ 15:13:27.269 (+0:00:00.067394)[0m
[38;5;196m├┄┄┄┄┄┄┄┄┄┄┄┄┄┄┄┄┄┄┄┄┄┄┄┄┄┄┄┄┄┄┄┄┄┄┄┄┄┄┄┄┄┄┄┄┄┄┄┄┄┄┄┄┄┄┄┄┄┄┄┄┄┄┄┄┄┄┄┄┄┄┄┄┄┄┄┄┄┄┄┄┄┄┄┄┄┄┄┄┄┄┄┄┄┄┄┄┄┄┄┄┄┄┄┄┄┄┄┄┄┄┄┄┄┄┄┄┄┄┄[0m
[38;5;196m│ ⛔ Error without exception[0m
[38;5;196m└───────────────────────────────────────────────────────────────────────────────────────────────────────────────────────[0m
00:15 +156: /Users/alexandermessinger/dev/claudvibes/reflexjourney/test/core/logging/logger_service_test.dart: LoggerService Error Handling handles null error gracefully                              00:15 +156: /Users/alexandermessinger/dev/claudvibes/reflexjourney/test/core/logging/logger_service_test.dart: LoggerService Error Handling handles null stack trace                                   00:15 +156: /Users/alexandermessinger/dev/claudvibes/reflexjourney/test/core/logging/logger_service_test.dart: LoggerService Error Handling handles null stack trace                                   
[38;5;196m┌───────────────────────────────────────────────────────────────────────────────────────────────────────────────────────[0m
[38;5;196m│ test[0m
[38;5;196m├┄┄┄┄┄┄┄┄┄┄┄┄┄┄┄┄┄┄┄┄┄┄┄┄┄┄┄┄┄┄┄┄┄┄┄┄┄┄┄┄┄┄┄┄┄┄┄┄┄┄┄┄┄┄┄┄┄┄┄┄┄┄┄┄┄┄┄┄┄┄┄┄┄┄┄┄┄┄┄┄┄┄┄┄┄┄┄┄┄┄┄┄┄┄┄┄┄┄┄┄┄┄┄┄┄┄┄┄┄┄┄┄┄┄┄┄┄┄┄[0m
[38;5;196m│ #0   LoggerService.error (package:corejourney/core/logging/logger_service.dart:145:13)[0m
[38;5;196m│ #1   main.<anonymous closure>.<anonymous closure>.<anonymous closure>.<anonymous closure> (file:///Users/alexandermessinger/dev/claudvibes/reflexjourney/test/core/logging/logger_service_test.dart:175:24)[0m
[38;5;196m│ #2   _ReturnsNormally.typedMatches (package:matcher/src/core_matchers.dart:153:8)[0m
[38;5;196m│ #3   FeatureMatcher.matches (package:matcher/src/feature_matcher.dart:16:42)[0m
[38;5;196m│ #4   _expect (package:matcher/src/expect/expect.dart:138:30)[0m
[38;5;196m│ #5   expect (package:matcher/src/expect/expect.dart:56:3)[0m
[38;5;196m│ #6   expect (package:flutter_test/src/widget_tester.dart:473:18)[0m
[38;5;196m│ #7   main.<anonymous closure>.<anonymous closure>.<anonymous closure> (file:///Users/alexandermessinger/dev/claudvibes/reflexjourney/test/core/logging/logger_service_test.dart:174:9)[0m
[38;5;196m├┄┄┄┄┄┄┄┄┄┄┄┄┄┄┄┄┄┄┄┄┄┄┄┄┄┄┄┄┄┄┄┄┄┄┄┄┄┄┄┄┄┄┄┄┄┄┄┄┄┄┄┄┄┄┄┄┄┄┄┄┄┄┄┄┄┄┄┄┄┄┄┄┄┄┄┄┄┄┄┄┄┄┄┄┄┄┄┄┄┄┄┄┄┄┄┄┄┄┄┄┄┄┄┄┄┄┄┄┄┄┄┄┄┄┄┄┄┄┄[0m
[38;5;196m│ 15:13:27.273 (+0:00:00.070602)[0m
[38;5;196m├┄┄┄┄┄┄┄┄┄┄┄┄┄┄┄┄┄┄┄┄┄┄┄┄┄┄┄┄┄┄┄┄┄┄┄┄┄┄┄┄┄┄┄┄┄┄┄┄┄┄┄┄┄┄┄┄┄┄┄┄┄┄┄┄┄┄┄┄┄┄┄┄┄┄┄┄┄┄┄┄┄┄┄┄┄┄┄┄┄┄┄┄┄┄┄┄┄┄┄┄┄┄┄┄┄┄┄┄┄┄┄┄┄┄┄┄┄┄┄[0m
[38;5;196m│ ⛔ Error[0m
[38;5;196m└───────────────────────────────────────────────────────────────────────────────────────────────────────────────────────[0m
00:15 +157: /Users/alexandermessinger/dev/claudvibes/reflexjourney/test/core/logging/logger_service_test.dart: LoggerService Error Handling handles null stack trace                                   00:15 +157: /Users/alexandermessinger/dev/claudvibes/reflexjourney/test/core/logging/logger_service_test.dart: LoggerService Error Handling handles empty structured data                              00:15 +157: /Users/alexandermessinger/dev/claudvibes/reflexjourney/test/core/logging/logger_service_test.dart: LoggerService Error Handling handles empty structured data                              
[38;5;12m┌───────────────────────────────────────────────────────────────────────────────────────────────────────────────────────[0m
[38;5;12m│ #0   LoggerService.info (package:corejourney/core/logging/logger_service.dart:113:13)[0m
[38;5;12m│ #1   main.<anonymous closure>.<anonymous closure>.<anonymous closure>.<anonymous closure> (file:///Users/alexandermessinger/dev/claudvibes/reflexjourney/test/core/logging/logger_service_test.dart:182:24)[0m
[38;5;12m├┄┄┄┄┄┄┄┄┄┄┄┄┄┄┄┄┄┄┄┄┄┄┄┄┄┄┄┄┄┄┄┄┄┄┄┄┄┄┄┄┄┄┄┄┄┄┄┄┄┄┄┄┄┄┄┄┄┄┄┄┄┄┄┄┄┄┄┄┄┄┄┄┄┄┄┄┄┄┄┄┄┄┄┄┄┄┄┄┄┄┄┄┄┄┄┄┄┄┄┄┄┄┄┄┄┄┄┄┄┄┄┄┄┄┄┄┄┄┄[0m
[38;5;12m│ 15:13:27.278 (+0:00:00.076113)[0m
[38;5;12m├┄┄┄┄┄┄┄┄┄┄┄┄┄┄┄┄┄┄┄┄┄┄┄┄┄┄┄┄┄┄┄┄┄┄┄┄┄┄┄┄┄┄┄┄┄┄┄┄┄┄┄┄┄┄┄┄┄┄┄┄┄┄┄┄┄┄┄┄┄┄┄┄┄┄┄┄┄┄┄┄┄┄┄┄┄┄┄┄┄┄┄┄┄┄┄┄┄┄┄┄┄┄┄┄┄┄┄┄┄┄┄┄┄┄┄┄┄┄┄[0m
[38;5;12m│ 💡 Message[0m
[38;5;12m└───────────────────────────────────────────────────────────────────────────────────────────────────────────────────────[0m
00:15 +158: /Users/alexandermessinger/dev/claudvibes/reflexjourney/test/core/logging/logger_service_test.dart: LoggerService Error Handling handles empty structured data                              00:15 +158: loading /Users/alexandermessinger/dev/claudvibes/reflexjourney/test/core/notifications/streak_notification_test.dart                                                                       00:15 +158: /Users/alexandermessinger/dev/claudvibes/reflexjourney/test/core/notifications/streak_notification_test.dart: plans one notice per day for the coming week                                 00:15 +159: /Users/alexandermessinger/dev/claudvibes/reflexjourney/test/core/notifications/streak_notification_test.dart: plans one notice per day for the coming week                                 00:15 +159: /Users/alexandermessinger/dev/claudvibes/reflexjourney/test/core/notifications/streak_notification_test.dart: skips today once the day is done                                             00:15 +160: /Users/alexandermessinger/dev/claudvibes/reflexjourney/test/core/notifications/streak_notification_test.dart: skips today once the day is done                                             00:15 +160: /Users/alexandermessinger/dev/claudvibes/reflexjourney/test/core/notifications/streak_notification_test.dart: skips today when the slot has already passed                                 00:15 +161: /Users/alexandermessinger/dev/claudvibes/reflexjourney/test/core/notifications/streak_notification_test.dart: skips today when the slot has already passed                                 00:15 +161: loading /Users/alexandermessinger/dev/claudvibes/reflexjourney/test/core/reminders/device_timezone_provider_test.dart                                                                      00:15 +161: /Users/alexandermessinger/dev/claudvibes/reflexjourney/test/core/reminders/device_timezone_provider_test.dart: returns IANA timezone from resolver                                         00:15 +162: /Users/alexandermessinger/dev/claudvibes/reflexjourney/test/core/reminders/device_timezone_provider_test.dart: returns IANA timezone from resolver                                         00:15 +162: /Users/alexandermessinger/dev/claudvibes/reflexjourney/test/core/reminders/device_timezone_provider_test.dart: rejects non-IANA timezone abbreviation                                      00:15 +163: /Users/alexandermessinger/dev/claudvibes/reflexjourney/test/core/reminders/device_timezone_provider_test.dart: rejects non-IANA timezone abbreviation                                      00:15 +163: /Users/alexandermessinger/dev/claudvibes/reflexjourney/test/core/reminders/device_timezone_provider_test.dart: markSyncedIfChanged writes only when changed                                00:15 +164: /Users/alexandermessinger/dev/claudvibes/reflexjourney/test/core/reminders/device_timezone_provider_test.dart: markSyncedIfChanged writes only when changed                                00:15 +164: loading /Users/alexandermessinger/dev/claudvibes/reflexjourney/test/core/services/notification_service_test.dart                                                                           00:15 +164: /Users/alexandermessinger/dev/claudvibes/reflexjourney/test/core/services/notification_service_test.dart: ... quiet hours overlap does not block non-overlapping daytime window            00:15 +165: /Users/alexandermessinger/dev/claudvibes/reflexjourney/test/core/reminders/reminder_preferences_repository_test.dart: maps local reminder window to server quiet hours                     00:15 +166: /Users/alexandermessinger/dev/claudvibes/reflexjourney/test/core/reminders/reminder_preferences_repository_test.dart: maps local reminder window to server quiet hours                     00:15 +167: /Users/alexandermessinger/dev/claudvibes/reflexjourney/test/core/reminders/reminder_preferences_repository_test.dart: maps local reminder window to server quiet hours                     00:15 +168: /Users/alexandermessinger/dev/claudvibes/reflexjourney/test/core/reminders/reminder_preferences_repository_test.dart: maps local reminder window to server quiet hours                     00:15 +169: /Users/alexandermessinger/dev/claudvibes/reflexjourney/test/core/reminders/reminder_preferences_repository_test.dart: maps local reminder window to server quiet hours                     00:15 +170: /Users/alexandermessinger/dev/claudvibes/reflexjourney/test/core/reminders/reminder_preferences_repository_test.dart: maps local reminder window to server quiet hours                     00:15 +171: /Users/alexandermessinger/dev/claudvibes/reflexjourney/test/core/reminders/reminder_preferences_repository_test.dart: maps local reminder window to server quiet hours                     00:15 +172: /Users/alexandermessinger/dev/claudvibes/reflexjourney/test/core/reminders/reminder_preferences_repository_test.dart: maps local reminder window to server quiet hours                     00:15 +173: /Users/alexandermessinger/dev/claudvibes/reflexjourney/test/core/reminders/reminder_preferences_repository_test.dart: maps local reminder window to server quiet hours                     00:15 +173: /Users/alexandermessinger/dev/claudvibes/reflexjourney/test/core/reminders/reminder_preferences_repository_test.dart: does not write server_reminders_enabled                              00:15 +174: /Users/alexandermessinger/dev/claudvibes/reflexjourney/test/core/reminders/reminder_preferences_repository_test.dart: does not write server_reminders_enabled                              00:15 +174: /Users/alexandermessinger/dev/claudvibes/reflexjourney/test/core/reminders/reminder_preferences_repository_test.dart: weekly goal source is default when user has not saved weekly goal    00:15 +175: /Users/alexandermessinger/dev/claudvibes/reflexjourney/test/core/reminders/reminder_preferences_repository_test.dart: weekly goal source is default when user has not saved weekly goal    00:16 +175: /Users/alexandermessinger/dev/claudvibes/reflexjourney/test/core/reminders/reminder_preferences_repository_test.dart: weekly goal source is default when user has not saved weekly goal    00:16 +175: loading /Users/alexandermessinger/dev/claudvibes/reflexjourney/test/evidence/streak_evidence_test.dart                                                                                     00:16 +175: /Users/alexandermessinger/dev/claudvibes/reflexjourney/test/evidence/streak_evidence_test.dart: (setUpAll)                                                                                 00:16 +175: /Users/alexandermessinger/dev/claudvibes/reflexjourney/test/evidence/streak_evidence_test.dart: capture streak evidence screenshots                                                        00:16 +176: /Users/alexandermessinger/dev/claudvibes/reflexjourney/test/evidence/streak_evidence_test.dart: capture streak evidence screenshots                                                        00:16 +177: /Users/alexandermessinger/dev/claudvibes/reflexjourney/test/evidence/streak_evidence_test.dart: capture streak evidence screenshots                                                        00:16 +178: /Users/alexandermessinger/dev/claudvibes/reflexjourney/test/evidence/streak_evidence_test.dart: capture streak evidence screenshots                                                        00:17 +178: /Users/alexandermessinger/dev/claudvibes/reflexjourney/test/evidence/streak_evidence_test.dart: capture streak evidence screenshots                                                        00:17 +179: /Users/alexandermessinger/dev/claudvibes/reflexjourney/test/evidence/i18n_en_evidence_test.dart: first launch: choosing English before login previews, persists, and routes                00:17 +180: /Users/alexandermessinger/dev/claudvibes/reflexjourney/test/evidence/i18n_en_evidence_test.dart: first launch: choosing English before login previews, persists, and routes                00:17 +181: /Users/alexandermessinger/dev/claudvibes/reflexjourney/test/evidence/i18n_en_evidence_test.dart: first launch: choosing English before login previews, persists, and routes                00:17 +182: /Users/alexandermessinger/dev/claudvibes/reflexjourney/test/evidence/i18n_en_evidence_test.dart: first launch: choosing English before login previews, persists, and routes                00:17 +183: /Users/alexandermessinger/dev/claudvibes/reflexjourney/test/evidence/i18n_en_evidence_test.dart: first launch: choosing English before login previews, persists, and routes                00:17 +184: /Users/alexandermessinger/dev/claudvibes/reflexjourney/test/evidence/i18n_en_evidence_test.dart: first launch: choosing English before login previews, persists, and routes                00:17 +185: /Users/alexandermessinger/dev/claudvibes/reflexjourney/test/evidence/adult_reflexprofil_evidence_test.dart: capture adult reflexprofil evidence screenshots                                00:18 +185: /Users/alexandermessinger/dev/claudvibes/reflexjourney/test/evidence/adult_reflexprofil_evidence_test.dart: capture adult reflexprofil evidence screenshots                                00:18 +186: /Users/alexandermessinger/dev/claudvibes/reflexjourney/test/evidence/adult_reflexprofil_evidence_test.dart: capture adult reflexprofil evidence screenshots                                00:18 +187: /Users/alexandermessinger/dev/claudvibes/reflexjourney/test/evidence/adult_reflexprofil_evidence_test.dart: capture adult reflexprofil evidence screenshots                                00:18 +188: /Users/alexandermessinger/dev/claudvibes/reflexjourney/test/evidence/adult_reflexprofil_evidence_test.dart: capture adult reflexprofil evidence screenshots                                00:18 +189: /Users/alexandermessinger/dev/claudvibes/reflexjourney/test/evidence/adult_reflexprofil_evidence_test.dart: capture adult reflexprofil evidence screenshots                                00:18 +190: /Users/alexandermessinger/dev/claudvibes/reflexjourney/test/evidence/i18n_en_evidence_test.dart: representative dashboard renders deterministic English state                              00:18 +191: /Users/alexandermessinger/dev/claudvibes/reflexjourney/test/evidence/adult_reflexprofil_evidence_test.dart: (tearDownAll)                                                                  00:18 +191: /Users/alexandermessinger/dev/claudvibes/reflexjourney/test/evidence/i18n_en_evidence_test.dart: representative training intro renders English without overflow                            00:18 +192: /Users/alexandermessinger/dev/claudvibes/reflexjourney/test/evidence/i18n_en_evidence_test.dart: representative training intro renders English without overflow                            00:18 +193: /Users/alexandermessinger/dev/claudvibes/reflexjourney/test/evidence/i18n_en_evidence_test.dart: representative training intro renders English without overflow                            00:18 +194: /Users/alexandermessinger/dev/claudvibes/reflexjourney/test/evidence/i18n_en_evidence_test.dart: representative training intro renders English without overflow                            00:19 +194: /Users/alexandermessinger/dev/claudvibes/reflexjourney/test/evidence/i18n_en_evidence_test.dart: representative training intro renders English without overflow                            00:19 +195: /Users/alexandermessinger/dev/claudvibes/reflexjourney/test/features/settings/language_selection_screen_test.dart: previews English before login without saving prematurely                00:19 +196: /Users/alexandermessinger/dev/claudvibes/reflexjourney/test/features/settings/language_selection_screen_test.dart: previews English before login without saving prematurely                00:19 +197: /Users/alexandermessinger/dev/claudvibes/reflexjourney/test/features/settings/language_selection_screen_test.dart: previews English before login without saving prematurely                00:19 +198: /Users/alexandermessinger/dev/claudvibes/reflexjourney/test/features/settings/language_selection_screen_test.dart: previews English before login without saving prematurely                00:19 +199: /Users/alexandermessinger/dev/claudvibes/reflexjourney/test/features/settings/language_selection_screen_test.dart: previews English before login without saving prematurely                00:19 +200: /Users/alexandermessinger/dev/claudvibes/reflexjourney/test/features/settings/language_selection_screen_test.dart: previews English before login without saving prematurely                00:19 +201: /Users/alexandermessinger/dev/claudvibes/reflexjourney/test/features/settings/language_selection_screen_test.dart: previews English before login without saving prematurely                00:19 +202: /Users/alexandermessinger/dev/claudvibes/reflexjourney/test/features/settings/language_selection_screen_test.dart: previews English before login without saving prematurely                00:19 +202: /Users/alexandermessinger/dev/claudvibes/reflexjourney/test/features/settings/language_selection_screen_test.dart: renders one button per registry entry                                   00:19 +203: /Users/alexandermessinger/dev/claudvibes/reflexjourney/test/features/settings/language_selection_screen_test.dart: renders one button per registry entry                                   00:19 +203: loading /Users/alexandermessinger/dev/claudvibes/reflexjourney/test/features/progress/packages_journal_golden_localization_test.dart                                                       00:19 +203: /Users/alexandermessinger/dev/claudvibes/reflexjourney/test/features/progress/packages_journal_golden_localization_test.dart: (setUpAll)                                                   00:19 +203: /Users/alexandermessinger/dev/claudvibes/reflexjourney/test/features/progress/packages_journal_golden_localization_test.dart: ... source copy stays exact and English uses approved terms  00:19 +204: /Users/alexandermessinger/dev/claudvibes/reflexjourney/test/features/progress/packages_journal_golden_localization_test.dart: ... source copy stays exact and English uses approved terms  00:19 +204: /Users/alexandermessinger/dev/claudvibes/reflexjourney/test/features/progress/packages_journal_golden_localization_test.dart: journal time keeps German HH:mm and follows en-US conventions00:19 +205: /Users/alexandermessinger/dev/claudvibes/reflexjourney/test/features/progress/packages_journal_golden_localization_test.dart: journal time keeps German HH:mm and follows en-US conventions00:19 +205: /Users/alexandermessinger/dev/claudvibes/reflexjourney/test/features/progress/packages_journal_golden_localization_test.dart: Golden Day renders English and preserves German copy         00:20 +205: /Users/alexandermessinger/dev/claudvibes/reflexjourney/test/features/progress/packages_journal_golden_localization_test.dart: Golden Day renders English and preserves German copy         00:20 +206: /Users/alexandermessinger/dev/claudvibes/reflexjourney/test/features/progress/packages_journal_golden_localization_test.dart: Golden Day renders English and preserves German copy         00:20 +207: /Users/alexandermessinger/dev/claudvibes/reflexjourney/test/features/progress/packages_journal_golden_localization_test.dart: Golden Day renders English and preserves German copy         00:20 +208: /Users/alexandermessinger/dev/claudvibes/reflexjourney/test/features/progress/packages_journal_golden_localization_test.dart: Golden Day renders English and preserves German copy         00:20 +209: /Users/alexandermessinger/dev/claudvibes/reflexjourney/test/features/progress/packages_journal_golden_localization_test.dart: Golden Day renders English and preserves German copy         00:20 +210: /Users/alexandermessinger/dev/claudvibes/reflexjourney/test/features/progress/packages_journal_golden_localization_test.dart: Golden Day renders English and preserves German copy         00:20 +211: /Users/alexandermessinger/dev/claudvibes/reflexjourney/test/features/progress/packages_journal_golden_localization_test.dart: Golden Day renders English and preserves German copy         00:20 +212: /Users/alexandermessinger/dev/claudvibes/reflexjourney/test/features/progress/packages_journal_golden_localization_test.dart: Golden Day renders English and preserves German copy         00:20 +213: /Users/alexandermessinger/dev/claudvibes/reflexjourney/test/features/progress/packages_journal_golden_localization_test.dart: Golden Day renders English and preserves German copy         00:20 +214: /Users/alexandermessinger/dev/claudvibes/reflexjourney/test/features/progress/packages_journal_golden_localization_test.dart: Golden Day renders English and preserves German copy         00:20 +215: /Users/alexandermessinger/dev/claudvibes/reflexjourney/test/features/progress/packages_journal_golden_localization_test.dart: Golden Day renders English and preserves German copy         00:20 +216: /Users/alexandermessinger/dev/claudvibes/reflexjourney/test/features/progress/packages_journal_golden_localization_test.dart: Golden Day renders English and preserves German copy         00:20 +217: /Users/alexandermessinger/dev/claudvibes/reflexjourney/test/features/progress/packages_journal_golden_localization_test.dart: Golden Day renders English and preserves German copy         00:20 +218: /Users/alexandermessinger/dev/claudvibes/reflexjourney/test/features/progress/packages_journal_golden_localization_test.dart: Golden Day renders English and preserves German copy         00:20 +219: /Users/alexandermessinger/dev/claudvibes/reflexjourney/test/features/progress/packages_journal_golden_localization_test.dart: Golden Day renders English and preserves German copy         00:20 +220: /Users/alexandermessinger/dev/claudvibes/reflexjourney/test/features/progress/packages_journal_golden_localization_test.dart: Golden Day renders English and preserves German copy         00:20 +221: /Users/alexandermessinger/dev/claudvibes/reflexjourney/test/features/progress/packages_journal_golden_localization_test.dart: Golden Day renders English and preserves German copy         00:20 +222: /Users/alexandermessinger/dev/claudvibes/reflexjourney/test/features/progress/packages_journal_golden_localization_test.dart: Golden Day renders English and preserves German copy         00:20 +223: /Users/alexandermessinger/dev/claudvibes/reflexjourney/test/features/progress/packages_journal_golden_localization_test.dart: Golden Day renders English and preserves German copy         00:20 +224: /Users/alexandermessinger/dev/claudvibes/reflexjourney/test/features/progress/packages_journal_golden_localization_test.dart: Golden Day renders English and preserves German copy         00:20 +225: /Users/alexandermessinger/dev/claudvibes/reflexjourney/test/features/progress/packages_journal_golden_localization_test.dart: Golden Day renders English and preserves German copy         00:20 +226: /Users/alexandermessinger/dev/claudvibes/reflexjourney/test/features/progress/packages_journal_golden_localization_test.dart: Golden Day renders English and preserves German copy         00:20 +227: /Users/alexandermessinger/dev/claudvibes/reflexjourney/test/features/progress/packages_journal_golden_localization_test.dart: Golden Day renders English and preserves German copy         00:20 +228: /Users/alexandermessinger/dev/claudvibes/reflexjourney/test/features/progress/packages_journal_golden_localization_test.dart: Golden Day renders English and preserves German copy         00:20 +229: /Users/alexandermessinger/dev/claudvibes/reflexjourney/test/features/progress/packages_journal_golden_localization_test.dart: Golden Day renders English and preserves German copy         00:20 +230: /Users/alexandermessinger/dev/claudvibes/reflexjourney/test/features/progress/packages_journal_golden_localization_test.dart: Golden Day renders English and preserves German copy         00:20 +231: /Users/alexandermessinger/dev/claudvibes/reflexjourney/test/features/progress/packages_journal_golden_localization_test.dart: Golden Day renders English and preserves German copy         00:20 +232: /Users/alexandermessinger/dev/claudvibes/reflexjourney/test/features/progress/packages_journal_golden_localization_test.dart: Golden Day renders English and preserves German copy         00:20 +233: /Users/alexandermessinger/dev/claudvibes/reflexjourney/test/features/progress/packages_journal_golden_localization_test.dart: Golden Day renders English and preserves German copy         00:20 +234: /Users/alexandermessinger/dev/claudvibes/reflexjourney/test/features/progress/packages_journal_golden_localization_test.dart: Golden Day renders English and preserves German copy         00:20 +235: /Users/alexandermessinger/dev/claudvibes/reflexjourney/test/features/progress/packages_journal_golden_localization_test.dart: Golden Day renders English and preserves German copy         00:20 +236: /Users/alexandermessinger/dev/claudvibes/reflexjourney/test/features/progress/packages_journal_golden_localization_test.dart: Golden Day renders English and preserves German copy         00:20 +237: /Users/alexandermessinger/dev/claudvibes/reflexjourney/test/features/progress/packages_journal_golden_localization_test.dart: Golden Day renders English and preserves German copy         00:20 +238: /Users/alexandermessinger/dev/claudvibes/reflexjourney/test/features/progress/packages_journal_golden_localization_test.dart: Golden Day renders English and preserves German copy         00:20 +239: /Users/alexandermessinger/dev/claudvibes/reflexjourney/test/features/progress/packages_journal_golden_localization_test.dart: Golden Day renders English and preserves German copy         00:20 +240: /Users/alexandermessinger/dev/claudvibes/reflexjourney/test/features/progress/packages_journal_golden_localization_test.dart: Golden Day renders English and preserves German copy         00:20 +241: /Users/alexandermessinger/dev/claudvibes/reflexjourney/test/features/progress/packages_journal_golden_localization_test.dart: Golden Day renders English and preserves German copy         00:20 +242: /Users/alexandermessinger/dev/claudvibes/reflexjourney/test/features/progress/packages_journal_golden_localization_test.dart: Golden Day renders English and preserves German copy         00:20 +242: /Users/alexandermessinger/dev/claudvibes/reflexjourney/test/features/progress/packages_journal_golden_localization_test.dart: (tearDownAll)                                                00:20 +242: loading /Users/alexandermessinger/dev/claudvibes/reflexjourney/test/features/progress/presentation/streak_row_test.dart                                                                    00:20 +242: /Users/alexandermessinger/dev/claudvibes/reflexjourney/test/features/progress/presentation/streak_row_test.dart: shows the streak length and the remaining credits                         00:21 +242: /Users/alexandermessinger/dev/claudvibes/reflexjourney/test/features/progress/presentation/streak_row_test.dart: shows the streak length and the remaining credits                         00:21 +243: /Users/alexandermessinger/dev/claudvibes/reflexjourney/test/features/progress/presentation/streak_row_test.dart: shows the streak length and the remaining credits                         00:21 +244: /Users/alexandermessinger/dev/claudvibes/reflexjourney/test/features/progress/presentation/streak_row_test.dart: shows the streak length and the remaining credits                         00:21 +245: /Users/alexandermessinger/dev/claudvibes/reflexjourney/test/features/progress/presentation/streak_provider_test.dart: mirrors the derived series into progress_entries                     00:21 +246: /Users/alexandermessinger/dev/claudvibes/reflexjourney/test/features/progress/presentation/streak_row_test.dart: marks trained, rescued and open days differently                          00:21 +247: /Users/alexandermessinger/dev/claudvibes/reflexjourney/test/features/progress/presentation/streak_row_test.dart: marks trained, rescued and open days differently                          00:21 +247: /Users/alexandermessinger/dev/claudvibes/reflexjourney/test/features/progress/presentation/streak_row_test.dart: shows the rescue notice only when a day was just rescued                  00:21 +248: /Users/alexandermessinger/dev/claudvibes/reflexjourney/test/features/progress/presentation/streak_row_test.dart: shows the rescue notice only when a day was just rescued                  00:21 +248: loading /Users/alexandermessinger/dev/claudvibes/reflexjourney/test/features/chat/dm_screen_test.dart                                                                                      00:21 +248: /Users/alexandermessinger/dev/claudvibes/reflexjourney/test/features/chat/dm_screen_test.dart: shows only direct channels, filters community out                                           00:21 +249: /Users/alexandermessinger/dev/claudvibes/reflexjourney/test/features/chat/dm_screen_test.dart: shows only direct channels, filters community out                                           00:21 +250: /Users/alexandermessinger/dev/claudvibes/reflexjourney/test/features/chat/dm_screen_test.dart: shows only direct channels, filters community out                                           00:21 +251: /Users/alexandermessinger/dev/claudvibes/reflexjourney/test/features/chat/dm_screen_test.dart: shows only direct channels, filters community out                                           00:21 +252: /Users/alexandermessinger/dev/claudvibes/reflexjourney/test/features/chat/dm_screen_test.dart: shows only direct channels, filters community out                                           00:21 +253: /Users/alexandermessinger/dev/claudvibes/reflexjourney/test/features/chat/dm_screen_test.dart: shows only direct channels, filters community out                                           00:21 +254: /Users/alexandermessinger/dev/claudvibes/reflexjourney/test/features/chat/dm_screen_test.dart: shows only direct channels, filters community out                                           00:21 +255: /Users/alexandermessinger/dev/claudvibes/reflexjourney/test/features/chat/dm_screen_test.dart: shows only direct channels, filters community out                                           00:21 +256: /Users/alexandermessinger/dev/claudvibes/reflexjourney/test/features/chat/dm_screen_test.dart: shows only direct channels, filters community out                                           00:21 +257: /Users/alexandermessinger/dev/claudvibes/reflexjourney/test/features/chat/dm_screen_test.dart: shows only direct channels, filters community out                                           00:21 +258: /Users/alexandermessinger/dev/claudvibes/reflexjourney/test/features/chat/dm_screen_test.dart: shows only direct channels, filters community out                                           00:21 +259: /Users/alexandermessinger/dev/claudvibes/reflexjourney/test/features/chat/dm_screen_test.dart: shows only direct channels, filters community out                                           00:22 +259: /Users/alexandermessinger/dev/claudvibes/reflexjourney/test/features/chat/dm_screen_test.dart: shows only direct channels, filters community out                                           00:22 +260: /Users/alexandermessinger/dev/claudvibes/reflexjourney/test/features/chat/dm_screen_test.dart: shows only direct channels, filters community out                                           00:22 +261: /Users/alexandermessinger/dev/claudvibes/reflexjourney/test/features/chat/dm_screen_test.dart: shows only direct channels, filters community out                                           00:22 +262: /Users/alexandermessinger/dev/claudvibes/reflexjourney/test/features/chat/dm_screen_test.dart: shows only direct channels, filters community out                                           00:22 +263: /Users/alexandermessinger/dev/claudvibes/reflexjourney/test/features/chat/dm_screen_test.dart: shows only direct channels, filters community out                                           00:22 +264: /Users/alexandermessinger/dev/claudvibes/reflexjourney/test/features/chat/dm_screen_test.dart: shows only direct channels, filters community out                                           00:22 +265: /Users/alexandermessinger/dev/claudvibes/reflexjourney/test/features/chat/dm_screen_test.dart: shows only direct channels, filters community out                                           00:22 +265: /Users/alexandermessinger/dev/claudvibes/reflexjourney/test/features/chat/dm_screen_test.dart: shows empty state when no direct channels                                                   00:22 +266: /Users/alexandermessinger/dev/claudvibes/reflexjourney/test/features/chat/dm_screen_test.dart: shows empty state when no direct channels                                                   00:22 +266: /Users/alexandermessinger/dev/claudvibes/reflexjourney/test/features/chat/dm_screen_test.dart: shows empty state when channel list is empty                                                00:22 +267: /Users/alexandermessinger/dev/claudvibes/reflexjourney/test/features/chat/dm_screen_test.dart: shows empty state when channel list is empty                                                00:22 +268: /Users/alexandermessinger/dev/claudvibes/reflexjourney/test/features/chat/chat_channel_screen_call_gate_test.dart: Practitioner-Chat rendert ohne Call-Button, Senden bleibt               00:23 +268: /Users/alexandermessinger/dev/claudvibes/reflexjourney/test/features/chat/chat_channel_screen_call_gate_test.dart: Practitioner-Chat rendert ohne Call-Button, Senden bleibt               00:23 +269: /Users/alexandermessinger/dev/claudvibes/reflexjourney/test/features/chat/chat_channel_screen_call_gate_test.dart: Practitioner-Chat rendert ohne Call-Button, Senden bleibt               00:23 +270: /Users/alexandermessinger/dev/claudvibes/reflexjourney/test/features/chat/chat_channel_screen_call_gate_test.dart: Practitioner-Chat rendert ohne Call-Button, Senden bleibt               00:23 +271: /Users/alexandermessinger/dev/claudvibes/reflexjourney/test/features/chat/chat_channel_screen_call_gate_test.dart: Practitioner-Chat rendert ohne Call-Button, Senden bleibt               00:23 +272: /Users/alexandermessinger/dev/claudvibes/reflexjourney/test/features/accompaniment/end_accompaniment_dialog_test.dart: names all three consequences before confirming                      00:23 +273: /Users/alexandermessinger/dev/claudvibes/reflexjourney/test/features/auth/login_screen_social_test.dart: shows Apple and Google sign-in buttons on sign-in mode                            00:23 +274: /Users/alexandermessinger/dev/claudvibes/reflexjourney/test/features/auth/login_screen_social_test.dart: shows Apple and Google sign-in buttons on sign-in mode                            00:23 +275: /Users/alexandermessinger/dev/claudvibes/reflexjourney/test/features/auth/login_screen_social_test.dart: shows Apple and Google sign-in buttons on sign-in mode                            00:23 +276: /Users/alexandermessinger/dev/claudvibes/reflexjourney/test/features/auth/login_screen_social_test.dart: shows Apple and Google sign-in buttons on sign-in mode                            00:23 +277: /Users/alexandermessinger/dev/claudvibes/reflexjourney/test/features/auth/login_screen_social_test.dart: shows Apple and Google sign-in buttons on sign-in mode                            00:23 +278: /Users/alexandermessinger/dev/claudvibes/reflexjourney/test/features/auth/login_screen_social_test.dart: shows Apple and Google sign-in buttons on sign-in mode                            00:23 +279: /Users/alexandermessinger/dev/claudvibes/reflexjourney/test/features/auth/login_screen_social_test.dart: shows Apple and Google sign-in buttons on sign-in mode                            00:23 +280: /Users/alexandermessinger/dev/claudvibes/reflexjourney/test/features/auth/login_screen_social_test.dart: shows Apple and Google sign-in buttons on sign-in mode                            00:23 +280: /Users/alexandermessinger/dev/claudvibes/reflexjourney/test/features/auth/login_screen_social_test.dart: hides social buttons on sign-up mode                                              00:24 +280: /Users/alexandermessinger/dev/claudvibes/reflexjourney/test/features/auth/login_screen_social_test.dart: hides social buttons on sign-up mode                                              00:24 +281: /Users/alexandermessinger/dev/claudvibes/reflexjourney/test/features/auth/login_screen_social_test.dart: hides social buttons on sign-up mode                                              00:24 +282: /Users/alexandermessinger/dev/claudvibes/reflexjourney/test/features/auth/login_screen_social_test.dart: hides social buttons on sign-up mode                                              00:24 +283: /Users/alexandermessinger/dev/claudvibes/reflexjourney/test/features/auth/login_screen_social_test.dart: hides social buttons on sign-up mode                                              00:24 +284: /Users/alexandermessinger/dev/claudvibes/reflexjourney/test/features/auth/login_screen_social_test.dart: hides social buttons on sign-up mode                                              00:24 +285: /Users/alexandermessinger/dev/claudvibes/reflexjourney/test/features/auth/login_screen_social_test.dart: hides social buttons on sign-up mode                                              00:24 +285: /Users/alexandermessinger/dev/claudvibes/reflexjourney/test/features/auth/login_screen_social_test.dart: (tearDownAll)                                                                     00:24 +285: loading /Users/alexandermessinger/dev/claudvibes/reflexjourney/test/features/training/metronome_service_test.dart                                                                          00:24 +285: /Users/alexandermessinger/dev/claudvibes/reflexjourney/test/features/training/metronome_service_test.dart: ... — holdRest emits beats 1..7 then allRepsComplete for 1-rep exercise         00:24 +286: /Users/alexandermessinger/dev/claudvibes/reflexjourney/test/features/training/metronome_service_test.dart: ... — holdRest emits beats 1..7 then allRepsComplete for 1-rep exercise         00:24 +286: /Users/alexandermessinger/dev/claudvibes/reflexjourney/test/features/training/metronome_service_test.dart: ... — holdRest emits repComplete between reps for multi-rep exercise            00:24 +287: /Users/alexandermessinger/dev/claudvibes/reflexjourney/test/features/training/metronome_service_test.dart: ... — holdRest emits repComplete between reps for multi-rep exercise            00:24 +287: /Users/alexandermessinger/dev/claudvibes/reflexjourney/test/features/training/metronome_service_test.dart: MetronomeService — holdRest dispose cancels running exercise                    00:24 +288: /Users/alexandermessinger/dev/claudvibes/reflexjourney/test/features/training/metronome_service_test.dart: MetronomeService — holdRest dispose cancels running exercise                    00:24 +288: /Users/alexandermessinger/dev/claudvibes/reflexjourney/test/features/training/metronome_service_test.dart: MetronomeService — phased emits phaseTransition between phases                  00:24 +289: /Users/alexandermessinger/dev/claudvibes/reflexjourney/test/features/training/metronome_service_test.dart: MetronomeService — phased emits phaseTransition between phases                  00:24 +289: loading /Users/alexandermessinger/dev/claudvibes/reflexjourney/test/features/training/rhythm_cue_player_test.dart                                                                          00:24 +289: /Users/alexandermessinger/dev/claudvibes/reflexjourney/test/features/training/rhythm_cue_player_test.dart: bundled rhythm cues are non-empty PCM mono WAV assets                           00:24 +290: /Users/alexandermessinger/dev/claudvibes/reflexjourney/test/features/training/rhythm_cue_player_test.dart: bundled rhythm cues are non-empty PCM mono WAV assets                           00:24 +290: /Users/alexandermessinger/dev/claudvibes/reflexjourney/test/features/training/rhythm_cue_player_test.dart: initialize preflights both assets and is idempotent                             00:24 +291: /Users/alexandermessinger/dev/claudvibes/reflexjourney/test/features/training/rhythm_cue_player_test.dart: initialize preflights both assets and is idempotent                             00:24 +291: /Users/alexandermessinger/dev/claudvibes/reflexjourney/test/features/training/rhythm_cue_player_test.dart: missing asset keeps the player gated and never initializes audio                00:24 +292: /Users/alexandermessinger/dev/claudvibes/reflexjourney/test/features/training/rhythm_cue_player_test.dart: missing asset keeps the player gated and never initializes audio                00:24 +292: /Users/alexandermessinger/dev/claudvibes/reflexjourney/test/features/training/rhythm_cue_player_test.dart: backend initialization failure is a closed preflight result                     00:24 +293: /Users/alexandermessinger/dev/claudvibes/reflexjourney/test/features/training/rhythm_cue_player_test.dart: backend initialization failure is a closed preflight result                     00:24 +293: /Users/alexandermessinger/dev/claudvibes/reflexjourney/test/features/training/rhythm_cue_player_test.dart: maps canonical session signals without owning a timeline                        00:24 +294: /Users/alexandermessinger/dev/claudvibes/reflexjourney/test/features/training/rhythm_cue_player_test.dart: maps canonical session signals without owning a timeline                        00:24 +294: /Users/alexandermessinger/dev/claudvibes/reflexjourney/test/features/training/rhythm_cue_player_test.dart: disabled tones and pause signals stop instead of playing                        00:24 +295: /Users/alexandermessinger/dev/claudvibes/reflexjourney/test/features/training/rhythm_cue_player_test.dart: disabled tones and pause signals stop instead of playing                        00:24 +295: /Users/alexandermessinger/dev/claudvibes/reflexjourney/test/features/training/rhythm_cue_player_test.dart: stop invalidates queued cues before stopping the backend                        00:24 +296: /Users/alexandermessinger/dev/claudvibes/reflexjourney/test/features/training/rhythm_cue_player_test.dart: stop invalidates queued cues before stopping the backend                        00:24 +296: /Users/alexandermessinger/dev/claudvibes/reflexjourney/test/features/training/rhythm_cue_player_test.dart: runtime playback failure reports a safe interruption                            00:24 +296: /Users/alexandermessinger/dev/claudvibes/reflexjourney/test/features/training/rhythm_cue_player_test.dart: runtime playback failure reports a safe interruption                            
[RhythmCuePlayer] failed to play sounds/rhythm_arrive.wav: Bad state: audio focus lost
00:24 +297: /Users/alexandermessinger/dev/claudvibes/reflexjourney/test/features/training/rhythm_cue_player_test.dart: runtime playback failure reports a safe interruption                            00:24 +297: /Users/alexandermessinger/dev/claudvibes/reflexjourney/test/features/training/rhythm_cue_player_test.dart: dispose is idempotent and prevents future initialization                        00:24 +298: /Users/alexandermessinger/dev/claudvibes/reflexjourney/test/features/training/rhythm_cue_player_test.dart: dispose is idempotent and prevents future initialization                        00:25 +298: /Users/alexandermessinger/dev/claudvibes/reflexjourney/test/features/training/rhythm_cue_player_test.dart: dispose is idempotent and prevents future initialization                        00:25 +298: loading /Users/alexandermessinger/dev/claudvibes/reflexjourney/test/features/training/training_flow_provider_test.dart                                                                     00:25 +298: /Users/alexandermessinger/dev/claudvibes/reflexjourney/test/features/training/training_flow_provider_test.dart: TrainingFlowNotifier regression routine starts movement after intro        00:25 +299: /Users/alexandermessinger/dev/claudvibes/reflexjourney/test/features/training/training_flow_provider_test.dart: TrainingFlowNotifier regression routine starts movement after intro        00:25 +299: /Users/alexandermessinger/dev/claudvibes/reflexjourney/test/features/training/training_flow_provider_test.dart: ... regression tutorial starts with video and advances to position         00:25 +300: /Users/alexandermessinger/dev/claudvibes/reflexjourney/test/features/training/training_flow_provider_test.dart: ... regression tutorial starts with video and advances to position         00:25 +300: /Users/alexandermessinger/dev/claudvibes/reflexjourney/test/features/training/training_flow_provider_test.dart: TrainingFlowNotifier regression tutorial readiness steps reach movement    00:25 +301: /Users/alexandermessinger/dev/claudvibes/reflexjourney/test/features/training/training_flow_provider_test.dart: TrainingFlowNotifier regression tutorial readiness steps reach movement    00:25 +301: /Users/alexandermessinger/dev/claudvibes/reflexjourney/test/features/training/training_flow_provider_test.dart: ... regression non-last exercise completion moves to rest and next exercise00:25 +302: /Users/alexandermessinger/dev/claudvibes/reflexjourney/test/features/training/training_flow_provider_test.dart: ... regression non-last exercise completion moves to rest and next exercise00:25 +302: /Users/alexandermessinger/dev/claudvibes/reflexjourney/test/features/training/training_flow_provider_test.dart: ... regression last exercise completion moves to outro and marks complete  00:25 +303: /Users/alexandermessinger/dev/claudvibes/reflexjourney/test/features/training/training_flow_provider_test.dart: ... regression last exercise completion moves to outro and marks complete  00:25 +303: /Users/alexandermessinger/dev/claudvibes/reflexjourney/test/features/training/training_flow_provider_test.dart: ... regression disclaimer starts before intro when required                00:25 +304: /Users/alexandermessinger/dev/claudvibes/reflexjourney/test/features/training/training_flow_provider_test.dart: ... regression disclaimer starts before intro when required                00:25 +304: loading /Users/alexandermessinger/dev/claudvibes/reflexjourney/test/features/training/domain/exercise_model_test.dart                                                                      00:25 +304: /Users/alexandermessinger/dev/claudvibes/reflexjourney/test/features/training/domain/exercise_model_test.dart: Exercise.fromRow — URL normalization null URLs stay null                    00:25 +305: /Users/alexandermessinger/dev/claudvibes/reflexjourney/test/features/training/domain/exercise_model_test.dart: Exercise.fromRow — URL normalization null URLs stay null                    00:25 +305: /Users/alexandermessinger/dev/claudvibes/reflexjourney/test/features/training/domain/exercise_model_test.dart: Exercise.fromRow — URL normalization valid URLs are preserved               00:25 +306: /Users/alexandermessinger/dev/claudvibes/reflexjourney/test/features/training/domain/exercise_model_test.dart: Exercise.fromRow — URL normalization valid URLs are preserved               00:25 +306: /Users/alexandermessinger/dev/claudvibes/reflexjourney/test/features/training/domain/exercise_model_test.dart: ... — URL normalization empty string URLs are normalised to null            00:25 +307: /Users/alexandermessinger/dev/claudvibes/reflexjourney/test/features/training/domain/exercise_model_test.dart: ... — URL normalization empty string URLs are normalised to null            00:25 +307: /Users/alexandermessinger/dev/claudvibes/reflexjourney/test/features/training/domain/exercise_model_test.dart: ... — URL normalization whitespace-only URLs are normalised to null         00:25 +308: /Users/alexandermessinger/dev/claudvibes/reflexjourney/test/features/training/domain/exercise_model_test.dart: ... — URL normalization whitespace-only URLs are normalised to null         00:25 +308: /Users/alexandermessinger/dev/claudvibes/reflexjourney/test/features/training/domain/exercise_model_test.dart: ... — URL normalization URLs with leading/trailing whitespace are trimmed   00:25 +309: /Users/alexandermessinger/dev/claudvibes/reflexjourney/test/features/training/domain/exercise_model_test.dart: ... — URL normalization URLs with leading/trailing whitespace are trimmed   00:25 +309: /Users/alexandermessinger/dev/claudvibes/reflexjourney/test/features/training/domain/exercise_model_test.dart: Exercise.imageUrlFor returns null when both URLs are null                   00:25 +310: /Users/alexandermessinger/dev/claudvibes/reflexjourney/test/features/training/domain/exercise_model_test.dart: Exercise.imageUrlFor returns null when both URLs are null                   00:25 +310: /Users/alexandermessinger/dev/claudvibes/reflexjourney/test/features/training/domain/exercise_model_test.dart: Exercise.imageUrlFor returns imageUrl for non-duo request                   00:25 +311: /Users/alexandermessinger/dev/claudvibes/reflexjourney/test/features/training/domain/exercise_model_test.dart: Exercise.imageUrlFor returns imageUrl for non-duo request                   00:25 +311: /Users/alexandermessinger/dev/claudvibes/reflexjourney/test/features/training/domain/exercise_model_test.dart: ... returns duoImageUrl when duo=true and duoImageUrl is set                00:25 +312: /Users/alexandermessinger/dev/claudvibes/reflexjourney/test/features/training/domain/exercise_model_test.dart: ... returns duoImageUrl when duo=true and duoImageUrl is set                00:25 +312: /Users/alexandermessinger/dev/claudvibes/reflexjourney/test/features/training/domain/exercise_model_test.dart: ... falls back to imageUrl when duo=true but duoImageUrl is null            00:25 +313: /Users/alexandermessinger/dev/claudvibes/reflexjourney/test/features/training/domain/exercise_model_test.dart: ... falls back to imageUrl when duo=true but duoImageUrl is null            00:25 +313: /Users/alexandermessinger/dev/claudvibes/reflexjourney/test/features/training/domain/exercise_model_test.dart: Exercise.imageUrlFor returns null for duo=true when both URLs are null      00:25 +314: /Users/alexandermessinger/dev/claudvibes/reflexjourney/test/features/training/domain/exercise_model_test.dart: Exercise.imageUrlFor returns null for duo=true when both URLs are null      00:25 +314: loading /Users/alexandermessinger/dev/claudvibes/reflexjourney/test/features/training/domain/moro_training_contract_test.dart                                                              00:25 +314: /Users/alexandermessinger/dev/claudvibes/reflexjourney/test/features/training/domain/moro_training_contract_test.dart: ... contract keeps the released 5 → 3 → 4 → 1 → 2 → 6 → 7 order     00:25 +315: /Users/alexandermessinger/dev/claudvibes/reflexjourney/test/features/training/domain/moro_training_contract_test.dart: ... contract keeps the released 5 → 3 → 4 → 1 → 2 → 6 → 7 order     00:25 +315: /Users/alexandermessinger/dev/claudvibes/reflexjourney/test/features/training/domain/moro_training_contract_test.dart: Moro training contract keeps released repetition and phase timing   00:25 +316: /Users/alexandermessinger/dev/claudvibes/reflexjourney/test/features/training/domain/moro_training_contract_test.dart: Moro training contract keeps released repetition and phase timing   00:25 +316: loading /Users/alexandermessinger/dev/claudvibes/reflexjourney/test/features/training/domain/content/moro_content_snapshot_test.dart                                                       00:25 +316: /Users/alexandermessinger/dev/claudvibes/reflexjourney/test/features/training/domain/content/moro_content_snapshot_test.dart: ... snapshot pins version, IDs, order, repetitions and timing00:25 +317: /Users/alexandermessinger/dev/claudvibes/reflexjourney/test/features/training/data/repositories/training_completion_repository_test.dart: ... completion advances progress exactly once    00:25 +318: /Users/alexandermessinger/dev/claudvibes/reflexjourney/test/features/training/data/repositories/training_completion_repository_test.dart: ... completion advances progress exactly once    00:25 +319: /Users/alexandermessinger/dev/claudvibes/reflexjourney/test/features/training/data/repositories/training_completion_repository_test.dart: ... completion advances progress exactly once    00:25 +320: /Users/alexandermessinger/dev/claudvibes/reflexjourney/test/features/training/data/repositories/training_completion_repository_test.dart: ... completion advances progress exactly once    00:25 +321: /Users/alexandermessinger/dev/claudvibes/reflexjourney/test/features/training/data/repositories/training_completion_repository_test.dart: ... completion advances progress exactly once    00:25 +322: /Users/alexandermessinger/dev/claudvibes/reflexjourney/test/features/training/data/repositories/training_completion_repository_test.dart: ... completion advances progress exactly once    00:25 +322: /Users/alexandermessinger/dev/claudvibes/reflexjourney/test/features/training/data/repositories/training_completion_repository_test.dart: ... session and progress outbox jobs             00:25 +323: /Users/alexandermessinger/dev/claudvibes/reflexjourney/test/features/training/data/repositories/training_completion_repository_test.dart: ... session and progress outbox jobs             00:25 +323: /Users/alexandermessinger/dev/claudvibes/reflexjourney/test/features/training/data/repositories/training_completion_repository_test.dart: ... is an explicit error with no partial writes  00:25 +324: /Users/alexandermessinger/dev/claudvibes/reflexjourney/test/features/training/data/repositories/training_completion_repository_test.dart: ... is an explicit error with no partial writes  00:25 +324: /Users/alexandermessinger/dev/claudvibes/reflexjourney/test/features/training/data/repositories/training_completion_repository_test.dart: ... is an explicit error with no partial writes  00:25 +325: /Users/alexandermessinger/dev/claudvibes/reflexjourney/test/features/training/data/repositories/training_completion_repository_test.dart: ... is an explicit error with no partial writes  00:25 +325: /Users/alexandermessinger/dev/claudvibes/reflexjourney/test/features/training/data/repositories/training_completion_repository_test.dart: ... rolls back session and progress atomically   00:25 +326: /Users/alexandermessinger/dev/claudvibes/reflexjourney/test/features/training/data/repositories/training_completion_repository_test.dart: ... rolls back session and progress atomically   00:25 +326: /Users/alexandermessinger/dev/claudvibes/reflexjourney/test/features/training/data/repositories/training_completion_repository_test.dart: ... failure rolls back the whole completion group00:25 +327: /Users/alexandermessinger/dev/claudvibes/reflexjourney/test/features/training/data/repositories/training_completion_repository_test.dart: ... failure rolls back the whole completion group00:25 +327: /Users/alexandermessinger/dev/claudvibes/reflexjourney/test/features/training/data/repositories/training_completion_repository_test.dart: ... is idempotent and committed with its outbox  00:25 +328: /Users/alexandermessinger/dev/claudvibes/reflexjourney/test/features/training/data/repositories/training_completion_repository_test.dart: ... is idempotent and committed with its outbox  00:25 +328: /Users/alexandermessinger/dev/claudvibes/reflexjourney/test/features/training/data/repositories/training_completion_repository_test.dart: completing a session no longer computes a streak 00:25 +329: /Users/alexandermessinger/dev/claudvibes/reflexjourney/test/features/training/data/repositories/training_completion_repository_test.dart: completing a session no longer computes a streak 00:26 +329: /Users/alexandermessinger/dev/claudvibes/reflexjourney/test/features/training/data/repositories/training_completion_repository_test.dart: completing a session no longer computes a streak 00:26 +329: loading /Users/alexandermessinger/dev/claudvibes/reflexjourney/test/features/training/domain/services/training_content_resolver_test.dart                                                  00:26 +329: /Users/alexandermessinger/dev/claudvibes/reflexjourney/test/features/training/domain/services/training_content_resolver_test.dart: ... accepts the exact released Moro contract            00:26 +330: /Users/alexandermessinger/dev/claudvibes/reflexjourney/test/features/training/domain/services/training_content_resolver_test.dart: ... accepts the exact released Moro contract            00:26 +330: /Users/alexandermessinger/dev/claudvibes/reflexjourney/test/features/training/domain/services/training_content_resolver_test.dart: ... rejects changed order and timing                    00:26 +331: /Users/alexandermessinger/dev/claudvibes/reflexjourney/test/features/training/domain/services/training_content_resolver_test.dart: ... rejects changed order and timing                    00:26 +331: /Users/alexandermessinger/dev/claudvibes/reflexjourney/test/features/training/domain/services/training_content_resolver_test.dart: ... stable bundled Moro content while cache is empty    00:26 +332: /Users/alexandermessinger/dev/claudvibes/reflexjourney/test/features/training/domain/services/training_content_resolver_test.dart: ... stable bundled Moro content while cache is empty    00:26 +332: /Users/alexandermessinger/dev/claudvibes/reflexjourney/test/features/training/domain/services/training_content_resolver_test.dart: ... validated cache only as secure remote media overlay 00:26 +333: /Users/alexandermessinger/dev/claudvibes/reflexjourney/test/features/training/domain/services/training_content_resolver_test.dart: ... validated cache only as secure remote media overlay 00:26 +333: /Users/alexandermessinger/dev/claudvibes/reflexjourney/test/features/training/domain/services/training_content_resolver_test.dart: ... cache falls back to the canonical Moro snapshot     00:26 +334: /Users/alexandermessinger/dev/claudvibes/reflexjourney/test/features/training/domain/services/training_content_resolver_test.dart: ... cache falls back to the canonical Moro snapshot     00:26 +334: /Users/alexandermessinger/dev/claudvibes/reflexjourney/test/features/training/domain/services/training_content_resolver_test.dart: ... empty or unknown package never falls back to Moro   00:26 +335: /Users/alexandermessinger/dev/claudvibes/reflexjourney/test/features/training/domain/services/training_content_resolver_test.dart: ... empty or unknown package never falls back to Moro   00:26 +335: /Users/alexandermessinger/dev/claudvibes/reflexjourney/test/features/training/domain/services/training_content_resolver_test.dart: ... rejects insecure and malformed remote media URLs    00:26 +336: /Users/alexandermessinger/dev/claudvibes/reflexjourney/test/features/training/domain/services/training_content_resolver_test.dart: ... rejects insecure and malformed remote media URLs    00:26 +336: /Users/alexandermessinger/dev/claudvibes/reflexjourney/test/features/training/domain/services/training_content_resolver_test.dart: ... unavailable state without advancing an empty flow   00:26 +337: /Users/alexandermessinger/dev/claudvibes/reflexjourney/test/features/training/domain/services/training_content_resolver_test.dart: ... unavailable state without advancing an empty flow   00:26 +337: /Users/alexandermessinger/dev/claudvibes/reflexjourney/test/features/training/domain/services/training_content_resolver_test.dart: ... not replace exercises after the flow has started    00:26 +338: /Users/alexandermessinger/dev/claudvibes/reflexjourney/test/features/training/domain/services/training_content_resolver_test.dart: ... not replace exercises after the flow has started    00:26 +338: loading /Users/alexandermessinger/dev/claudvibes/reflexjourney/test/features/training/domain/session/session_orchestrator_test.dart                                                        00:26 +338: /Users/alexandermessinger/dev/claudvibes/reflexjourney/test/features/training/domain/session/session_orchestrator_test.dart: ... waits for the announcement before starting the countdown  00:26 +339: /Users/alexandermessinger/dev/claudvibes/reflexjourney/test/features/training/domain/session/session_orchestrator_test.dart: ... waits for the announcement before starting the countdown  00:26 +339: /Users/alexandermessinger/dev/claudvibes/reflexjourney/test/features/training/domain/session/session_orchestrator_test.dart: ... learning mode requires a conscious ready action           00:26 +340: /Users/alexandermessinger/dev/claudvibes/reflexjourney/test/features/training/domain/session/session_orchestrator_test.dart: ... learning mode requires a conscious ready action           00:26 +340: /Users/alexandermessinger/dev/claudvibes/reflexjourney/test/features/training/domain/session/session_orchestrator_test.dart: ... an interrupted announcement must be resumed deliberately  00:26 +341: /Users/alexandermessinger/dev/claudvibes/reflexjourney/test/features/training/domain/session/session_orchestrator_test.dart: ... an interrupted announcement must be resumed deliberately  00:26 +341: /Users/alexandermessinger/dev/claudvibes/reflexjourney/test/features/training/domain/session/session_orchestrator_test.dart: ... pause and resume preserve the exact remaining timeline    00:26 +342: /Users/alexandermessinger/dev/claudvibes/reflexjourney/test/features/training/domain/session/session_orchestrator_test.dart: ... pause and resume preserve the exact remaining timeline    00:26 +342: /Users/alexandermessinger/dev/claudvibes/reflexjourney/test/features/training/domain/session/session_orchestrator_test.dart: ... pause-resume calls are balanced and never advance time    00:26 +343: /Users/alexandermessinger/dev/claudvibes/reflexjourney/test/features/training/domain/session/session_orchestrator_test.dart: ... pause-resume calls are balanced and never advance time    00:26 +343: /Users/alexandermessinger/dev/claudvibes/reflexjourney/test/features/training/domain/session/session_orchestrator_test.dart: ... is terminal, clears pause metadata and emits exactly once 00:26 +344: /Users/alexandermessinger/dev/claudvibes/reflexjourney/test/features/training/domain/session/session_orchestrator_test.dart: ... is terminal, clears pause metadata and emits exactly once 00:26 +344: /Users/alexandermessinger/dev/claudvibes/reflexjourney/test/features/training/domain/session/session_orchestrator_test.dart: ... pace change preserves fractional phase progress           00:26 +345: /Users/alexandermessinger/dev/claudvibes/reflexjourney/test/features/training/domain/session/session_orchestrator_test.dart: ... pace change preserves fractional phase progress           00:26 +345: /Users/alexandermessinger/dev/claudvibes/reflexjourney/test/features/training/domain/session/session_orchestrator_test.dart: ... Moro tempo defaults preserve exact configured phases      00:26 +346: /Users/alexandermessinger/dev/claudvibes/reflexjourney/test/features/training/domain/session/session_orchestrator_test.dart: ... Moro tempo defaults preserve exact configured phases      00:26 +346: /Users/alexandermessinger/dev/claudvibes/reflexjourney/test/features/training/domain/session/session_orchestrator_test.dart: ... hold/rest tempo is the hold duration, never a multiplier  00:26 +347: /Users/alexandermessinger/dev/claudvibes/reflexjourney/test/features/training/domain/session/session_orchestrator_test.dart: ... hold/rest tempo is the hold duration, never a multiplier  00:26 +347: /Users/alexandermessinger/dev/claudvibes/reflexjourney/test/features/training/domain/session/session_orchestrator_test.dart: ... session progress is monotonic across phases and recovery  00:26 +348: /Users/alexandermessinger/dev/claudvibes/reflexjourney/test/features/training/domain/session/session_orchestrator_test.dart: ... session progress is monotonic across phases and recovery  00:26 +348: /Users/alexandermessinger/dev/claudvibes/reflexjourney/test/features/training/domain/session/session_orchestrator_test.dart: ... lifecycle interruption remains paused after foregrounding 00:26 +349: /Users/alexandermessinger/dev/claudvibes/reflexjourney/test/features/training/domain/session/session_orchestrator_test.dart: ... lifecycle interruption remains paused after foregrounding 00:26 +349: /Users/alexandermessinger/dev/claudvibes/reflexjourney/test/features/training/domain/session/session_orchestrator_test.dart: ... never announces a side switch after the last repetition   00:26 +350: /Users/alexandermessinger/dev/claudvibes/reflexjourney/test/features/training/domain/session/session_orchestrator_test.dart: ... never announces a side switch after the last repetition   00:26 +350: /Users/alexandermessinger/dev/claudvibes/reflexjourney/test/features/training/domain/session/session_orchestrator_test.dart: SessionOrchestrator emits side switch before the recovery cue 00:26 +351: /Users/alexandermessinger/dev/claudvibes/reflexjourney/test/features/training/domain/session/session_orchestrator_test.dart: SessionOrchestrator emits side switch before the recovery cue 00:26 +351: /Users/alexandermessinger/dev/claudvibes/reflexjourney/test/features/training/domain/session/session_orchestrator_test.dart: SessionOrchestrator emits completion exactly once             00:26 +352: /Users/alexandermessinger/dev/claudvibes/reflexjourney/test/features/training/domain/session/session_orchestrator_test.dart: SessionOrchestrator emits completion exactly once             00:26 +352: /Users/alexandermessinger/dev/claudvibes/reflexjourney/test/features/training/domain/session/session_orchestrator_test.dart: ... is idempotent, closes streams and rejects later mutations 00:26 +353: /Users/alexandermessinger/dev/claudvibes/reflexjourney/test/features/training/domain/session/session_orchestrator_test.dart: ... is idempotent, closes streams and rejects later mutations 00:26 +353: /Users/alexandermessinger/dev/claudvibes/reflexjourney/test/features/training/domain/session/session_orchestrator_test.dart: ... restores a checkpoint paused at the exact position        00:26 +354: /Users/alexandermessinger/dev/claudvibes/reflexjourney/test/features/training/domain/session/session_orchestrator_test.dart: ... restores a checkpoint paused at the exact position        00:26 +354: /Users/alexandermessinger/dev/claudvibes/reflexjourney/test/features/training/domain/session/session_orchestrator_test.dart: ... restores a checkpoint during the exercise transition      00:26 +355: /Users/alexandermessinger/dev/claudvibes/reflexjourney/test/features/training/domain/session/session_orchestrator_test.dart: ... restores a checkpoint during the exercise transition      00:26 +355: /Users/alexandermessinger/dev/claudvibes/reflexjourney/test/features/training/domain/session/session_orchestrator_test.dart: ... a completed checkpoint for idempotent persistence retry   00:26 +356: /Users/alexandermessinger/dev/claudvibes/reflexjourney/test/features/training/domain/session/session_orchestrator_test.dart: ... a completed checkpoint for idempotent persistence retry   00:26 +356: /Users/alexandermessinger/dev/claudvibes/reflexjourney/test/features/training/domain/session/session_orchestrator_test.dart: ... runs the full released Moro routine with fake elapsed time00:26 +357: /Users/alexandermessinger/dev/claudvibes/reflexjourney/test/features/training/domain/session/session_orchestrator_test.dart: ... runs the full released Moro routine with fake elapsed time00:26 +357: loading /Users/alexandermessinger/dev/claudvibes/reflexjourney/test/features/training/domain/services/vorrunde_phase_service_test.dart                                                     00:26 +357: /Users/alexandermessinger/dev/claudvibes/reflexjourney/test/features/training/domain/services/vorrunde_phase_service_test.dart: VorrundePhase start stores firstStartedAt                  00:26 +358: /Users/alexandermessinger/dev/claudvibes/reflexjourney/test/features/training/domain/services/vorrunde_phase_service_test.dart: VorrundePhase start stores firstStartedAt                  00:26 +358: /Users/alexandermessinger/dev/claudvibes/reflexjourney/test/features/training/domain/services/vorrunde_phase_service_test.dart: VorrundePhase 4 calendar weeks derives completed phase     00:26 +359: /Users/alexandermessinger/dev/claudvibes/reflexjourney/test/features/training/domain/services/vorrunde_phase_service_test.dart: VorrundePhase 4 calendar weeks derives completed phase     00:26 +359: /Users/alexandermessinger/dev/claudvibes/reflexjourney/test/features/training/domain/services/vorrunde_phase_service_test.dart: ... Moro start before 4 weeks keeps status started         00:26 +360: /Users/alexandermessinger/dev/claudvibes/reflexjourney/test/features/training/domain/services/vorrunde_phase_service_test.dart: ... Moro start before 4 weeks keeps status started         00:26 +360: /Users/alexandermessinger/dev/claudvibes/reflexjourney/test/features/training/domain/services/vorrunde_phase_service_test.dart: VorrundePhase skipped plus free Vorrunde remains skipped   00:26 +361: /Users/alexandermessinger/dev/claudvibes/reflexjourney/test/features/training/domain/services/vorrunde_phase_service_test.dart: VorrundePhase skipped plus free Vorrunde remains skipped   00:27 +361: /Users/alexandermessinger/dev/claudvibes/reflexjourney/test/features/training/domain/services/vorrunde_phase_service_test.dart: VorrundePhase skipped plus free Vorrunde remains skipped   00:27 +361: loading /Users/alexandermessinger/dev/claudvibes/reflexjourney/test/features/training/presentation/training_core_localization_test.dart                                                    00:27 +361: /Users/alexandermessinger/dev/claudvibes/reflexjourney/test/features/training/presentation/training_core_localization_test.dart: completion screen renders English session copy            00:27 +362: /Users/alexandermessinger/dev/claudvibes/reflexjourney/test/features/training/presentation/screens/training_instruction_screens_test.dart: training intro renders natural English copy     00:27 +363: /Users/alexandermessinger/dev/claudvibes/reflexjourney/test/features/training/presentation/screens/training_instruction_screens_test.dart: training intro renders natural English copy     00:27 +364: /Users/alexandermessinger/dev/claudvibes/reflexjourney/test/features/training/presentation/screens/training_instruction_screens_test.dart: training intro renders natural English copy     00:28 +364: /Users/alexandermessinger/dev/claudvibes/reflexjourney/test/features/training/presentation/screens/training_instruction_screens_test.dart: training intro renders natural English copy     00:28 +365: /Users/alexandermessinger/dev/claudvibes/reflexjourney/test/features/training/presentation/screens/training_instruction_screens_test.dart: training intro renders natural English copy     00:28 +366: /Users/alexandermessinger/dev/claudvibes/reflexjourney/test/features/training/presentation/screens/training_instruction_screens_test.dart: training intro renders natural English copy     00:28 +367: /Users/alexandermessinger/dev/claudvibes/reflexjourney/test/features/training/presentation/screens/training_instruction_screens_test.dart: training intro renders natural English copy     00:28 +368: /Users/alexandermessinger/dev/claudvibes/reflexjourney/test/features/training/presentation/screens/training_instruction_screens_test.dart: training intro renders natural English copy     00:28 +369: /Users/alexandermessinger/dev/claudvibes/reflexjourney/test/features/training/presentation/screens/training_instruction_screens_test.dart: training intro renders natural English copy     00:28 +370: /Users/alexandermessinger/dev/claudvibes/reflexjourney/test/features/training/presentation/screens/training_instruction_screens_test.dart: training intro renders natural English copy     00:28 +371: ... reads the announcement manifest from the injected bundle                                                                                                                               00:28 +372: ... completion retry preserves checkpoint and is delivered idempotently                                                                                                                    00:28 +373: ... completion retry preserves checkpoint and is delivered idempotently                                                                                                                    00:28 +374: ... completion retry preserves checkpoint and is delivered idempotently                                                                                                                    00:28 +375: ... renders the session when the announcement asset never responds                                                                                                                         00:28 +376: ... renders the session when the announcement asset never responds                                                                                                                         00:28 +377: ... renders the session when the announcement asset never responds                                                                                                                         00:29 +377: ... renders the session when the announcement asset never responds                                                                                                                         00:29 +378: ... renders the session when the announcement asset never responds                                                                                                                         00:29 +379: ... renders the session when the announcement asset never responds                                                                                                                         00:29 +380: ... renders the session when the announcement asset never responds                                                                                                                         00:30 +380: ... renders the session when the announcement asset never responds                                                                                                                         00:30 +381: /Users/alexandermessinger/dev/claudvibes/reflexjourney/test/features/training/presentation/training_anchor_sheet_test.dart: adults see the recommendation badge                            00:30 +382: /Users/alexandermessinger/dev/claudvibes/reflexjourney/test/features/training/presentation/training_anchor_sheet_test.dart: adults see the recommendation badge                            00:30 +383: /Users/alexandermessinger/dev/claudvibes/reflexjourney/test/features/training/presentation/widgets/training_responsive_accessibility_test.dart: ... text, reduced motion, and semantics    00:30 +384: /Users/alexandermessinger/dev/claudvibes/reflexjourney/test/features/training/presentation/widgets/training_responsive_accessibility_test.dart: ... text, reduced motion, and semantics    00:30 +385: /Users/alexandermessinger/dev/claudvibes/reflexjourney/test/features/training/presentation/widgets/training_responsive_accessibility_test.dart: ... text, reduced motion, and semantics    00:30 +386: /Users/alexandermessinger/dev/claudvibes/reflexjourney/test/features/training/presentation/training_anchor_sheet_test.dart: later returns nothing                                          00:30 +387: /Users/alexandermessinger/dev/claudvibes/reflexjourney/test/features/training/presentation/training_anchor_sheet_test.dart: later returns nothing                                          00:30 +388: /Users/alexandermessinger/dev/claudvibes/reflexjourney/test/features/training/presentation/widgets/training_responsive_accessibility_test.dart: ... learning state remains operable at 200%00:30 +389: /Users/alexandermessinger/dev/claudvibes/reflexjourney/test/features/training/presentation/widgets/training_responsive_accessibility_test.dart: ... learning state remains operable at 200%00:30 +390: /Users/alexandermessinger/dev/claudvibes/reflexjourney/test/features/training/presentation/widgets/training_responsive_accessibility_test.dart: ... learning state remains operable at 200%00:30 +390: /Users/alexandermessinger/dev/claudvibes/reflexjourney/test/features/training/presentation/widgets/training_responsive_accessibility_test.dart: ... countdown and honest audio state       00:31 +390: /Users/alexandermessinger/dev/claudvibes/reflexjourney/test/features/training/presentation/widgets/training_responsive_accessibility_test.dart: ... countdown and honest audio state       00:31 +391: /Users/alexandermessinger/dev/claudvibes/reflexjourney/test/features/training/presentation/widgets/training_responsive_accessibility_test.dart: ... countdown and honest audio state       00:31 +391: /Users/alexandermessinger/dev/claudvibes/reflexjourney/test/features/training/presentation/widgets/training_responsive_accessibility_test.dart: ... phase works at 200% with reduced motion00:31 +392: /Users/alexandermessinger/dev/claudvibes/reflexjourney/test/features/training/presentation/widgets/training_responsive_accessibility_test.dart: ... phase works at 200% with reduced motion00:31 +392: /Users/alexandermessinger/dev/claudvibes/reflexjourney/test/features/training/presentation/widgets/training_responsive_accessibility_test.dart: ... full-width and remain operable at 200% 00:31 +393: /Users/alexandermessinger/dev/claudvibes/reflexjourney/test/features/training/presentation/widgets/training_responsive_accessibility_test.dart: ... full-width and remain operable at 200% 00:31 +393: /Users/alexandermessinger/dev/claudvibes/reflexjourney/test/features/training/presentation/widgets/training_responsive_accessibility_test.dart: ... paused state remains readable at 200%  00:31 +394: /Users/alexandermessinger/dev/claudvibes/reflexjourney/test/features/training/presentation/widgets/training_responsive_accessibility_test.dart: ... paused state remains readable at 200%  00:31 +395: /Users/alexandermessinger/dev/claudvibes/reflexjourney/test/features/training/presentation/widgets/training_responsive_accessibility_test.dart: ... paused state remains readable at 200%  00:31 +395: /Users/alexandermessinger/dev/claudvibes/reflexjourney/test/features/training/presentation/widgets/exercise_motion_visualizer_test.dart: ... guides render from supplied timeline state    00:31 +396: /Users/alexandermessinger/dev/claudvibes/reflexjourney/test/features/training/presentation/widgets/exercise_motion_visualizer_test.dart: ... guides render from supplied timeline state    00:31 +397: /Users/alexandermessinger/dev/claudvibes/reflexjourney/test/features/training/presentation/widgets/exercise_motion_visualizer_test.dart: ... guides render from supplied timeline state    00:31 +398: /Users/alexandermessinger/dev/claudvibes/reflexjourney/test/features/training/presentation/widgets/exercise_motion_visualizer_test.dart: ... guides render from supplied timeline state    00:31 +399: /Users/alexandermessinger/dev/claudvibes/reflexjourney/test/features/training/presentation/widgets/exercise_motion_visualizer_test.dart: ... guides render from supplied timeline state    00:31 +400: /Users/alexandermessinger/dev/claudvibes/reflexjourney/test/features/training/presentation/widgets/exercise_motion_visualizer_test.dart: ... guides render from supplied timeline state    00:31 +401: /Users/alexandermessinger/dev/claudvibes/reflexjourney/test/features/training/presentation/widgets/exercise_motion_visualizer_test.dart: ... guides render from supplied timeline state    00:31 +401: /Users/alexandermessinger/dev/claudvibes/reflexjourney/test/features/training/audio_announcement_service_test.dart: AudioAnnouncementService reports player failures as safe session interruptions
[AudioAnnouncementService] play error for interrupted.mp3: Bad state: audio focus lost
00:31 +402: /Users/alexandermessinger/dev/claudvibes/reflexjourney/test/features/training/presentation/widgets/exercise_motion_visualizer_test.dart: ... guides render from supplied timeline state    00:31 +403: /Users/alexandermessinger/dev/claudvibes/reflexjourney/test/features/training/presentation/widgets/exercise_motion_visualizer_test.dart: ... guides render from supplied timeline state    00:31 +404: /Users/alexandermessinger/dev/claudvibes/reflexjourney/test/features/training/presentation/widgets/exercise_motion_visualizer_test.dart: ... guides render from supplied timeline state    00:31 +405: /Users/alexandermessinger/dev/claudvibes/reflexjourney/test/features/training/presentation/widgets/exercise_motion_visualizer_test.dart: ... guides render from supplied timeline state    00:31 +406: /Users/alexandermessinger/dev/claudvibes/reflexjourney/test/features/training/presentation/widgets/exercise_motion_visualizer_test.dart: ... guides render from supplied timeline state    00:32 +406: /Users/alexandermessinger/dev/claudvibes/reflexjourney/test/features/training/presentation/widgets/exercise_motion_visualizer_test.dart: ... guides render from supplied timeline state    00:32 +407: /Users/alexandermessinger/dev/claudvibes/reflexjourney/test/features/training/presentation/widgets/exercise_media_widgets_test.dart: ... local image terminates in a controlled fallback   00:32 +408: /Users/alexandermessinger/dev/claudvibes/reflexjourney/test/features/training/presentation/widgets/exercise_media_widgets_test.dart: ... local image terminates in a controlled fallback   00:32 +409: /Users/alexandermessinger/dev/claudvibes/reflexjourney/test/features/training/presentation/widgets/exercise_media_widgets_test.dart: ... local image terminates in a controlled fallback   00:32 +410: /Users/alexandermessinger/dev/claudvibes/reflexjourney/test/features/training/presentation/widgets/exercise_media_widgets_test.dart: ... local image terminates in a controlled fallback   00:32 +411: /Users/alexandermessinger/dev/claudvibes/reflexjourney/test/features/training/presentation/widgets/exercise_media_widgets_test.dart: ... local image terminates in a controlled fallback   00:32 +412: /Users/alexandermessinger/dev/claudvibes/reflexjourney/test/features/training/presentation/widgets/training_responsive_accessibility_test.dart: ... operability smoke 150% DE landscape    00:32 +413: /Users/alexandermessinger/dev/claudvibes/reflexjourney/test/features/training/presentation/widgets/training_responsive_accessibility_test.dart: ... operability smoke 150% DE landscape    00:32 +414: /Users/alexandermessinger/dev/claudvibes/reflexjourney/test/features/training/presentation/widgets/training_responsive_accessibility_test.dart: ... operability smoke 150% DE landscape    00:32 +414: /Users/alexandermessinger/dev/claudvibes/reflexjourney/test/features/training/presentation/widgets/exercise_media_widgets_test.dart: ... times out into an honest retry state              00:32 +415: /Users/alexandermessinger/dev/claudvibes/reflexjourney/test/features/training/presentation/widgets/exercise_media_widgets_test.dart: ... times out into an honest retry state              00:32 +416: /Users/alexandermessinger/dev/claudvibes/reflexjourney/test/features/training/presentation/widgets/training_responsive_accessibility_test.dart: ... evidence transition EN landscape 200%  00:32 +417: /Users/alexandermessinger/dev/claudvibes/reflexjourney/test/features/training/presentation/widgets/exercise_media_widgets_test.dart: ... motion initializes without autoplay or looping    00:32 +418: /Users/alexandermessinger/dev/claudvibes/reflexjourney/test/features/training/presentation/widgets/training_responsive_accessibility_test.dart: ... EN landscape preparation actions 200%  00:32 +419: /Users/alexandermessinger/dev/claudvibes/reflexjourney/test/features/training/presentation/widgets/training_responsive_accessibility_test.dart: ... EN landscape preparation actions 200%  00:32 +420: /Users/alexandermessinger/dev/claudvibes/reflexjourney/test/features/training/presentation/widgets/training_responsive_accessibility_test.dart: ... EN landscape preparation actions 200%  00:32 +420: /Users/alexandermessinger/dev/claudvibes/reflexjourney/test/features/training/presentation/widgets/training_responsive_accessibility_test.dart: ... evidence immersive DE portrait 200%    00:32 +421: /Users/alexandermessinger/dev/claudvibes/reflexjourney/test/features/training/presentation/widgets/training_responsive_accessibility_test.dart: ... evidence immersive DE portrait 200%    00:32 +421: /Users/alexandermessinger/dev/claudvibes/reflexjourney/test/features/training/presentation/widgets/training_responsive_accessibility_test.dart: ... immersive DE portrait controls 200%    00:32 +422: /Users/alexandermessinger/dev/claudvibes/reflexjourney/test/features/training/presentation/widgets/training_responsive_accessibility_test.dart: ... immersive DE portrait controls 200%    00:32 +422: /Users/alexandermessinger/dev/claudvibes/reflexjourney/test/features/training/presentation/widgets/training_responsive_accessibility_test.dart: ... immersive EN paused landscape 200%     00:32 +423: /Users/alexandermessinger/dev/claudvibes/reflexjourney/test/features/training/presentation/widgets/training_responsive_accessibility_test.dart: ... immersive EN paused landscape 200%     00:32 +423: /Users/alexandermessinger/dev/claudvibes/reflexjourney/test/features/training/presentation/widgets/training_responsive_accessibility_test.dart: (tearDownAll)                              00:33 +423: /Users/alexandermessinger/dev/claudvibes/reflexjourney/test/features/training/presentation/widgets/training_responsive_accessibility_test.dart: (tearDownAll)                              00:33 +423: loading /Users/alexandermessinger/dev/claudvibes/reflexjourney/test/features/assessment/questionnaire_draft_meta_builder_test.dart                                                         00:33 +423: /Users/alexandermessinger/dev/claudvibes/reflexjourney/test/features/assessment/questionnaire_draft_meta_builder_test.dart: ... adult draft fills superseded_item_ids from visibility      00:33 +424: /Users/alexandermessinger/dev/claudvibes/reflexjourney/test/features/assessment/questionnaire_draft_meta_builder_test.dart: ... adult draft fills superseded_item_ids from visibility      00:33 +424: /Users/alexandermessinger/dev/claudvibes/reflexjourney/test/features/assessment/questionnaire_draft_meta_builder_test.dart: ... child draft does not invent filter or superseded fields    00:33 +425: /Users/alexandermessinger/dev/claudvibes/reflexjourney/test/features/assessment/adult_questionnaire_visibility_test.dart: ... filter "no" hides dependents; "yes" and "?" keep them visible00:33 +426: /Users/alexandermessinger/dev/claudvibes/reflexjourney/test/features/assessment/adult_questionnaire_visibility_test.dart: ... filter "no" hides dependents; "yes" and "?" keep them visible00:33 +427: /Users/alexandermessinger/dev/claudvibes/reflexjourney/test/features/assessment/adult_questionnaire_visibility_test.dart: ... filter "no" hides dependents; "yes" and "?" keep them visible00:33 +428: /Users/alexandermessinger/dev/claudvibes/reflexjourney/test/features/assessment/adult_questionnaire_visibility_test.dart: ... filter "no" hides dependents; "yes" and "?" keep them visible00:33 +428: /Users/alexandermessinger/dev/claudvibes/reflexjourney/test/features/assessment/adult_questionnaire_visibility_test.dart: ... f_handwriting no hides exactly the nine handwriting items    00:33 +429: /Users/alexandermessinger/dev/claudvibes/reflexjourney/test/features/assessment/adult_questionnaire_visibility_test.dart: ... f_handwriting no hides exactly the nine handwriting items    00:33 +429: /Users/alexandermessinger/dev/claudvibes/reflexjourney/test/features/assessment/adult_questionnaire_visibility_test.dart: ... hidden items are listed as superseded and kept in answers    00:33 +430: /Users/alexandermessinger/dev/claudvibes/reflexjourney/test/features/assessment/adult_questionnaire_visibility_test.dart: ... hidden items are listed as superseded and kept in answers    00:33 +430: /Users/alexandermessinger/dev/claudvibes/reflexjourney/test/features/assessment/adult_questionnaire_visibility_test.dart: ... items stay hidden while movementChecksEnabled is false       00:33 +431: /Users/alexandermessinger/dev/claudvibes/reflexjourney/test/features/assessment/adult_questionnaire_visibility_test.dart: ... items stay hidden while movementChecksEnabled is false       00:33 +431: /Users/alexandermessinger/dev/claudvibes/reflexjourney/test/features/assessment/adult_questionnaire_visibility_test.dart: ... stores yes/no/unknown without answer bodies                  00:33 +432: /Users/alexandermessinger/dev/claudvibes/reflexjourney/test/features/assessment/adult_questionnaire_visibility_test.dart: ... stores yes/no/unknown without answer bodies                  00:34 +432: /Users/alexandermessinger/dev/claudvibes/reflexjourney/test/features/assessment/adult_questionnaire_visibility_test.dart: ... stores yes/no/unknown without answer bodies                  00:34 +432: loading /Users/alexandermessinger/dev/claudvibes/reflexjourney/test/features/assessment/adult_reflex_questionnaire_localization_test.dart                                                  00:34 +432: /Users/alexandermessinger/dev/claudvibes/reflexjourney/test/features/assessment/adult_reflex_questionnaire_localization_test.dart: ... catalog stamps questionnaire identity and adult type00:34 +433: /Users/alexandermessinger/dev/claudvibes/reflexjourney/test/features/assessment/adult_reflex_questionnaire_localization_test.dart: ... catalog stamps questionnaire identity and adult type00:34 +433: /Users/alexandermessinger/dev/claudvibes/reflexjourney/test/features/assessment/adult_reflex_questionnaire_localization_test.dart: ... catalog contains 110 items with expected role counts00:34 +434: /Users/alexandermessinger/dev/claudvibes/reflexjourney/test/features/assessment/adult_reflex_questionnaire_localization_test.dart: ... catalog contains 110 items with expected role counts00:34 +434: /Users/alexandermessinger/dev/claudvibes/reflexjourney/test/features/assessment/adult_reflex_questionnaire_localization_test.dart: ... covers all 14 adult modules including lifeContext   00:34 +435: /Users/alexandermessinger/dev/claudvibes/reflexjourney/test/features/assessment/adult_reflex_questionnaire_localization_test.dart: ... covers all 14 adult modules including lifeContext   00:34 +435: /Users/alexandermessinger/dev/claudvibes/reflexjourney/test/features/assessment/adult_reflex_questionnaire_localization_test.dart: ... does not invent deleted handwriting IDs s067 or s07100:34 +436: /Users/alexandermessinger/dev/claudvibes/reflexjourney/test/features/assessment/adult_reflex_questionnaire_localization_test.dart: ... does not invent deleted handwriting IDs s067 or s07100:34 +436: /Users/alexandermessinger/dev/claudvibes/reflexjourney/test/features/assessment/adult_reflex_questionnaire_localization_test.dart: ... items to document reflexes and polarity             00:34 +437: /Users/alexandermessinger/dev/claudvibes/reflexjourney/test/features/assessment/adult_reflex_questionnaire_localization_test.dart: ... items to document reflexes and polarity             00:34 +437: /Users/alexandermessinger/dev/claudvibes/reflexjourney/test/features/assessment/adult_reflex_questionnaire_localization_test.dart: ... multi-reflex expert-pending items from the plan     00:34 +438: /Users/alexandermessinger/dev/claudvibes/reflexjourney/test/features/assessment/adult_reflex_questionnaire_localization_test.dart: ... multi-reflex expert-pending items from the plan     00:34 +438: /Users/alexandermessinger/dev/claudvibes/reflexjourney/test/features/assessment/adult_reflex_questionnaire_localization_test.dart: ... representative German source wording exactly        00:34 +439: /Users/alexandermessinger/dev/claudvibes/reflexjourney/test/features/assessment/adult_reflex_questionnaire_localization_test.dart: ... representative German source wording exactly        00:34 +439: /Users/alexandermessinger/dev/claudvibes/reflexjourney/test/features/assessment/adult_reflex_questionnaire_localization_test.dart: ... nonempty paired DE/EN copy for every adult item     00:34 +440: /Users/alexandermessinger/dev/claudvibes/reflexjourney/test/features/assessment/adult_reflex_questionnaire_localization_test.dart: ... nonempty paired DE/EN copy for every adult item     00:34 +440: /Users/alexandermessinger/dev/claudvibes/reflexjourney/test/features/assessment/adult_reflex_questionnaire_localization_test.dart: ... adult English item copy avoids German orthography   00:34 +441: /Users/alexandermessinger/dev/claudvibes/reflexjourney/test/features/assessment/adult_reflex_questionnaire_localization_test.dart: ... adult English item copy avoids German orthography   00:34 +441: ... adultReflexResultCopy covers adult-relevant reflexes with expertPending placeholders                                                                                                   00:34 +442: ... adultReflexResultCopy covers adult-relevant reflexes with expertPending placeholders                                                                                                   00:34 +442: /Users/alexandermessinger/dev/claudvibes/reflexjourney/test/features/assessment/adult_reflex_questionnaire_localization_test.dart: ... choice helpers round-trip four adult answers        00:34 +443: /Users/alexandermessinger/dev/claudvibes/reflexjourney/test/features/assessment/adult_reflex_questionnaire_localization_test.dart: ... choice helpers round-trip four adult answers        00:34 +443: /Users/alexandermessinger/dev/claudvibes/reflexjourney/test/features/assessment/adult_reflex_questionnaire_localization_test.dart: ... label is available without German chars in English  00:34 +444: /Users/alexandermessinger/dev/claudvibes/reflexjourney/test/features/assessment/adult_reflex_questionnaire_localization_test.dart: ... label is available without German chars in English  00:34 +444: loading /Users/alexandermessinger/dev/claudvibes/reflexjourney/test/features/assessment/adult_reflex_profile_scoring_test.dart                                                             00:34 +444: /Users/alexandermessinger/dev/claudvibes/reflexjourney/test/features/assessment/adult_reflex_profile_scoring_test.dart: §14.1 Adult scoring 1. direct item yes → +1 / no → 0               00:34 +445: /Users/alexandermessinger/dev/claudvibes/reflexjourney/test/features/assessment/adult_reflex_profile_scoring_test.dart: §14.1 Adult scoring 1. direct item yes → +1 / no → 0               00:34 +445: /Users/alexandermessinger/dev/claudvibes/reflexjourney/test/features/assessment/adult_reflex_profile_scoring_test.dart: §14.1 Adult scoring 2. inverse item no → +1 / yes → 0              00:34 +446: /Users/alexandermessinger/dev/claudvibes/reflexjourney/test/features/assessment/adult_reflex_profile_scoring_test.dart: §14.1 Adult scoring 2. inverse item no → +1 / yes → 0              00:34 +446: /Users/alexandermessinger/dev/claudvibes/reflexjourney/test/features/assessment/adult_reflex_profile_scoring_test.dart: ... scoring 3. unknown excluded from numerator and denominator     00:34 +447: /Users/alexandermessinger/dev/claudvibes/reflexjourney/test/features/assessment/adult_reflex_profile_scoring_test.dart: ... scoring 3. unknown excluded from numerator and denominator     00:34 +447: /Users/alexandermessinger/dev/claudvibes/reflexjourney/test/features/assessment/adult_reflex_profile_scoring_test.dart: §14.1 Adult scoring 4. not_applicable excluded likewise            00:34 +448: /Users/alexandermessinger/dev/claudvibes/reflexjourney/test/features/assessment/adult_reflex_profile_scoring_test.dart: §14.1 Adult scoring 4. not_applicable excluded likewise            00:34 +448: /Users/alexandermessinger/dev/claudvibes/reflexjourney/test/features/assessment/adult_reflex_profile_scoring_test.dart: §14.1 Adult scoring 5. context never scores                        00:34 +449: /Users/alexandermessinger/dev/claudvibes/reflexjourney/test/features/assessment/adult_reflex_profile_scoring_test.dart: §14.1 Adult scoring 5. context never scores                        00:34 +449: /Users/alexandermessinger/dev/claudvibes/reflexjourney/test/features/assessment/adult_reflex_profile_scoring_test.dart: §14.1 Adult scoring 6. safety without reflexes never scores        00:34 +450: /Users/alexandermessinger/dev/claudvibes/reflexjourney/test/features/assessment/adult_reflex_profile_scoring_test.dart: §14.1 Adult scoring 6. safety without reflexes never scores        00:34 +450: /Users/alexandermessinger/dev/claudvibes/reflexjourney/test/features/assessment/adult_reflex_profile_scoring_test.dart: §14.1 Adult scoring 7. s046 scores only ATNR and STNR              00:34 +451: /Users/alexandermessinger/dev/claudvibes/reflexjourney/test/features/assessment/adult_reflex_profile_scoring_test.dart: §14.1 Adult scoring 7. s046 scores only ATNR and STNR              00:34 +451: /Users/alexandermessinger/dev/claudvibes/reflexjourney/test/features/assessment/adult_reflex_profile_scoring_test.dart: ... scoring 8. multi-map item increments multiple reflex buckets   00:34 +452: /Users/alexandermessinger/dev/claudvibes/reflexjourney/test/features/assessment/adult_reflex_profile_scoring_test.dart: ... scoring 8. multi-map item increments multiple reflex buckets   00:34 +452: /Users/alexandermessinger/dev/claudvibes/reflexjourney/test/features/assessment/adult_reflex_profile_scoring_test.dart: §14.1 Adult scoring 9. filter hides item → not in possibleCount    00:34 +453: /Users/alexandermessinger/dev/claudvibes/reflexjourney/test/features/assessment/adult_reflex_profile_scoring_test.dart: §14.1 Adult scoring 9. filter hides item → not in possibleCount    00:34 +453: /Users/alexandermessinger/dev/claudvibes/reflexjourney/test/features/assessment/adult_reflex_profile_scoring_test.dart: ... Adult scoring 10. denominator 0 → insufficientData, no percent 00:34 +454: /Users/alexandermessinger/dev/claudvibes/reflexjourney/test/features/assessment/adult_reflex_profile_scoring_test.dart: ... Adult scoring 10. denominator 0 → insufficientData, no percent 00:34 +454: /Users/alexandermessinger/dev/claudvibes/reflexjourney/test/features/assessment/adult_reflex_profile_scoring_test.dart: §14.1 Adult scoring 11. thresholds 29/30, 59/60, 79/80             00:34 +455: /Users/alexandermessinger/dev/claudvibes/reflexjourney/test/features/assessment/adult_reflex_profile_scoring_test.dart: §14.1 Adult scoring 11. thresholds 29/30, 59/60, 79/80             00:34 +455: /Users/alexandermessinger/dev/claudvibes/reflexjourney/test/features/assessment/adult_reflex_profile_scoring_test.dart: §14.1 Adult scoring 12. amphibian 0/1/2 display + disclaimer flag  00:34 +456: /Users/alexandermessinger/dev/claudvibes/reflexjourney/test/features/assessment/adult_reflex_profile_scoring_test.dart: §14.1 Adult scoring 12. amphibian 0/1/2 display + disclaimer flag  00:34 +456: /Users/alexandermessinger/dev/claudvibes/reflexjourney/test/features/assessment/adult_reflex_profile_scoring_test.dart: ... 12b. amphibian answeredCount 0 → insufficientData (§7.4)       00:34 +457: /Users/alexandermessinger/dev/claudvibes/reflexjourney/test/features/assessment/adult_reflex_profile_scoring_test.dart: ... 12b. amphibian answeredCount 0 → insufficientData (§7.4)       00:34 +457: /Users/alexandermessinger/dev/claudvibes/reflexjourney/test/features/assessment/adult_reflex_profile_scoring_test.dart: ... scoring 13. passing child definition into adult engine throws  00:34 +458: /Users/alexandermessinger/dev/claudvibes/reflexjourney/test/features/assessment/adult_reflex_profile_scoring_test.dart: ... scoring 13. passing child definition into adult engine throws  00:34 +458: /Users/alexandermessinger/dev/claudvibes/reflexjourney/test/features/assessment/adult_reflex_profile_scoring_test.dart: §14.1 Adult scoring 14. child engine golden still passes unchanged 00:34 +459: /Users/alexandermessinger/dev/claudvibes/reflexjourney/test/features/assessment/adult_reflex_profile_scoring_test.dart: §14.1 Adult scoring 14. child engine golden still passes unchanged 00:34 +459: /Users/alexandermessinger/dev/claudvibes/reflexjourney/test/features/assessment/adult_reflex_profile_scoring_test.dart: ... 14a. invariant answered+unknown+n.a.+missing == possible_count 00:34 +460: /Users/alexandermessinger/dev/claudvibes/reflexjourney/test/features/assessment/adult_reflex_profile_scoring_test.dart: ... 14a. invariant answered+unknown+n.a.+missing == possible_count 00:34 +460: /Users/alexandermessinger/dev/claudvibes/reflexjourney/test/features/assessment/adult_reflex_profile_scoring_test.dart: ... 14b. possible_count is visible items, not unanswered leftovers 00:34 +461: /Users/alexandermessinger/dev/claudvibes/reflexjourney/test/features/assessment/adult_reflex_profile_scoring_test.dart: ... 14b. possible_count is visible items, not unanswered leftovers 00:34 +461: /Users/alexandermessinger/dev/claudvibes/reflexjourney/test/features/assessment/adult_reflex_profile_scoring_test.dart: ... 14c. filter "?" does not hide; only "no" removes dependents    00:34 +462: /Users/alexandermessinger/dev/claudvibes/reflexjourney/test/features/assessment/adult_reflex_profile_scoring_test.dart: ... 14c. filter "?" does not hide; only "no" removes dependents    00:34 +462: /Users/alexandermessinger/dev/claudvibes/reflexjourney/test/features/assessment/adult_reflex_profile_scoring_test.dart: ... always set; possible_count differs ON/OFF                      00:34 +463: /Users/alexandermessinger/dev/claudvibes/reflexjourney/test/features/assessment/adult_reflex_profile_scoring_test.dart: ... always set; possible_count differs ON/OFF                      00:34 +463: loading /Users/alexandermessinger/dev/claudvibes/reflexjourney/test/features/assessment/reflex_profile_scoring_test.dart                                                                   00:34 +463: /Users/alexandermessinger/dev/claudvibes/reflexjourney/test/features/assessment/reflex_profile_scoring_test.dart: scores only answered yes/no values for each reflex                       00:34 +464: /Users/alexandermessinger/dev/claudvibes/reflexjourney/test/features/assessment/reflex_profile_scoring_test.dart: scores only answered yes/no values for each reflex                       00:34 +464: /Users/alexandermessinger/dev/claudvibes/reflexjourney/test/features/assessment/reflex_profile_scoring_test.dart: does not score context month or free-text answers                        00:34 +465: /Users/alexandermessinger/dev/claudvibes/reflexjourney/test/features/assessment/reflex_profile_scoring_test.dart: does not score context month or free-text answers                        00:34 +465: /Users/alexandermessinger/dev/claudvibes/reflexjourney/test/features/assessment/reflex_profile_scoring_test.dart: collects professional-clearance warning questions                        00:34 +466: /Users/alexandermessinger/dev/claudvibes/reflexjourney/test/features/assessment/reflex_profile_scoring_test.dart: collects professional-clearance warning questions                        00:34 +466: loading /Users/alexandermessinger/dev/claudvibes/reflexjourney/test/features/assessment/reflex_questionnaire_localization_test.dart                                                        00:34 +466: /Users/alexandermessinger/dev/claudvibes/reflexjourney/test/features/assessment/reflex_questionnaire_localization_test.dart: ... preserves questionnaire, question, and module counts      00:34 +467: /Users/alexandermessinger/dev/claudvibes/reflexjourney/test/features/assessment/reflex_questionnaire_localization_test.dart: ... preserves questionnaire, question, and module counts      00:34 +467: /Users/alexandermessinger/dev/claudvibes/reflexjourney/test/features/assessment/reflex_questionnaire_localization_test.dart: ... nonempty paired copy for every definition and question    00:34 +468: /Users/alexandermessinger/dev/claudvibes/reflexjourney/test/features/assessment/reflex_questionnaire_localization_test.dart: ... nonempty paired copy for every definition and question    00:34 +468: /Users/alexandermessinger/dev/claudvibes/reflexjourney/test/features/assessment/reflex_questionnaire_localization_test.dart: ... preserves representative German source copy exactly       00:34 +469: /Users/alexandermessinger/dev/claudvibes/reflexjourney/test/features/assessment/reflex_questionnaire_localization_test.dart: ... preserves representative German source copy exactly       00:34 +469: /Users/alexandermessinger/dev/claudvibes/reflexjourney/test/features/assessment/reflex_questionnaire_localization_test.dart: ... copy contains no German residue and uses FPR, not FLR     00:34 +470: /Users/alexandermessinger/dev/claudvibes/reflexjourney/test/features/assessment/reflex_questionnaire_localization_test.dart: ... copy contains no German residue and uses FPR, not FLR     00:34 +470: /Users/alexandermessinger/dev/claudvibes/reflexjourney/test/features/assessment/reflex_questionnaire_localization_test.dart: ... locale-aware consumers select English and preserve German 00:34 +471: /Users/alexandermessinger/dev/claudvibes/reflexjourney/test/features/assessment/reflex_questionnaire_localization_test.dart: ... locale-aware consumers select English and preserve German 00:35 +471: /Users/alexandermessinger/dev/claudvibes/reflexjourney/test/features/assessment/reflex_questionnaire_localization_test.dart: ... locale-aware consumers select English and preserve German 00:35 +471: loading /Users/alexandermessinger/dev/claudvibes/reflexjourney/test/features/assessment/domain/draft_persistence_service_test.dart                                                         00:35 +471: /Users/alexandermessinger/dev/claudvibes/reflexjourney/test/features/assessment/domain/draft_persistence_service_test.dart: ... saveLocal + loadLocal round-trip preserves all fields      00:35 +472: /Users/alexandermessinger/dev/claudvibes/reflexjourney/test/features/assessment/domain/draft_persistence_service_test.dart: ... saveLocal + loadLocal round-trip preserves all fields      00:35 +472: /Users/alexandermessinger/dev/claudvibes/reflexjourney/test/features/assessment/domain/draft_persistence_service_test.dart: ... loadLocal returns null when nothing saved                  00:35 +473: /Users/alexandermessinger/dev/claudvibes/reflexjourney/test/features/assessment/domain/draft_persistence_service_test.dart: ... loadLocal returns null when nothing saved                  00:35 +473: /Users/alexandermessinger/dev/claudvibes/reflexjourney/test/features/assessment/domain/draft_persistence_service_test.dart: DraftPersistenceService clearLocal removes the draft           00:35 +474: /Users/alexandermessinger/dev/claudvibes/reflexjourney/test/features/assessment/domain/draft_persistence_service_test.dart: DraftPersistenceService clearLocal removes the draft           00:35 +474: /Users/alexandermessinger/dev/claudvibes/reflexjourney/test/features/assessment/domain/draft_persistence_service_test.dart: ... different profile IDs are stored independently             00:35 +475: /Users/alexandermessinger/dev/claudvibes/reflexjourney/test/features/assessment/domain/draft_persistence_service_test.dart: ... different profile IDs are stored independently             00:35 +475: /Users/alexandermessinger/dev/claudvibes/reflexjourney/test/features/assessment/domain/draft_persistence_service_test.dart: ... clearLocal only removes the targeted profile draft         00:35 +476: /Users/alexandermessinger/dev/claudvibes/reflexjourney/test/features/assessment/domain/draft_persistence_service_test.dart: ... clearLocal only removes the targeted profile draft         00:35 +476: /Users/alexandermessinger/dev/claudvibes/reflexjourney/test/features/assessment/domain/draft_persistence_service_test.dart: ... loadLocal returns null and clears corrupt JSON             00:35 +477: /Users/alexandermessinger/dev/claudvibes/reflexjourney/test/features/assessment/domain/draft_persistence_service_test.dart: ... loadLocal returns null and clears corrupt JSON             00:35 +477: /Users/alexandermessinger/dev/claudvibes/reflexjourney/test/features/assessment/domain/draft_persistence_service_test.dart: ... saveLocal is idempotent — overwrites previous draft        00:35 +478: /Users/alexandermessinger/dev/claudvibes/reflexjourney/test/features/assessment/domain/draft_persistence_service_test.dart: ... saveLocal is idempotent — overwrites previous draft        00:35 +478: loading /Users/alexandermessinger/dev/claudvibes/reflexjourney/test/features/assessment/domain/services/training_duration_recommendation_service_test.dart                                 00:35 +478: /Users/alexandermessinger/dev/claudvibes/reflexjourney/test/features/assessment/domain/services/training_duration_recommendation_service_test.dart: ... yes thresholds for Moro max value  00:35 +479: /Users/alexandermessinger/dev/claudvibes/reflexjourney/test/features/assessment/domain/services/training_duration_recommendation_service_test.dart: ... yes thresholds for Moro max value  00:35 +479: /Users/alexandermessinger/dev/claudvibes/reflexjourney/test/features/assessment/domain/services/training_duration_recommendation_service_test.dart: ... no thresholds for Moro max value   00:35 +480: /Users/alexandermessinger/dev/claudvibes/reflexjourney/test/features/assessment/domain/services/training_duration_recommendation_service_test.dart: ... no thresholds for Moro max value   00:35 +480: /Users/alexandermessinger/dev/claudvibes/reflexjourney/test/features/assessment/domain/services/training_duration_recommendation_service_test.dart: ... and FLR and returns both values    00:35 +481: /Users/alexandermessinger/dev/claudvibes/reflexjourney/test/features/assessment/domain/services/training_duration_recommendation_service_test.dart: ... and FLR and returns both values    00:35 +481: /Users/alexandermessinger/dev/claudvibes/reflexjourney/test/features/assessment/domain/services/training_duration_recommendation_service_test.dart: ... mapped value is exposed as null    00:35 +482: /Users/alexandermessinger/dev/claudvibes/reflexjourney/test/features/assessment/domain/services/training_duration_recommendation_service_test.dart: ... mapped value is exposed as null    00:35 +482: ... recommendTrainingDuration missing assessment uses fallback defaults                                                                                                                    00:35 +483: ... recommendTrainingDuration missing assessment uses fallback defaults                                                                                                                    00:36 +483: ... recommendTrainingDuration missing assessment uses fallback defaults                                                                                                                    00:36 +483: loading /Users/alexandermessinger/dev/claudvibes/reflexjourney/test/features/assessment/presentation/adult_progress_profile_card_test.dart                                                 00:36 +483: /Users/alexandermessinger/dev/claudvibes/reflexjourney/test/features/assessment/presentation/adult_progress_profile_card_test.dart: adult_v3 progress card shows top bands and no radar    00:36 +484: /Users/alexandermessinger/dev/claudvibes/reflexjourney/test/features/assessment/presentation/adult_progress_profile_card_test.dart: adult_v3 progress card shows top bands and no radar    00:36 +484: /Users/alexandermessinger/dev/claudvibes/reflexjourney/test/features/assessment/domain/services/reflex_profile_pdf_service_test.dart: ReflexProfilePdfService §10.3b child PDF is one page without answer overview
Helvetica-Bold has no Unicode support see https://github.com/DavBfr/dart_pdf/wiki/Fonts-Management
Helvetica has no Unicode support see https://github.com/DavBfr/dart_pdf/wiki/Fonts-Management
00:36 +485: /Users/alexandermessinger/dev/claudvibes/reflexjourney/test/features/assessment/presentation/adult_progress_profile_card_test.dart: adult_v3 progress card shows top bands and no radar    00:36 +486: /Users/alexandermessinger/dev/claudvibes/reflexjourney/test/features/assessment/presentation/adult_progress_profile_card_test.dart: adult_v3 progress card shows top bands and no radar    00:36 +486: /Users/alexandermessinger/dev/claudvibes/reflexjourney/test/features/assessment/domain/services/reflex_profile_pdf_service_test.dart: ReflexProfilePdfService §10.3b adult PDF is one page with amphibian in list but not as radar axis
Helvetica-Bold has no Unicode support see https://github.com/DavBfr/dart_pdf/wiki/Fonts-Management
Helvetica has no Unicode support see https://github.com/DavBfr/dart_pdf/wiki/Fonts-Management
00:36 +487: /Users/alexandermessinger/dev/claudvibes/reflexjourney/test/features/assessment/presentation/adult_progress_profile_card_test.dart: adult_v3 progress card shows top bands and no radar    00:36 +488: /Users/alexandermessinger/dev/claudvibes/reflexjourney/test/features/assessment/presentation/adult_progress_profile_card_test.dart: adult_v3 progress card shows top bands and no radar    00:36 +489: /Users/alexandermessinger/dev/claudvibes/reflexjourney/test/features/assessment/presentation/adult_progress_profile_card_test.dart: adult_v3 progress card shows top bands and no radar    00:36 +490: /Users/alexandermessinger/dev/claudvibes/reflexjourney/test/features/assessment/presentation/adult_progress_profile_card_test.dart: adult_v3 progress card shows top bands and no radar    00:36 +491: /Users/alexandermessinger/dev/claudvibes/reflexjourney/test/features/assessment/presentation/adult_progress_profile_card_test.dart: adult_v3 progress card shows top bands and no radar    00:36 +492: /Users/alexandermessinger/dev/claudvibes/reflexjourney/test/features/assessment/presentation/adult_progress_profile_card_test.dart: adult_v3 progress card shows top bands and no radar    00:36 +493: /Users/alexandermessinger/dev/claudvibes/reflexjourney/test/features/assessment/presentation/adult_progress_profile_card_test.dart: adult_v3 progress card shows top bands and no radar    00:36 +494: /Users/alexandermessinger/dev/claudvibes/reflexjourney/test/features/assessment/presentation/adult_progress_profile_card_test.dart: adult_v3 progress card shows top bands and no radar    00:36 +495: /Users/alexandermessinger/dev/claudvibes/reflexjourney/test/features/assessment/presentation/adult_progress_profile_card_test.dart: adult_v3 progress card shows top bands and no radar    00:36 +496: /Users/alexandermessinger/dev/claudvibes/reflexjourney/test/features/assessment/presentation/adult_progress_profile_card_test.dart: adult_v3 progress card shows top bands and no radar    00:36 +497: /Users/alexandermessinger/dev/claudvibes/reflexjourney/test/features/assessment/presentation/adult_progress_profile_card_test.dart: adult_v3 progress card shows top bands and no radar    00:36 +498: /Users/alexandermessinger/dev/claudvibes/reflexjourney/test/features/assessment/presentation/adult_progress_profile_card_test.dart: adult_v3 progress card shows top bands and no radar    00:36 +499: /Users/alexandermessinger/dev/claudvibes/reflexjourney/test/features/assessment/presentation/adult_progress_profile_card_test.dart: adult_v3 progress card shows top bands and no radar    00:36 +500: /Users/alexandermessinger/dev/claudvibes/reflexjourney/test/features/assessment/presentation/adult_progress_profile_card_test.dart: adult_v3 progress card shows top bands and no radar    00:37 +500: /Users/alexandermessinger/dev/claudvibes/reflexjourney/test/features/assessment/presentation/adult_progress_profile_card_test.dart: adult_v3 progress card shows top bands and no radar    00:37 +501: /Users/alexandermessinger/dev/claudvibes/reflexjourney/test/features/assessment/presentation/adult_answer_choice_grid_test.dart: adult answer grid exposes semantics on all four choices   00:37 +502: /Users/alexandermessinger/dev/claudvibes/reflexjourney/test/features/assessment/presentation/adult_answer_choice_grid_test.dart: adult answer grid exposes semantics on all four choices   00:37 +503: /Users/alexandermessinger/dev/claudvibes/reflexjourney/test/features/assessment/presentation/adult_answer_choice_grid_test.dart: adult answer grid exposes semantics on all four choices   00:37 +504: /Users/alexandermessinger/dev/claudvibes/reflexjourney/test/features/assessment/presentation/adult_reflex_profile_result_view_test.dart: ... band text, no overall score, amphibian count  00:37 +505: /Users/alexandermessinger/dev/claudvibes/reflexjourney/test/features/assessment/presentation/adult_reflex_profile_result_view_test.dart: ... band text, no overall score, amphibian count  00:37 +506: /Users/alexandermessinger/dev/claudvibes/reflexjourney/test/features/assessment/presentation/adult_reflex_profile_result_view_test.dart: ... band text, no overall score, amphibian count  00:37 +506: /Users/alexandermessinger/dev/claudvibes/reflexjourney/test/features/assessment/presentation/adult_reflex_profile_result_view_test.dart: ... version shows legacy notice instead of bars   00:37 +507: /Users/alexandermessinger/dev/claudvibes/reflexjourney/test/features/assessment/presentation/adult_reflex_profile_result_view_test.dart: ... version shows legacy notice instead of bars   00:37 +507: /Users/alexandermessinger/dev/claudvibes/reflexjourney/test/features/assessment/presentation/adult_reflex_profile_result_view_test.dart: ... shows band text without relying on color alone00:37 +508: /Users/alexandermessinger/dev/claudvibes/reflexjourney/test/features/assessment/presentation/adult_reflex_profile_result_view_test.dart: ... shows band text without relying on color alone00:37 +508: /Users/alexandermessinger/dev/claudvibes/reflexjourney/test/features/assessment/presentation/adult_reflex_profile_result_view_test.dart: adult result UI 200% text scale does not overflow 00:37 +509: /Users/alexandermessinger/dev/claudvibes/reflexjourney/test/features/assessment/presentation/adult_reflex_profile_result_view_test.dart: adult result UI 200% text scale does not overflow 00:37 +509: /Users/alexandermessinger/dev/claudvibes/reflexjourney/test/features/assessment/presentation/adult_reflex_profile_result_view_test.dart: ... UI invite placement is below export actions   00:37 +510: /Users/alexandermessinger/dev/claudvibes/reflexjourney/test/features/assessment/presentation/adult_reflex_profile_result_view_test.dart: ... UI invite placement is below export actions   00:37 +510: /Users/alexandermessinger/dev/claudvibes/reflexjourney/test/features/assessment/presentation/adult_reflex_profile_result_view_test.dart: ... chrome has no amphibian justification copy    00:37 +511: /Users/alexandermessinger/dev/claudvibes/reflexjourney/test/features/assessment/presentation/adult_reflex_profile_result_view_test.dart: ... chrome has no amphibian justification copy    00:37 +511: /Users/alexandermessinger/dev/claudvibes/reflexjourney/test/features/assessment/presentation/adult_reflex_profile_result_view_test.dart: ... card is last in same list with name once      00:37 +512: /Users/alexandermessinger/dev/claudvibes/reflexjourney/test/features/assessment/presentation/adult_reflex_profile_result_view_test.dart: ... card is last in same list with name once      00:37 +512: /Users/alexandermessinger/dev/claudvibes/reflexjourney/test/features/assessment/presentation/adult_reflex_profile_result_view_test.dart: ... shows short Keine Angaben label               00:37 +513: /Users/alexandermessinger/dev/claudvibes/reflexjourney/test/features/assessment/presentation/adult_reflex_profile_result_view_test.dart: ... shows short Keine Angaben label               00:37 +513: /Users/alexandermessinger/dev/claudvibes/reflexjourney/test/features/assessment/presentation/adult_reflex_profile_result_view_test.dart: ... band and amphibian labels exist in DE/EN      00:37 +514: /Users/alexandermessinger/dev/claudvibes/reflexjourney/test/features/assessment/presentation/adult_reflex_profile_result_view_test.dart: ... band and amphibian labels exist in DE/EN      00:37 +514: /Users/alexandermessinger/dev/claudvibes/reflexjourney/test/features/assessment/presentation/adult_reflex_profile_result_view_test.dart: ... fragments absent from adult result chrome     00:37 +515: /Users/alexandermessinger/dev/claudvibes/reflexjourney/test/features/assessment/presentation/adult_reflex_profile_result_view_test.dart: ... fragments absent from adult result chrome     00:37 +515: /Users/alexandermessinger/dev/claudvibes/reflexjourney/test/features/assessment/presentation/adult_reflex_profile_result_view_test.dart: adult radar (10.3b) radar sits above the hint list00:37 +516: /Users/alexandermessinger/dev/claudvibes/reflexjourney/test/features/assessment/presentation/adult_reflex_profile_result_view_test.dart: adult radar (10.3b) radar sits above the hint list00:37 +516: /Users/alexandermessinger/dev/claudvibes/reflexjourney/test/features/assessment/presentation/adult_reflex_profile_result_view_test.dart: ... radar falls back to a notice below three axes 00:37 +517: /Users/alexandermessinger/dev/claudvibes/reflexjourney/test/features/assessment/presentation/adult_reflex_profile_result_view_test.dart: ... radar falls back to a notice below three axes 00:37 +517: /Users/alexandermessinger/dev/claudvibes/reflexjourney/test/features/assessment/presentation/adult_reflex_profile_result_view_test.dart: ... radar axes exclude the amphibian reflex       00:37 +518: /Users/alexandermessinger/dev/claudvibes/reflexjourney/test/features/assessment/presentation/adult_reflex_profile_result_view_test.dart: ... radar axes exclude the amphibian reflex       00:38 +518: /Users/alexandermessinger/dev/claudvibes/reflexjourney/test/features/assessment/presentation/adult_reflex_profile_result_view_test.dart: ... radar axes exclude the amphibian reflex       00:38 +518: loading /Users/alexandermessinger/dev/claudvibes/reflexjourney/test/features/assessment/presentation/adult_top_pattern_lines_test.dart                                                     00:38 +518: /Users/alexandermessinger/dev/claudvibes/reflexjourney/test/features/assessment/presentation/adult_top_pattern_lines_test.dart: adultTopPatternLines ranks by percent and caps at three    00:38 +519: /Users/alexandermessinger/dev/claudvibes/reflexjourney/test/features/assessment/presentation/adult_top_pattern_lines_test.dart: adultTopPatternLines ranks by percent and caps at three    00:38 +519: loading /Users/alexandermessinger/dev/claudvibes/reflexjourney/test/features/assessment/presentation/additional_answers_panel_test.dart                                                    00:38 +519: /Users/alexandermessinger/dev/claudvibes/reflexjourney/test/features/assessment/presentation/additional_answers_panel_test.dart: additional answers start collapsed                        00:38 +520: /Users/alexandermessinger/dev/claudvibes/reflexjourney/test/features/assessment/presentation/additional_answers_panel_test.dart: additional answers start collapsed                        00:38 +521: /Users/alexandermessinger/dev/claudvibes/reflexjourney/test/features/assessment/presentation/additional_answers_panel_test.dart: additional answers start collapsed                        00:38 +522: /Users/alexandermessinger/dev/claudvibes/reflexjourney/test/features/assessment/presentation/additional_answers_panel_test.dart: additional answers start collapsed                        00:38 +523: /Users/alexandermessinger/dev/claudvibes/reflexjourney/test/features/assessment/presentation/additional_answers_panel_test.dart: additional answers start collapsed                        00:38 +524: /Users/alexandermessinger/dev/claudvibes/reflexjourney/test/features/assessment/presentation/additional_answers_panel_test.dart: additional answers start collapsed                        00:38 +525: /Users/alexandermessinger/dev/claudvibes/reflexjourney/test/features/assessment/presentation/additional_answers_panel_test.dart: additional answers start collapsed                        00:38 +526: /Users/alexandermessinger/dev/claudvibes/reflexjourney/test/features/assessment/presentation/additional_answers_panel_test.dart: additional answers start collapsed                        00:38 +527: /Users/alexandermessinger/dev/claudvibes/reflexjourney/test/features/assessment/presentation/additional_answers_panel_test.dart: additional answers start collapsed                        00:38 +528: /Users/alexandermessinger/dev/claudvibes/reflexjourney/test/features/assessment/presentation/additional_answers_panel_test.dart: additional answers start collapsed                        00:38 +529: /Users/alexandermessinger/dev/claudvibes/reflexjourney/test/features/assessment/presentation/additional_answers_panel_test.dart: additional answers start collapsed                        00:38 +530: /Users/alexandermessinger/dev/claudvibes/reflexjourney/test/features/assessment/presentation/additional_answers_panel_test.dart: additional answers start collapsed                        00:39 +530: /Users/alexandermessinger/dev/claudvibes/reflexjourney/test/features/assessment/presentation/additional_answers_panel_test.dart: additional answers start collapsed                        00:39 +531: /Users/alexandermessinger/dev/claudvibes/reflexjourney/test/features/assessment/presentation/additional_answers_panel_test.dart: additional answers start collapsed                        00:39 +531: /Users/alexandermessinger/dev/claudvibes/reflexjourney/test/features/assessment/presentation/additional_answers_panel_test.dart: tapping the title reveals the entries                     00:39 +532: /Users/alexandermessinger/dev/claudvibes/reflexjourney/test/features/dashboard/mark_today_complete_test.dart: logging a day writes one session row per selected profile                    00:39 +533: /Users/alexandermessinger/dev/claudvibes/reflexjourney/test/features/assessment/presentation/additional_answers_panel_test.dart: empty state stays behind the collapsed title              00:39 +534: /Users/alexandermessinger/dev/claudvibes/reflexjourney/test/features/assessment/presentation/additional_answers_panel_test.dart: empty state stays behind the collapsed title              00:39 +535: /Users/alexandermessinger/dev/claudvibes/reflexjourney/test/features/assessment/presentation/additional_answers_panel_test.dart: empty state stays behind the collapsed title              00:39 +535: loading /Users/alexandermessinger/dev/claudvibes/reflexjourney/test/features/invite/data/supabase_invite_repository_parse_test.dart                                                        00:39 +535: /Users/alexandermessinger/dev/claudvibes/reflexjourney/test/features/invite/data/supabase_invite_repository_parse_test.dart: redeem result is read from object payload                     00:39 +536: /Users/alexandermessinger/dev/claudvibes/reflexjourney/test/features/invite/data/supabase_invite_repository_parse_test.dart: redeem result is read from object payload                     00:39 +536: /Users/alexandermessinger/dev/claudvibes/reflexjourney/test/features/invite/data/supabase_invite_repository_parse_test.dart: list-wrapped jsonb payload is unwrapped                       00:39 +537: /Users/alexandermessinger/dev/claudvibes/reflexjourney/test/features/invite/data/supabase_invite_repository_parse_test.dart: list-wrapped jsonb payload is unwrapped                       00:39 +537: /Users/alexandermessinger/dev/claudvibes/reflexjourney/test/features/invite/data/supabase_invite_repository_parse_test.dart: empty or scalar payload throws FormatException                00:39 +538: /Users/alexandermessinger/dev/claudvibes/reflexjourney/test/features/invite/data/supabase_invite_repository_parse_test.dart: empty or scalar payload throws FormatException                00:40 +538: /Users/alexandermessinger/dev/claudvibes/reflexjourney/test/features/invite/data/supabase_invite_repository_parse_test.dart: empty or scalar payload throws FormatException                00:40 +538: loading /Users/alexandermessinger/dev/claudvibes/reflexjourney/test/features/invite/domain/invite_models_test.dart                                                                         00:40 +538: /Users/alexandermessinger/dev/claudvibes/reflexjourney/test/features/invite/domain/invite_models_test.dart: InviteOverview.fromJson parses code and activated_count                        00:40 +539: /Users/alexandermessinger/dev/claudvibes/reflexjourney/test/features/invite/domain/invite_models_test.dart: InviteOverview.fromJson parses code and activated_count                        00:40 +539: /Users/alexandermessinger/dev/claudvibes/reflexjourney/test/features/invite/domain/invite_models_test.dart: InviteOverview.fromJson accepts whole numeric activated_count from jsonb       00:40 +540: /Users/alexandermessinger/dev/claudvibes/reflexjourney/test/features/invite/domain/invite_models_test.dart: InviteOverview.fromJson accepts whole numeric activated_count from jsonb       00:40 +540: /Users/alexandermessinger/dev/claudvibes/reflexjourney/test/features/invite/domain/invite_models_test.dart: InviteOverview.fromJson rejects invalid code shape                             00:40 +541: /Users/alexandermessinger/dev/claudvibes/reflexjourney/test/features/invite/domain/invite_models_test.dart: InviteOverview.fromJson rejects invalid code shape                             00:40 +541: /Users/alexandermessinger/dev/claudvibes/reflexjourney/test/features/invite/domain/invite_models_test.dart: InviteOverview.fromJson rejects negative and fractional activated_count        00:40 +542: /Users/alexandermessinger/dev/claudvibes/reflexjourney/test/features/invite/domain/invite_models_test.dart: InviteOverview.fromJson rejects negative and fractional activated_count        00:40 +542: /Users/alexandermessinger/dev/claudvibes/reflexjourney/test/features/invite/domain/invite_models_test.dart: InviteOverview.fromJson throws when code missing                               00:40 +543: /Users/alexandermessinger/dev/claudvibes/reflexjourney/test/features/invite/domain/invite_models_test.dart: InviteOverview.fromJson throws when code missing                               00:40 +543: /Users/alexandermessinger/dev/claudvibes/reflexjourney/test/features/invite/domain/invite_models_test.dart: InviteRedeemResult.fromRpc maps every known result value                       00:40 +544: /Users/alexandermessinger/dev/claudvibes/reflexjourney/test/features/invite/domain/invite_models_test.dart: InviteRedeemResult.fromRpc maps every known result value                       00:40 +544: /Users/alexandermessinger/dev/claudvibes/reflexjourney/test/features/invite/domain/invite_models_test.dart: InviteRedeemResult.fromRpc null or unknown values throw FormatException        00:40 +545: /Users/alexandermessinger/dev/claudvibes/reflexjourney/test/features/invite/domain/invite_models_test.dart: InviteRedeemResult.fromRpc null or unknown values throw FormatException        00:40 +545: loading /Users/alexandermessinger/dev/claudvibes/reflexjourney/test/features/invite/domain/invite_prompt_policy_test.dart                                                                  00:40 +545: /Users/alexandermessinger/dev/claudvibes/reflexjourney/test/features/invite/domain/invite_prompt_policy_test.dart: shows when all gates pass                                               00:40 +546: /Users/alexandermessinger/dev/claudvibes/reflexjourney/test/features/invite/domain/invite_prompt_policy_test.dart: shows when all gates pass                                               00:40 +546: /Users/alexandermessinger/dev/claudvibes/reflexjourney/test/features/invite/domain/invite_prompt_policy_test.dart: suppresses when source disabled (I2)                                    00:40 +547: /Users/alexandermessinger/dev/claudvibes/reflexjourney/test/features/invite/domain/invite_prompt_policy_test.dart: suppresses when source disabled (I2)                                    00:40 +547: /Users/alexandermessinger/dev/claudvibes/reflexjourney/test/features/invite/domain/invite_prompt_policy_test.dart: suppresses outside eligible context                                     00:40 +548: /Users/alexandermessinger/dev/claudvibes/reflexjourney/test/features/invite/domain/invite_prompt_policy_test.dart: suppresses outside eligible context                                     00:40 +548: /Users/alexandermessinger/dev/claudvibes/reflexjourney/test/features/invite/domain/invite_prompt_policy_test.dart: suppresses during training session                                      00:40 +549: /Users/alexandermessinger/dev/claudvibes/reflexjourney/test/features/invite/domain/invite_prompt_policy_test.dart: suppresses during training session                                      00:40 +549: /Users/alexandermessinger/dev/claudvibes/reflexjourney/test/features/invite/domain/invite_prompt_policy_test.dart: suppresses on low mood in last 24h                                      00:40 +550: /Users/alexandermessinger/dev/claudvibes/reflexjourney/test/features/invite/domain/invite_prompt_policy_test.dart: suppresses on low mood in last 24h                                      00:40 +550: /Users/alexandermessinger/dev/claudvibes/reflexjourney/test/features/invite/domain/invite_prompt_policy_test.dart: suppresses when permanently silent                                      00:40 +551: /Users/alexandermessinger/dev/claudvibes/reflexjourney/test/features/invite/domain/invite_prompt_policy_test.dart: suppresses when permanently silent                                      00:40 +551: /Users/alexandermessinger/dev/claudvibes/reflexjourney/test/features/invite/domain/invite_prompt_policy_test.dart: suppresses after two settled ignored shows                              00:40 +552: /Users/alexandermessinger/dev/claudvibes/reflexjourney/test/features/invite/domain/invite_prompt_policy_test.dart: suppresses after two settled ignored shows                              00:40 +552: loading /Users/alexandermessinger/dev/claudvibes/reflexjourney/test/features/invite/presentation/invite_messages_test.dart                                                                 00:40 +552: /Users/alexandermessinger/dev/claudvibes/reflexjourney/test/features/invite/presentation/invite_messages_test.dart: (setUpAll)                                                             00:40 +553: /Users/alexandermessinger/dev/claudvibes/reflexjourney/test/features/invite/presentation/invite_messages_test.dart: (setUpAll)                                                             00:40 +554: /Users/alexandermessinger/dev/claudvibes/reflexjourney/test/features/invite/presentation/invite_messages_test.dart: (setUpAll)                                                             00:40 +555: /Users/alexandermessinger/dev/claudvibes/reflexjourney/test/features/invite/presentation/invite_messages_test.dart: (setUpAll)                                                             00:40 +556: /Users/alexandermessinger/dev/claudvibes/reflexjourney/test/features/invite/presentation/invite_messages_test.dart: (setUpAll)                                                             00:40 +557: /Users/alexandermessinger/dev/claudvibes/reflexjourney/test/features/invite/presentation/invite_messages_test.dart: (setUpAll)                                                             00:40 +558: /Users/alexandermessinger/dev/claudvibes/reflexjourney/test/features/invite/presentation/invite_messages_test.dart: (setUpAll)                                                             00:40 +559: /Users/alexandermessinger/dev/claudvibes/reflexjourney/test/features/invite/presentation/invite_messages_test.dart: (setUpAll)                                                             00:40 +560: /Users/alexandermessinger/dev/claudvibes/reflexjourney/test/features/invite/presentation/invite_messages_test.dart: (setUpAll)                                                             00:40 +560: /Users/alexandermessinger/dev/claudvibes/reflexjourney/test/features/invite/presentation/invite_messages_test.dart: normalizeInviteCodeInput strips separators and uppercases              00:40 +561: /Users/alexandermessinger/dev/claudvibes/reflexjourney/test/features/invite/presentation/invite_messages_test.dart: normalizeInviteCodeInput strips separators and uppercases              00:40 +561: /Users/alexandermessinger/dev/claudvibes/reflexjourney/test/features/invite/presentation/invite_messages_test.dart: isWellFormedInviteCode accepts alphabet and length only                00:40 +562: /Users/alexandermessinger/dev/claudvibes/reflexjourney/test/features/invite/presentation/invite_messages_test.dart: isWellFormedInviteCode accepts alphabet and length only                00:40 +562: /Users/alexandermessinger/dev/claudvibes/reflexjourney/test/features/invite/presentation/invite_messages_test.dart: each redeem result maps to its dedicated message                       00:40 +563: /Users/alexandermessinger/dev/claudvibes/reflexjourney/test/features/invite/presentation/invite_messages_test.dart: each redeem result maps to its dedicated message                       00:40 +563: /Users/alexandermessinger/dev/claudvibes/reflexjourney/test/features/invite/presentation/invite_messages_test.dart: error messages are distinct — no generic collapse                      00:40 +564: /Users/alexandermessinger/dev/claudvibes/reflexjourney/test/features/invite/presentation/invite_messages_test.dart: error messages are distinct — no generic collapse                      00:40 +564: /Users/alexandermessinger/dev/claudvibes/reflexjourney/test/features/invite/presentation/invite_messages_test.dart: (tearDownAll)                                                          00:40 +564: loading /Users/alexandermessinger/dev/claudvibes/reflexjourney/test/features/invite/presentation/invite_gate_test.dart                                                                     00:40 +564: /Users/alexandermessinger/dev/claudvibes/reflexjourney/test/features/invite/presentation/invite_gate_test.dart: kInviteEnabled is off until Phase-5 device checks pass                     00:40 +565: /Users/alexandermessinger/dev/claudvibes/reflexjourney/test/features/invite/presentation/invite_gate_test.dart: kInviteEnabled is off until Phase-5 device checks pass                     00:40 +565: loading /Users/alexandermessinger/dev/claudvibes/reflexjourney/test/features/invite/presentation/impact_tree_card_golden_test.dart                                                         00:40 +565: /Users/alexandermessinger/dev/claudvibes/reflexjourney/test/features/invite/presentation/impact_tree_card_golden_test.dart: crown tier densifies only after twelve activations             00:40 +566: /Users/alexandermessinger/dev/claudvibes/reflexjourney/test/features/invite/presentation/impact_tree_card_golden_test.dart: crown tier densifies only after twelve activations             00:40 +566: /Users/alexandermessinger/dev/claudvibes/reflexjourney/test/features/invite/presentation/impact_tree_card_golden_test.dart: impact tree golden count=0 dark                                00:41 +566: /Users/alexandermessinger/dev/claudvibes/reflexjourney/test/features/invite/presentation/impact_tree_card_golden_test.dart: impact tree golden count=0 dark                                00:41 +567: /Users/alexandermessinger/dev/claudvibes/reflexjourney/test/features/invite/presentation/impact_tree_card_golden_test.dart: impact tree golden count=0 dark                                00:41 +567: /Users/alexandermessinger/dev/claudvibes/reflexjourney/test/features/invite/presentation/impact_tree_card_golden_test.dart: impact tree golden count=0 light                               00:41 +568: /Users/alexandermessinger/dev/claudvibes/reflexjourney/test/features/invite/presentation/impact_tree_card_golden_test.dart: impact tree golden count=0 light                               00:41 +568: /Users/alexandermessinger/dev/claudvibes/reflexjourney/test/features/invite/presentation/impact_tree_card_golden_test.dart: impact tree golden count=1 dark                                00:41 +569: /Users/alexandermessinger/dev/claudvibes/reflexjourney/test/features/invite/presentation/impact_tree_card_golden_test.dart: impact tree golden count=1 dark                                00:41 +569: /Users/alexandermessinger/dev/claudvibes/reflexjourney/test/features/invite/presentation/impact_tree_card_golden_test.dart: impact tree golden count=1 light                               00:41 +570: /Users/alexandermessinger/dev/claudvibes/reflexjourney/test/features/invite/presentation/impact_tree_card_golden_test.dart: impact tree golden count=1 light                               00:41 +570: /Users/alexandermessinger/dev/claudvibes/reflexjourney/test/features/invite/presentation/impact_tree_card_golden_test.dart: impact tree golden count=5 dark                                00:41 +571: /Users/alexandermessinger/dev/claudvibes/reflexjourney/test/features/invite/presentation/impact_tree_card_golden_test.dart: impact tree golden count=5 dark                                00:41 +571: /Users/alexandermessinger/dev/claudvibes/reflexjourney/test/features/invite/presentation/impact_tree_card_golden_test.dart: impact tree golden count=5 light                               00:41 +572: /Users/alexandermessinger/dev/claudvibes/reflexjourney/test/features/invite/presentation/impact_tree_card_golden_test.dart: impact tree golden count=5 light                               00:41 +572: /Users/alexandermessinger/dev/claudvibes/reflexjourney/test/features/invite/presentation/impact_tree_card_golden_test.dart: impact tree golden count=12 dark                               00:41 +573: /Users/alexandermessinger/dev/claudvibes/reflexjourney/test/features/invite/presentation/impact_tree_card_golden_test.dart: impact tree golden count=12 dark                               00:41 +573: /Users/alexandermessinger/dev/claudvibes/reflexjourney/test/features/invite/presentation/impact_tree_card_golden_test.dart: impact tree golden count=12 light                              00:41 +574: /Users/alexandermessinger/dev/claudvibes/reflexjourney/test/features/invite/presentation/invite_redeem_screen_test.dart: confirm sheet shows code, benefit, and privacy body               00:41 +575: /Users/alexandermessinger/dev/claudvibes/reflexjourney/test/features/invite/presentation/invite_redeem_screen_test.dart: confirm sheet shows code, benefit, and privacy body               00:41 +576: /Users/alexandermessinger/dev/claudvibes/reflexjourney/test/features/invite/presentation/invite_redeem_screen_test.dart: confirm sheet shows code, benefit, and privacy body               00:41 +577: /Users/alexandermessinger/dev/claudvibes/reflexjourney/test/features/invite/presentation/invite_redeem_screen_test.dart: confirm sheet shows code, benefit, and privacy body               00:41 +578: /Users/alexandermessinger/dev/claudvibes/reflexjourney/test/features/invite/presentation/invite_redeem_screen_test.dart: confirm sheet shows code, benefit, and privacy body               00:41 +579: /Users/alexandermessinger/dev/claudvibes/reflexjourney/test/features/invite/presentation/invite_redeem_screen_test.dart: confirm sheet shows code, benefit, and privacy body               00:41 +580: /Users/alexandermessinger/dev/claudvibes/reflexjourney/test/features/invite/presentation/invite_redeem_screen_test.dart: confirm sheet shows code, benefit, and privacy body               00:41 +581: /Users/alexandermessinger/dev/claudvibes/reflexjourney/test/features/invite/presentation/invite_redeem_screen_test.dart: confirm sheet shows code, benefit, and privacy body               00:41 +582: /Users/alexandermessinger/dev/claudvibes/reflexjourney/test/features/invite/presentation/invite_redeem_screen_test.dart: confirm sheet shows code, benefit, and privacy body               00:42 +582: /Users/alexandermessinger/dev/claudvibes/reflexjourney/test/features/invite/presentation/invite_redeem_screen_test.dart: confirm sheet shows code, benefit, and privacy body               00:42 +583: /Users/alexandermessinger/dev/claudvibes/reflexjourney/test/features/invite/presentation/impact_tree_card_semantics_test.dart: impact tree card exposes a single aggregated semantics label00:42 +584: /Users/alexandermessinger/dev/claudvibes/reflexjourney/test/features/invite/presentation/impact_tree_card_semantics_test.dart: impact tree card exposes a single aggregated semantics label00:42 +585: /Users/alexandermessinger/dev/claudvibes/reflexjourney/test/features/invite/presentation/invite_impulse_card_test.dart: impulse card is an inline card, not a dialog                       00:42 +586: /Users/alexandermessinger/dev/claudvibes/reflexjourney/test/features/invite/presentation/invite_impulse_card_test.dart: impulse card is an inline card, not a dialog                       00:42 +587: /Users/alexandermessinger/dev/claudvibes/reflexjourney/test/features/invite/presentation/invite_impulse_card_test.dart: impulse card is an inline card, not a dialog                       00:42 +588: /Users/alexandermessinger/dev/claudvibes/reflexjourney/test/features/invite/presentation/invite_impulse_card_test.dart: impulse card is an inline card, not a dialog                       00:42 +589: /Users/alexandermessinger/dev/claudvibes/reflexjourney/test/features/invite/presentation/invite_impulse_card_test.dart: impulse card is an inline card, not a dialog                       00:42 +590: /Users/alexandermessinger/dev/claudvibes/reflexjourney/test/features/invite/presentation/invite_redeem_screen_test.dart: redeem shows dedicated message for unknown_code                   00:42 +591: /Users/alexandermessinger/dev/claudvibes/reflexjourney/test/features/invite/presentation/invite_redeem_screen_test.dart: redeem shows dedicated message for unknown_code                   00:42 +591: /Users/alexandermessinger/dev/claudvibes/reflexjourney/test/features/invite/presentation/invite_redeem_screen_test.dart: network / PostgREST errors show offline message                   00:43 +591: /Users/alexandermessinger/dev/claudvibes/reflexjourney/test/features/invite/presentation/invite_redeem_screen_test.dart: network / PostgREST errors show offline message                   00:43 +592: /Users/alexandermessinger/dev/claudvibes/reflexjourney/test/features/invite/presentation/invite_redeem_screen_test.dart: network / PostgREST errors show offline message                   00:43 +592: /Users/alexandermessinger/dev/claudvibes/reflexjourney/test/features/invite/presentation/invite_redeem_screen_test.dart: SocketException shows offline message                             00:43 +593: /Users/alexandermessinger/dev/claudvibes/reflexjourney/test/features/invite/presentation/invite_redeem_screen_test.dart: SocketException shows offline message                             00:43 +593: /Users/alexandermessinger/dev/claudvibes/reflexjourney/test/features/invite/presentation/invite_redeem_screen_test.dart: FormatException shows unexpected message, not offline             00:43 +594: /Users/alexandermessinger/dev/claudvibes/reflexjourney/test/features/consent/consent_screen_layout_b_test.dart: discover CTA stays disabled until checkbox is checked                      00:43 +595: /Users/alexandermessinger/dev/claudvibes/reflexjourney/test/features/consent/consent_screen_layout_b_test.dart: discover CTA stays disabled until checkbox is checked                      00:43 +596: /Users/alexandermessinger/dev/claudvibes/reflexjourney/test/features/consent/consent_screen_layout_b_test.dart: discover CTA stays disabled until checkbox is checked                      00:43 +597: /Users/alexandermessinger/dev/claudvibes/reflexjourney/test/features/consent/consent_screen_layout_b_test.dart: discover CTA stays disabled until checkbox is checked                      00:43 +598: /Users/alexandermessinger/dev/claudvibes/reflexjourney/test/features/consent/consent_screen_layout_b_test.dart: discover CTA stays disabled until checkbox is checked                      00:43 +599: /Users/alexandermessinger/dev/claudvibes/reflexjourney/test/features/consent/consent_screen_layout_b_test.dart: discover CTA stays disabled until checkbox is checked                      00:43 +600: /Users/alexandermessinger/dev/claudvibes/reflexjourney/test/features/consent/consent_screen_layout_b_test.dart: discover CTA stays disabled until checkbox is checked                      00:43 +601: /Users/alexandermessinger/dev/claudvibes/reflexjourney/test/features/consent/consent_screen_layout_b_test.dart: discover CTA stays disabled until checkbox is checked                      00:43 +602: /Users/alexandermessinger/dev/claudvibes/reflexjourney/test/features/consent/consent_screen_layout_b_test.dart: discover CTA stays disabled until checkbox is checked                      00:43 +603: /Users/alexandermessinger/dev/claudvibes/reflexjourney/test/features/consent/consent_screen_layout_b_test.dart: discover CTA stays disabled until checkbox is checked                      00:43 +604: /Users/alexandermessinger/dev/claudvibes/reflexjourney/test/features/consent/consent_screen_layout_b_test.dart: discover CTA stays disabled until checkbox is checked                      00:43 +605: /Users/alexandermessinger/dev/claudvibes/reflexjourney/test/features/invite/presentation/invite_redeem_screen_test.dart: terminal non-accepted RPC results clear the pending invite code   00:44 +605: /Users/alexandermessinger/dev/claudvibes/reflexjourney/test/features/invite/presentation/invite_redeem_screen_test.dart: terminal non-accepted RPC results clear the pending invite code   00:44 +606: /Users/alexandermessinger/dev/claudvibes/reflexjourney/test/features/profile/presentation/subject_profile_reflex_action_tile_test.dart: ... shows view label and routes to result          00:44 +607: /Users/alexandermessinger/dev/claudvibes/reflexjourney/test/features/profile/presentation/subject_profile_reflex_action_tile_test.dart: ... shows view label and routes to result          00:44 +608: /Users/alexandermessinger/dev/claudvibes/reflexjourney/test/features/profile/presentation/subject_profile_reflex_action_tile_test.dart: ... shows view label and routes to result          00:44 +609: /Users/alexandermessinger/dev/claudvibes/reflexjourney/test/features/profile/presentation/subject_profile_reflex_action_tile_test.dart: ... shows view label and routes to result          00:44 +610: /Users/alexandermessinger/dev/claudvibes/reflexjourney/test/features/profile/presentation/subject_profile_reflex_action_tile_test.dart: ... shows view label and routes to result          00:44 +611: /Users/alexandermessinger/dev/claudvibes/reflexjourney/test/features/profile/presentation/subject_profile_reflex_action_tile_test.dart: ... shows view label and routes to result          00:44 +611: /Users/alexandermessinger/dev/claudvibes/reflexjourney/test/features/profile/presentation/subject_profile_reflex_action_tile_test.dart: without assessment shows fill label                00:44 +612: /Users/alexandermessinger/dev/claudvibes/reflexjourney/test/features/profile/presentation/subject_profile_reflex_action_tile_test.dart: without assessment shows fill label                00:44 +612: loading /Users/alexandermessinger/dev/claudvibes/reflexjourney/test/features/community/community_screen_test.dart                                                                          00:44 +612: /Users/alexandermessinger/dev/claudvibes/reflexjourney/test/features/community/community_screen_test.dart: CommunityScreen renders Erfahrungen title and empty state                       00:45 +612: /Users/alexandermessinger/dev/claudvibes/reflexjourney/test/features/community/community_screen_test.dart: CommunityScreen renders Erfahrungen title and empty state                       00:45 +613: /Users/alexandermessinger/dev/claudvibes/reflexjourney/test/features/community/community_screen_test.dart: CommunityScreen renders Erfahrungen title and empty state                       00:45 +614: /Users/alexandermessinger/dev/claudvibes/reflexjourney/test/features/community/community_screen_test.dart: CommunityScreen renders Erfahrungen title and empty state                       00:45 +615: /Users/alexandermessinger/dev/claudvibes/reflexjourney/test/features/community/community_screen_test.dart: CommunityScreen renders Erfahrungen title and empty state                       00:45 +616: /Users/alexandermessinger/dev/claudvibes/reflexjourney/test/features/community/community_screen_test.dart: CommunityScreen renders Erfahrungen title and empty state                       00:45 +617: /Users/alexandermessinger/dev/claudvibes/reflexjourney/test/features/community/community_screen_test.dart: CommunityScreen renders Erfahrungen title and empty state                       00:45 +618: /Users/alexandermessinger/dev/claudvibes/reflexjourney/test/features/community/community_screen_test.dart: CommunityScreen renders Erfahrungen title and empty state                       00:45 +619: /Users/alexandermessinger/dev/claudvibes/reflexjourney/test/features/community/community_screen_test.dart: CommunityScreen renders Erfahrungen title and empty state                       00:45 +620: /Users/alexandermessinger/dev/claudvibes/reflexjourney/test/features/community/community_screen_test.dart: CommunityScreen renders Erfahrungen title and empty state                       00:45 +621: /Users/alexandermessinger/dev/claudvibes/reflexjourney/test/features/community/community_screen_test.dart: CommunityScreen renders Erfahrungen title and empty state                       00:45 +622: /Users/alexandermessinger/dev/claudvibes/reflexjourney/test/features/community/community_screen_test.dart: CommunityScreen renders Erfahrungen title and empty state                       00:45 +623: /Users/alexandermessinger/dev/claudvibes/reflexjourney/test/features/community/community_screen_test.dart: CommunityScreen renders Erfahrungen title and empty state                       00:45 +624: /Users/alexandermessinger/dev/claudvibes/reflexjourney/test/features/community/community_screen_test.dart: CommunityScreen renders Erfahrungen title and empty state                       00:45 +625: /Users/alexandermessinger/dev/claudvibes/reflexjourney/test/features/community/community_screen_test.dart: CommunityScreen renders Erfahrungen title and empty state                       00:45 +625: loading /Users/alexandermessinger/dev/claudvibes/reflexjourney/test/features/premium/paywall_screen_test.dart                                                                              00:45 +625: /Users/alexandermessinger/dev/claudvibes/reflexjourney/test/features/premium/paywall_screen_test.dart: rendert Trio mit Preisen, Jahres-Badge und Dauer-Hinweis                            00:46 +625: /Users/alexandermessinger/dev/claudvibes/reflexjourney/test/features/premium/paywall_screen_test.dart: rendert Trio mit Preisen, Jahres-Badge und Dauer-Hinweis                            00:46 +626: /Users/alexandermessinger/dev/claudvibes/reflexjourney/test/features/premium/paywall_screen_test.dart: rendert Trio mit Preisen, Jahres-Badge und Dauer-Hinweis                            00:46 +627: /Users/alexandermessinger/dev/claudvibes/reflexjourney/test/features/premium/paywall_screen_test.dart: rendert Trio mit Preisen, Jahres-Badge und Dauer-Hinweis                            00:46 +628: /Users/alexandermessinger/dev/claudvibes/reflexjourney/test/features/premium/paywall_screen_test.dart: rendert Trio mit Preisen, Jahres-Badge und Dauer-Hinweis                            00:46 +629: /Users/alexandermessinger/dev/claudvibes/reflexjourney/test/features/premium/paywall_screen_test.dart: rendert Trio mit Preisen, Jahres-Badge und Dauer-Hinweis                            00:46 +630: /Users/alexandermessinger/dev/claudvibes/reflexjourney/test/features/premium/paywall_screen_test.dart: rendert Trio mit Preisen, Jahres-Badge und Dauer-Hinweis                            00:46 +631: /Users/alexandermessinger/dev/claudvibes/reflexjourney/test/features/premium/paywall_screen_test.dart: rendert Trio mit Preisen, Jahres-Badge und Dauer-Hinweis                            00:46 +632: /Users/alexandermessinger/dev/claudvibes/reflexjourney/test/features/premium/paywall_screen_test.dart: rendert Trio mit Preisen, Jahres-Badge und Dauer-Hinweis                            00:46 +633: /Users/alexandermessinger/dev/claudvibes/reflexjourney/test/features/premium/paywall_screen_test.dart: rendert Trio mit Preisen, Jahres-Badge und Dauer-Hinweis                            00:46 +634: /Users/alexandermessinger/dev/claudvibes/reflexjourney/test/features/premium/paywall_screen_test.dart: rendert Trio mit Preisen, Jahres-Badge und Dauer-Hinweis                            00:46 +635: /Users/alexandermessinger/dev/claudvibes/reflexjourney/test/features/premium/paywall_screen_test.dart: rendert Trio mit Preisen, Jahres-Badge und Dauer-Hinweis                            00:46 +636: /Users/alexandermessinger/dev/claudvibes/reflexjourney/test/features/premium/paywall_screen_test.dart: rendert Trio mit Preisen, Jahres-Badge und Dauer-Hinweis                            00:46 +637: /Users/alexandermessinger/dev/claudvibes/reflexjourney/test/features/premium/redeem_access_code_dialog_test.dart: redemption dialog renders de at 150% text scale                          00:46 +638: /Users/alexandermessinger/dev/claudvibes/reflexjourney/test/features/premium/redeem_access_code_dialog_test.dart: redemption dialog renders de at 150% text scale                          00:46 +639: /Users/alexandermessinger/dev/claudvibes/reflexjourney/test/features/premium/redeem_access_code_dialog_test.dart: redemption dialog renders de at 150% text scale                          00:46 +640: /Users/alexandermessinger/dev/claudvibes/reflexjourney/test/features/premium/redeem_access_code_dialog_test.dart: redemption dialog renders de at 150% text scale                          00:46 +641: /Users/alexandermessinger/dev/claudvibes/reflexjourney/test/features/premium/redeem_access_code_dialog_test.dart: redemption dialog renders de at 150% text scale                          00:46 +642: /Users/alexandermessinger/dev/claudvibes/reflexjourney/test/features/premium/redeem_access_code_dialog_test.dart: redemption dialog renders de at 150% text scale                          00:46 +643: /Users/alexandermessinger/dev/claudvibes/reflexjourney/test/features/premium/redeem_access_code_dialog_test.dart: redemption dialog renders de at 150% text scale                          00:46 +644: /Users/alexandermessinger/dev/claudvibes/reflexjourney/test/features/premium/redeem_access_code_dialog_test.dart: redemption dialog renders de at 150% text scale                          00:46 +645: /Users/alexandermessinger/dev/claudvibes/reflexjourney/test/features/premium/redeem_access_code_dialog_test.dart: redemption dialog renders de at 150% text scale                          00:46 +646: /Users/alexandermessinger/dev/claudvibes/reflexjourney/test/features/premium/redeem_access_code_dialog_test.dart: redemption dialog renders de at 150% text scale                          00:46 +647: /Users/alexandermessinger/dev/claudvibes/reflexjourney/test/features/premium/redeem_access_code_dialog_test.dart: redemption dialog renders de at 150% text scale                          00:46 +648: /Users/alexandermessinger/dev/claudvibes/reflexjourney/test/features/premium/redeem_access_code_dialog_test.dart: redemption dialog renders de at 150% text scale                          00:46 +649: /Users/alexandermessinger/dev/claudvibes/reflexjourney/test/features/premium/redeem_access_code_dialog_test.dart: redemption dialog renders de at 150% text scale                          00:46 +650: /Users/alexandermessinger/dev/claudvibes/reflexjourney/test/features/premium/redeem_access_code_dialog_test.dart: redemption dialog renders de at 150% text scale                          00:46 +651: /Users/alexandermessinger/dev/claudvibes/reflexjourney/test/features/premium/redeem_access_code_dialog_test.dart: redemption dialog renders de at 150% text scale                          00:46 +652: /Users/alexandermessinger/dev/claudvibes/reflexjourney/test/features/premium/redeem_access_code_dialog_test.dart: redemption dialog renders de at 150% text scale                          00:46 +653: /Users/alexandermessinger/dev/claudvibes/reflexjourney/test/features/premium/redeem_access_code_dialog_test.dart: redemption dialog renders de at 150% text scale                          00:46 +654: /Users/alexandermessinger/dev/claudvibes/reflexjourney/test/features/premium/redeem_access_code_dialog_test.dart: redemption dialog renders de at 150% text scale                          00:46 +655: /Users/alexandermessinger/dev/claudvibes/reflexjourney/test/features/premium/redeem_access_code_dialog_test.dart: redemption dialog renders de at 150% text scale                          00:46 +656: /Users/alexandermessinger/dev/claudvibes/reflexjourney/test/features/premium/redeem_access_code_dialog_test.dart: redemption dialog renders de at 150% text scale                          00:46 +657: /Users/alexandermessinger/dev/claudvibes/reflexjourney/test/features/trainer/trainer_discovery_screen_test.dart: Öffnen ruft KEINEN Standort ab und zeigt alle Trainer                     00:46 +658: /Users/alexandermessinger/dev/claudvibes/reflexjourney/test/features/trainer/trainer_discovery_screen_test.dart: Öffnen ruft KEINEN Standort ab und zeigt alle Trainer                     00:46 +659: /Users/alexandermessinger/dev/claudvibes/reflexjourney/test/features/trainer/trainer_discovery_screen_test.dart: Öffnen ruft KEINEN Standort ab und zeigt alle Trainer                     00:46 +660: /Users/alexandermessinger/dev/claudvibes/reflexjourney/test/features/trainer/trainer_discovery_screen_test.dart: Öffnen ruft KEINEN Standort ab und zeigt alle Trainer                     00:46 +661: /Users/alexandermessinger/dev/claudvibes/reflexjourney/test/features/trainer/trainer_discovery_screen_test.dart: Öffnen ruft KEINEN Standort ab und zeigt alle Trainer                     00:47 +661: /Users/alexandermessinger/dev/claudvibes/reflexjourney/test/features/trainer/trainer_discovery_screen_test.dart: Öffnen ruft KEINEN Standort ab und zeigt alle Trainer                     00:47 +661: /Users/alexandermessinger/dev/claudvibes/reflexjourney/test/features/trainer/trainer_discovery_screen_test.dart: Öffnen ruft KEINEN Standort ab und zeigt alle Trainer                     
ClientException: Request to https://tile.openstreetmap.org/5/16/10.png failed with status 400: ., uri=https://tile.openstreetmap.org/5/16/10.png
ClientException: Request to https://tile.openstreetmap.org/5/17/10.png failed with status 400: ., uri=https://tile.openstreetmap.org/5/17/10.png
ClientException: Request to https://tile.openstreetmap.org/5/16/9.png failed with status 400: ., uri=https://tile.openstreetmap.org/5/16/9.png
ClientException: Request to https://tile.openstreetmap.org/5/17/9.png failed with status 400: ., uri=https://tile.openstreetmap.org/5/17/9.png
ClientException: Request to https://tile.openstreetmap.org/5/16/11.png failed with status 400: ., uri=https://tile.openstreetmap.org/5/16/11.png
ClientException: Request to https://tile.openstreetmap.org/5/17/11.png failed with status 400: ., uri=https://tile.openstreetmap.org/5/17/11.png
ClientException: Request to https://tile.openstreetmap.org/5/15/10.png failed with status 400: ., uri=https://tile.openstreetmap.org/5/15/10.png
ClientException: Request to https://tile.openstreetmap.org/5/18/10.png failed with status 400: ., uri=https://tile.openstreetmap.org/5/18/10.png
ClientException: Request to https://tile.openstreetmap.org/5/15/9.png failed with status 400: ., uri=https://tile.openstreetmap.org/5/15/9.png
ClientException: Request to https://tile.openstreetmap.org/5/18/9.png failed with status 400: ., uri=https://tile.openstreetmap.org/5/18/9.png
ClientException: Request to https://tile.openstreetmap.org/5/15/11.png failed with status 400: ., uri=https://tile.openstreetmap.org/5/15/11.png
ClientException: Request to https://tile.openstreetmap.org/5/18/11.png failed with status 400: ., uri=https://tile.openstreetmap.org/5/18/11.png
ClientException: Request to https://tile.openstreetmap.org/5/16/8.png failed with status 400: ., uri=https://tile.openstreetmap.org/5/16/8.png
ClientException: Request to https://tile.openstreetmap.org/5/17/8.png failed with status 400: ., uri=https://tile.openstreetmap.org/5/17/8.png
ClientException: Request to https://tile.openstreetmap.org/5/16/12.png failed with status 400: ., uri=https://tile.openstreetmap.org/5/16/12.png
ClientException: Request to https://tile.openstreetmap.org/5/17/12.png failed with status 400: ., uri=https://tile.openstreetmap.org/5/17/12.png
ClientException: Request to https://tile.openstreetmap.org/5/15/8.png failed with status 400: ., uri=https://tile.openstreetmap.org/5/15/8.png
ClientException: Request to https://tile.openstreetmap.org/5/18/8.png failed with status 400: ., uri=https://tile.openstreetmap.org/5/18/8.png
ClientException: Request to https://tile.openstreetmap.org/5/14/10.png failed with status 400: ., uri=https://tile.openstreetmap.org/5/14/10.png
ClientException: Request to https://tile.openstreetmap.org/5/19/10.png failed with status 400: ., uri=https://tile.openstreetmap.org/5/19/10.png
ClientException: Request to https://tile.openstreetmap.org/5/15/12.png failed with status 400: ., uri=https://tile.openstreetmap.org/5/15/12.png
ClientException: Request to https://tile.openstreetmap.org/5/18/12.png failed with status 400: ., uri=https://tile.openstreetmap.org/5/18/12.png
ClientException: Request to https://tile.openstreetmap.org/5/14/9.png failed with status 400: ., uri=https://tile.openstreetmap.org/5/14/9.png
ClientException: Request to https://tile.openstreetmap.org/5/19/9.png failed with status 400: ., uri=https://tile.openstreetmap.org/5/19/9.png
ClientException: Request to https://tile.openstreetmap.org/5/14/11.png failed with status 400: ., uri=https://tile.openstreetmap.org/5/14/11.png
ClientException: Request to https://tile.openstreetmap.org/5/19/11.png failed with status 400: ., uri=https://tile.openstreetmap.org/5/19/11.png
ClientException: Request to https://tile.openstreetmap.org/5/14/8.png failed with status 400: ., uri=https://tile.openstreetmap.org/5/14/8.png
ClientException: Request to https://tile.openstreetmap.org/5/19/8.png failed with status 400: ., uri=https://tile.openstreetmap.org/5/19/8.png
ClientException: Request to https://tile.openstreetmap.org/5/14/12.png failed with status 400: ., uri=https://tile.openstreetmap.org/5/14/12.png
ClientException: Request to https://tile.openstreetmap.org/5/19/12.png failed with status 400: ., uri=https://tile.openstreetmap.org/5/19/12.png
00:47 +662: /Users/alexandermessinger/dev/claudvibes/reflexjourney/test/features/trainer/trainer_discovery_screen_test.dart: Öffnen ruft KEINEN Standort ab und zeigt alle Trainer                     00:47 +662: /Users/alexandermessinger/dev/claudvibes/reflexjourney/test/features/trainer/trainer_discovery_screen_test.dart: Global-Empty-State: „noch keine Trainer freigeschaltet“ + CTA             00:47 +663: /Users/alexandermessinger/dev/claudvibes/reflexjourney/test/features/trainer/trainer_discovery_screen_test.dart: Global-Empty-State: „noch keine Trainer freigeschaltet“ + CTA             00:47 +663: /Users/alexandermessinger/dev/claudvibes/reflexjourney/test/features/trainer/trainer_discovery_screen_test.dart: Umkreis-Tap zeigt CTA-Karte — noch immer kein Auto-Abruf                  00:47 +663: /Users/alexandermessinger/dev/claudvibes/reflexjourney/test/features/trainer/trainer_discovery_screen_test.dart: Umkreis-Tap zeigt CTA-Karte — noch immer kein Auto-Abruf                  
ClientException: Request to https://tile.openstreetmap.org/5/16/10.png failed with status 400: ., uri=https://tile.openstreetmap.org/5/16/10.png
ClientException: Request to https://tile.openstreetmap.org/5/17/10.png failed with status 400: ., uri=https://tile.openstreetmap.org/5/17/10.png
ClientException: Request to https://tile.openstreetmap.org/5/16/9.png failed with status 400: ., uri=https://tile.openstreetmap.org/5/16/9.png
ClientException: Request to https://tile.openstreetmap.org/5/17/9.png failed with status 400: ., uri=https://tile.openstreetmap.org/5/17/9.png
ClientException: Request to https://tile.openstreetmap.org/5/16/11.png failed with status 400: ., uri=https://tile.openstreetmap.org/5/16/11.png
ClientException: Request to https://tile.openstreetmap.org/5/17/11.png failed with status 400: ., uri=https://tile.openstreetmap.org/5/17/11.png
ClientException: Request to https://tile.openstreetmap.org/5/15/10.png failed with status 400: ., uri=https://tile.openstreetmap.org/5/15/10.png
ClientException: Request to https://tile.openstreetmap.org/5/18/10.png failed with status 400: ., uri=https://tile.openstreetmap.org/5/18/10.png
ClientException: Request to https://tile.openstreetmap.org/5/15/9.png failed with status 400: ., uri=https://tile.openstreetmap.org/5/15/9.png
ClientException: Request to https://tile.openstreetmap.org/5/18/9.png failed with status 400: ., uri=https://tile.openstreetmap.org/5/18/9.png
ClientException: Request to https://tile.openstreetmap.org/5/15/11.png failed with status 400: ., uri=https://tile.openstreetmap.org/5/15/11.png
ClientException: Request to https://tile.openstreetmap.org/5/18/11.png failed with status 400: ., uri=https://tile.openstreetmap.org/5/18/11.png
ClientException: Request to https://tile.openstreetmap.org/5/16/8.png failed with status 400: ., uri=https://tile.openstreetmap.org/5/16/8.png
ClientException: Request to https://tile.openstreetmap.org/5/17/8.png failed with status 400: ., uri=https://tile.openstreetmap.org/5/17/8.png
ClientException: Request to https://tile.openstreetmap.org/5/16/12.png failed with status 400: ., uri=https://tile.openstreetmap.org/5/16/12.png
ClientException: Request to https://tile.openstreetmap.org/5/17/12.png failed with status 400: ., uri=https://tile.openstreetmap.org/5/17/12.png
ClientException: Request to https://tile.openstreetmap.org/5/15/8.png failed with status 400: ., uri=https://tile.openstreetmap.org/5/15/8.png
ClientException: Request to https://tile.openstreetmap.org/5/18/8.png failed with status 400: ., uri=https://tile.openstreetmap.org/5/18/8.png
ClientException: Request to https://tile.openstreetmap.org/5/14/10.png failed with status 400: ., uri=https://tile.openstreetmap.org/5/14/10.png
ClientException: Request to https://tile.openstreetmap.org/5/19/10.png failed with status 400: ., uri=https://tile.openstreetmap.org/5/19/10.png
ClientException: Request to https://tile.openstreetmap.org/5/15/12.png failed with status 400: ., uri=https://tile.openstreetmap.org/5/15/12.png
ClientException: Request to https://tile.openstreetmap.org/5/18/12.png failed with status 400: ., uri=https://tile.openstreetmap.org/5/18/12.png
ClientException: Request to https://tile.openstreetmap.org/5/14/9.png failed with status 400: ., uri=https://tile.openstreetmap.org/5/14/9.png
ClientException: Request to https://tile.openstreetmap.org/5/19/9.png failed with status 400: ., uri=https://tile.openstreetmap.org/5/19/9.png
ClientException: Request to https://tile.openstreetmap.org/5/14/11.png failed with status 400: ., uri=https://tile.openstreetmap.org/5/14/11.png
ClientException: Request to https://tile.openstreetmap.org/5/19/11.png failed with status 400: ., uri=https://tile.openstreetmap.org/5/19/11.png
ClientException: Request to https://tile.openstreetmap.org/5/14/8.png failed with status 400: ., uri=https://tile.openstreetmap.org/5/14/8.png
ClientException: Request to https://tile.openstreetmap.org/5/19/8.png failed with status 400: ., uri=https://tile.openstreetmap.org/5/19/8.png
ClientException: Request to https://tile.openstreetmap.org/5/14/12.png failed with status 400: ., uri=https://tile.openstreetmap.org/5/14/12.png
ClientException: Request to https://tile.openstreetmap.org/5/19/12.png failed with status 400: ., uri=https://tile.openstreetmap.org/5/19/12.png
00:47 +664: /Users/alexandermessinger/dev/claudvibes/reflexjourney/test/features/trainer/trainer_discovery_screen_test.dart: Umkreis-Tap zeigt CTA-Karte — noch immer kein Auto-Abruf                  00:47 +664: /Users/alexandermessinger/dev/claudvibes/reflexjourney/test/features/trainer/trainer_discovery_screen_test.dart: „Standort verwenden“ mit Freigabe → Radius-Slider + Umkreissuche          00:47 +665: /Users/alexandermessinger/dev/claudvibes/reflexjourney/test/features/trainer/trainer_discovery_screen_test.dart: „Standort verwenden“ mit Freigabe → Radius-Slider + Umkreissuche          00:47 +665: /Users/alexandermessinger/dev/claudvibes/reflexjourney/test/features/trainer/trainer_discovery_screen_test.dart: „Standort verwenden“ mit Freigabe → Radius-Slider + Umkreissuche          
ClientException: Request to https://tile.openstreetmap.org/5/16/10.png failed with status 400: ., uri=https://tile.openstreetmap.org/5/16/10.png
ClientException: Request to https://tile.openstreetmap.org/5/17/10.png failed with status 400: ., uri=https://tile.openstreetmap.org/5/17/10.png
ClientException: Request to https://tile.openstreetmap.org/5/16/9.png failed with status 400: ., uri=https://tile.openstreetmap.org/5/16/9.png
ClientException: Request to https://tile.openstreetmap.org/5/17/9.png failed with status 400: ., uri=https://tile.openstreetmap.org/5/17/9.png
ClientException: Request to https://tile.openstreetmap.org/5/16/11.png failed with status 400: ., uri=https://tile.openstreetmap.org/5/16/11.png
ClientException: Request to https://tile.openstreetmap.org/5/17/11.png failed with status 400: ., uri=https://tile.openstreetmap.org/5/17/11.png
ClientException: Request to https://tile.openstreetmap.org/5/15/10.png failed with status 400: ., uri=https://tile.openstreetmap.org/5/15/10.png
ClientException: Request to https://tile.openstreetmap.org/5/18/10.png failed with status 400: ., uri=https://tile.openstreetmap.org/5/18/10.png
ClientException: Request to https://tile.openstreetmap.org/5/15/9.png failed with status 400: ., uri=https://tile.openstreetmap.org/5/15/9.png
ClientException: Request to https://tile.openstreetmap.org/5/18/9.png failed with status 400: ., uri=https://tile.openstreetmap.org/5/18/9.png
ClientException: Request to https://tile.openstreetmap.org/5/15/11.png failed with status 400: ., uri=https://tile.openstreetmap.org/5/15/11.png
ClientException: Request to https://tile.openstreetmap.org/5/18/11.png failed with status 400: ., uri=https://tile.openstreetmap.org/5/18/11.png
ClientException: Request to https://tile.openstreetmap.org/5/16/8.png failed with status 400: ., uri=https://tile.openstreetmap.org/5/16/8.png
ClientException: Request to https://tile.openstreetmap.org/5/17/8.png failed with status 400: ., uri=https://tile.openstreetmap.org/5/17/8.png
ClientException: Request to https://tile.openstreetmap.org/5/16/12.png failed with status 400: ., uri=https://tile.openstreetmap.org/5/16/12.png
ClientException: Request to https://tile.openstreetmap.org/5/17/12.png failed with status 400: ., uri=https://tile.openstreetmap.org/5/17/12.png
ClientException: Request to https://tile.openstreetmap.org/5/15/8.png failed with status 400: ., uri=https://tile.openstreetmap.org/5/15/8.png
ClientException: Request to https://tile.openstreetmap.org/5/18/8.png failed with status 400: ., uri=https://tile.openstreetmap.org/5/18/8.png
ClientException: Request to https://tile.openstreetmap.org/5/14/10.png failed with status 400: ., uri=https://tile.openstreetmap.org/5/14/10.png
ClientException: Request to https://tile.openstreetmap.org/5/19/10.png failed with status 400: ., uri=https://tile.openstreetmap.org/5/19/10.png
ClientException: Request to https://tile.openstreetmap.org/5/15/12.png failed with status 400: ., uri=https://tile.openstreetmap.org/5/15/12.png
ClientException: Request to https://tile.openstreetmap.org/5/18/12.png failed with status 400: ., uri=https://tile.openstreetmap.org/5/18/12.png
ClientException: Request to https://tile.openstreetmap.org/5/14/9.png failed with status 400: ., uri=https://tile.openstreetmap.org/5/14/9.png
ClientException: Request to https://tile.openstreetmap.org/5/19/9.png failed with status 400: ., uri=https://tile.openstreetmap.org/5/19/9.png
ClientException: Request to https://tile.openstreetmap.org/5/14/11.png failed with status 400: ., uri=https://tile.openstreetmap.org/5/14/11.png
ClientException: Request to https://tile.openstreetmap.org/5/19/11.png failed with status 400: ., uri=https://tile.openstreetmap.org/5/19/11.png
ClientException: Request to https://tile.openstreetmap.org/5/14/8.png failed with status 400: ., uri=https://tile.openstreetmap.org/5/14/8.png
ClientException: Request to https://tile.openstreetmap.org/5/19/8.png failed with status 400: ., uri=https://tile.openstreetmap.org/5/19/8.png
ClientException: Request to https://tile.openstreetmap.org/5/14/12.png failed with status 400: ., uri=https://tile.openstreetmap.org/5/14/12.png
ClientException: Request to https://tile.openstreetmap.org/5/19/12.png failed with status 400: ., uri=https://tile.openstreetmap.org/5/19/12.png
ClientException: Request to https://tile.openstreetmap.org/10/544/355.png failed with status 400: ., uri=https://tile.openstreetmap.org/10/544/355.png
ClientException: Request to https://tile.openstreetmap.org/10/545/355.png failed with status 400: ., uri=https://tile.openstreetmap.org/10/545/355.png
ClientException: Request to https://tile.openstreetmap.org/10/544/354.png failed with status 400: ., uri=https://tile.openstreetmap.org/10/544/354.png
ClientException: Request to https://tile.openstreetmap.org/10/545/354.png failed with status 400: ., uri=https://tile.openstreetmap.org/10/545/354.png
ClientException: Request to https://tile.openstreetmap.org/10/544/356.png failed with status 400: ., uri=https://tile.openstreetmap.org/10/544/356.png
ClientException: Request to https://tile.openstreetmap.org/10/545/356.png failed with status 400: ., uri=https://tile.openstreetmap.org/10/545/356.png
ClientException: Request to https://tile.openstreetmap.org/10/543/355.png failed with status 400: ., uri=https://tile.openstreetmap.org/10/543/355.png
ClientException: Request to https://tile.openstreetmap.org/10/546/355.png failed with status 400: ., uri=https://tile.openstreetmap.org/10/546/355.png
ClientException: Request to https://tile.openstreetmap.org/10/543/354.png failed with status 400: ., uri=https://tile.openstreetmap.org/10/543/354.png
ClientException: Request to https://tile.openstreetmap.org/10/546/354.png failed with status 400: ., uri=https://tile.openstreetmap.org/10/546/354.png
ClientException: Request to https://tile.openstreetmap.org/10/543/356.png failed with status 400: ., uri=https://tile.openstreetmap.org/10/543/356.png
ClientException: Request to https://tile.openstreetmap.org/10/546/356.png failed with status 400: ., uri=https://tile.openstreetmap.org/10/546/356.png
ClientException: Request to https://tile.openstreetmap.org/10/544/353.png failed with status 400: ., uri=https://tile.openstreetmap.org/10/544/353.png
ClientException: Request to https://tile.openstreetmap.org/10/545/353.png failed with status 400: ., uri=https://tile.openstreetmap.org/10/545/353.png
ClientException: Request to https://tile.openstreetmap.org/10/544/357.png failed with status 400: ., uri=https://tile.openstreetmap.org/10/544/357.png
ClientException: Request to https://tile.openstreetmap.org/10/545/357.png failed with status 400: ., uri=https://tile.openstreetmap.org/10/545/357.png
ClientException: Request to https://tile.openstreetmap.org/10/543/353.png failed with status 400: ., uri=https://tile.openstreetmap.org/10/543/353.png
ClientException: Request to https://tile.openstreetmap.org/10/546/353.png failed with status 400: ., uri=https://tile.openstreetmap.org/10/546/353.png
ClientException: Request to https://tile.openstreetmap.org/10/542/355.png failed with status 400: ., uri=https://tile.openstreetmap.org/10/542/355.png
ClientException: Request to https://tile.openstreetmap.org/10/547/355.png failed with status 400: ., uri=https://tile.openstreetmap.org/10/547/355.png
ClientException: Request to https://tile.openstreetmap.org/10/543/357.png failed with status 400: ., uri=https://tile.openstreetmap.org/10/543/357.png
ClientException: Request to https://tile.openstreetmap.org/10/546/357.png failed with status 400: ., uri=https://tile.openstreetmap.org/10/546/357.png
ClientException: Request to https://tile.openstreetmap.org/10/542/354.png failed with status 400: ., uri=https://tile.openstreetmap.org/10/542/354.png
ClientException: Request to https://tile.openstreetmap.org/10/547/354.png failed with status 400: ., uri=https://tile.openstreetmap.org/10/547/354.png
ClientException: Request to https://tile.openstreetmap.org/10/542/356.png failed with status 400: ., uri=https://tile.openstreetmap.org/10/542/356.png
ClientException: Request to https://tile.openstreetmap.org/10/547/356.png failed with status 400: ., uri=https://tile.openstreetmap.org/10/547/356.png
ClientException: Request to https://tile.openstreetmap.org/10/542/353.png failed with status 400: ., uri=https://tile.openstreetmap.org/10/542/353.png
ClientException: Request to https://tile.openstreetmap.org/10/547/353.png failed with status 400: ., uri=https://tile.openstreetmap.org/10/547/353.png
ClientException: Request to https://tile.openstreetmap.org/10/542/357.png failed with status 400: ., uri=https://tile.openstreetmap.org/10/542/357.png
ClientException: Request to https://tile.openstreetmap.org/10/547/357.png failed with status 400: ., uri=https://tile.openstreetmap.org/10/547/357.png
00:48 +666: /Users/alexandermessinger/dev/claudvibes/reflexjourney/test/features/trainer/trainer_discovery_screen_test.dart: „Standort verwenden“ mit Freigabe → Radius-Slider + Umkreissuche          00:48 +666: /Users/alexandermessinger/dev/claudvibes/reflexjourney/test/features/trainer/trainer_discovery_screen_test.dart: Abgelehnt → Hinweis, Fallback-Liste bleibt nutzbar                        00:48 +667: /Users/alexandermessinger/dev/claudvibes/reflexjourney/test/features/trainer/trainer_discovery_screen_test.dart: Abgelehnt → Hinweis, Fallback-Liste bleibt nutzbar                        00:48 +668: /Users/alexandermessinger/dev/claudvibes/reflexjourney/test/features/trainer/trainer_discovery_screen_test.dart: Abgelehnt → Hinweis, Fallback-Liste bleibt nutzbar                        00:48 +669: /Users/alexandermessinger/dev/claudvibes/reflexjourney/test/features/trainer/trainer_discovery_screen_test.dart: Abgelehnt → Hinweis, Fallback-Liste bleibt nutzbar                        00:48 +670: /Users/alexandermessinger/dev/claudvibes/reflexjourney/test/features/trainer/trainer_discovery_screen_test.dart: Abgelehnt → Hinweis, Fallback-Liste bleibt nutzbar                        00:48 +671: /Users/alexandermessinger/dev/claudvibes/reflexjourney/test/features/trainer/trainer_discovery_screen_test.dart: Abgelehnt → Hinweis, Fallback-Liste bleibt nutzbar                        00:48 +671: /Users/alexandermessinger/dev/claudvibes/reflexjourney/test/features/trainer/trainer_discovery_screen_test.dart: Abgelehnt → Hinweis, Fallback-Liste bleibt nutzbar                        
ClientException: Request to https://tile.openstreetmap.org/5/16/10.png failed with status 400: ., uri=https://tile.openstreetmap.org/5/16/10.png
ClientException: Request to https://tile.openstreetmap.org/5/17/10.png failed with status 400: ., uri=https://tile.openstreetmap.org/5/17/10.png
ClientException: Request to https://tile.openstreetmap.org/5/16/9.png failed with status 400: ., uri=https://tile.openstreetmap.org/5/16/9.png
ClientException: Request to https://tile.openstreetmap.org/5/17/9.png failed with status 400: ., uri=https://tile.openstreetmap.org/5/17/9.png
ClientException: Request to https://tile.openstreetmap.org/5/16/11.png failed with status 400: ., uri=https://tile.openstreetmap.org/5/16/11.png
ClientException: Request to https://tile.openstreetmap.org/5/17/11.png failed with status 400: ., uri=https://tile.openstreetmap.org/5/17/11.png
ClientException: Request to https://tile.openstreetmap.org/5/15/10.png failed with status 400: ., uri=https://tile.openstreetmap.org/5/15/10.png
ClientException: Request to https://tile.openstreetmap.org/5/18/10.png failed with status 400: ., uri=https://tile.openstreetmap.org/5/18/10.png
ClientException: Request to https://tile.openstreetmap.org/5/15/9.png failed with status 400: ., uri=https://tile.openstreetmap.org/5/15/9.png
ClientException: Request to https://tile.openstreetmap.org/5/18/9.png failed with status 400: ., uri=https://tile.openstreetmap.org/5/18/9.png
ClientException: Request to https://tile.openstreetmap.org/5/15/11.png failed with status 400: ., uri=https://tile.openstreetmap.org/5/15/11.png
ClientException: Request to https://tile.openstreetmap.org/5/18/11.png failed with status 400: ., uri=https://tile.openstreetmap.org/5/18/11.png
ClientException: Request to https://tile.openstreetmap.org/5/16/8.png failed with status 400: ., uri=https://tile.openstreetmap.org/5/16/8.png
ClientException: Request to https://tile.openstreetmap.org/5/17/8.png failed with status 400: ., uri=https://tile.openstreetmap.org/5/17/8.png
ClientException: Request to https://tile.openstreetmap.org/5/16/12.png failed with status 400: ., uri=https://tile.openstreetmap.org/5/16/12.png
ClientException: Request to https://tile.openstreetmap.org/5/17/12.png failed with status 400: ., uri=https://tile.openstreetmap.org/5/17/12.png
ClientException: Request to https://tile.openstreetmap.org/5/15/8.png failed with status 400: ., uri=https://tile.openstreetmap.org/5/15/8.png
ClientException: Request to https://tile.openstreetmap.org/5/18/8.png failed with status 400: ., uri=https://tile.openstreetmap.org/5/18/8.png
ClientException: Request to https://tile.openstreetmap.org/5/14/10.png failed with status 400: ., uri=https://tile.openstreetmap.org/5/14/10.png
ClientException: Request to https://tile.openstreetmap.org/5/19/10.png failed with status 400: ., uri=https://tile.openstreetmap.org/5/19/10.png
ClientException: Request to https://tile.openstreetmap.org/5/15/12.png failed with status 400: ., uri=https://tile.openstreetmap.org/5/15/12.png
ClientException: Request to https://tile.openstreetmap.org/5/18/12.png failed with status 400: ., uri=https://tile.openstreetmap.org/5/18/12.png
ClientException: Request to https://tile.openstreetmap.org/5/14/9.png failed with status 400: ., uri=https://tile.openstreetmap.org/5/14/9.png
ClientException: Request to https://tile.openstreetmap.org/5/19/9.png failed with status 400: ., uri=https://tile.openstreetmap.org/5/19/9.png
ClientException: Request to https://tile.openstreetmap.org/5/14/11.png failed with status 400: ., uri=https://tile.openstreetmap.org/5/14/11.png
ClientException: Request to https://tile.openstreetmap.org/5/19/11.png failed with status 400: ., uri=https://tile.openstreetmap.org/5/19/11.png
ClientException: Request to https://tile.openstreetmap.org/5/14/8.png failed with status 400: ., uri=https://tile.openstreetmap.org/5/14/8.png
ClientException: Request to https://tile.openstreetmap.org/5/19/8.png failed with status 400: ., uri=https://tile.openstreetmap.org/5/19/8.png
ClientException: Request to https://tile.openstreetmap.org/5/14/12.png failed with status 400: ., uri=https://tile.openstreetmap.org/5/14/12.png
ClientException: Request to https://tile.openstreetmap.org/5/19/12.png failed with status 400: ., uri=https://tile.openstreetmap.org/5/19/12.png
00:48 +672: /Users/alexandermessinger/dev/claudvibes/reflexjourney/test/features/trainer/trainer_discovery_screen_test.dart: Abgelehnt → Hinweis, Fallback-Liste bleibt nutzbar                        00:48 +673: /Users/alexandermessinger/dev/claudvibes/reflexjourney/test/features/trainer/trainer_discovery_screen_test.dart: Abgelehnt → Hinweis, Fallback-Liste bleibt nutzbar                        00:48 +674: /Users/alexandermessinger/dev/claudvibes/reflexjourney/test/features/onboarding/pre_payoff_step_dots_test.dart: fills dots up to the 1-based currentStep                                   00:48 +674: /Users/alexandermessinger/dev/claudvibes/reflexjourney/test/features/trainer/trainer_discovery_screen_test.dart: Dauerhaft abgelehnt → „Einstellungen öffnen“ öffnet App-Settings          
ClientException: Request to https://tile.openstreetmap.org/5/16/10.png failed with status 400: ., uri=https://tile.openstreetmap.org/5/16/10.png
ClientException: Request to https://tile.openstreetmap.org/5/17/10.png failed with status 400: ., uri=https://tile.openstreetmap.org/5/17/10.png
ClientException: Request to https://tile.openstreetmap.org/5/16/9.png failed with status 400: ., uri=https://tile.openstreetmap.org/5/16/9.png
ClientException: Request to https://tile.openstreetmap.org/5/17/9.png failed with status 400: ., uri=https://tile.openstreetmap.org/5/17/9.png
ClientException: Request to https://tile.openstreetmap.org/5/16/11.png failed with status 400: ., uri=https://tile.openstreetmap.org/5/16/11.png
ClientException: Request to https://tile.openstreetmap.org/5/17/11.png failed with status 400: ., uri=https://tile.openstreetmap.org/5/17/11.png
ClientException: Request to https://tile.openstreetmap.org/5/15/10.png failed with status 400: ., uri=https://tile.openstreetmap.org/5/15/10.png
ClientException: Request to https://tile.openstreetmap.org/5/18/10.png failed with status 400: ., uri=https://tile.openstreetmap.org/5/18/10.png
ClientException: Request to https://tile.openstreetmap.org/5/15/9.png failed with status 400: ., uri=https://tile.openstreetmap.org/5/15/9.png
ClientException: Request to https://tile.openstreetmap.org/5/18/9.png failed with status 400: ., uri=https://tile.openstreetmap.org/5/18/9.png
ClientException: Request to https://tile.openstreetmap.org/5/15/11.png failed with status 400: ., uri=https://tile.openstreetmap.org/5/15/11.png
ClientException: Request to https://tile.openstreetmap.org/5/18/11.png failed with status 400: ., uri=https://tile.openstreetmap.org/5/18/11.png
ClientException: Request to https://tile.openstreetmap.org/5/16/8.png failed with status 400: ., uri=https://tile.openstreetmap.org/5/16/8.png
ClientException: Request to https://tile.openstreetmap.org/5/17/8.png failed with status 400: ., uri=https://tile.openstreetmap.org/5/17/8.png
ClientException: Request to https://tile.openstreetmap.org/5/16/12.png failed with status 400: ., uri=https://tile.openstreetmap.org/5/16/12.png
ClientException: Request to https://tile.openstreetmap.org/5/17/12.png failed with status 400: ., uri=https://tile.openstreetmap.org/5/17/12.png
ClientException: Request to https://tile.openstreetmap.org/5/15/8.png failed with status 400: ., uri=https://tile.openstreetmap.org/5/15/8.png
ClientException: Request to https://tile.openstreetmap.org/5/18/8.png failed with status 400: ., uri=https://tile.openstreetmap.org/5/18/8.png
ClientException: Request to https://tile.openstreetmap.org/5/14/10.png failed with status 400: ., uri=https://tile.openstreetmap.org/5/14/10.png
ClientException: Request to https://tile.openstreetmap.org/5/19/10.png failed with status 400: ., uri=https://tile.openstreetmap.org/5/19/10.png
ClientException: Request to https://tile.openstreetmap.org/5/15/12.png failed with status 400: ., uri=https://tile.openstreetmap.org/5/15/12.png
ClientException: Request to https://tile.openstreetmap.org/5/18/12.png failed with status 400: ., uri=https://tile.openstreetmap.org/5/18/12.png
ClientException: Request to https://tile.openstreetmap.org/5/14/9.png failed with status 400: ., uri=https://tile.openstreetmap.org/5/14/9.png
ClientException: Request to https://tile.openstreetmap.org/5/19/9.png failed with status 400: ., uri=https://tile.openstreetmap.org/5/19/9.png
ClientException: Request to https://tile.openstreetmap.org/5/14/11.png failed with status 400: ., uri=https://tile.openstreetmap.org/5/14/11.png
ClientException: Request to https://tile.openstreetmap.org/5/19/11.png failed with status 400: ., uri=https://tile.openstreetmap.org/5/19/11.png
ClientException: Request to https://tile.openstreetmap.org/5/14/8.png failed with status 400: ., uri=https://tile.openstreetmap.org/5/14/8.png
ClientException: Request to https://tile.openstreetmap.org/5/19/8.png failed with status 400: ., uri=https://tile.openstreetmap.org/5/19/8.png
ClientException: Request to https://tile.openstreetmap.org/5/14/12.png failed with status 400: ., uri=https://tile.openstreetmap.org/5/14/12.png
ClientException: Request to https://tile.openstreetmap.org/5/19/12.png failed with status 400: ., uri=https://tile.openstreetmap.org/5/19/12.png
00:48 +675: /Users/alexandermessinger/dev/claudvibes/reflexjourney/test/features/onboarding/pre_payoff_step_dots_test.dart: fills dots up to the 1-based currentStep                                   00:48 +675: /Users/alexandermessinger/dev/claudvibes/reflexjourney/test/features/trainer/trainer_discovery_screen_test.dart: Ortungsdienste aus → Hinweis mit Ortungs-Einstellungen                    
ClientException: Request to https://tile.openstreetmap.org/5/16/10.png failed with status 400: ., uri=https://tile.openstreetmap.org/5/16/10.png
ClientException: Request to https://tile.openstreetmap.org/5/17/10.png failed with status 400: ., uri=https://tile.openstreetmap.org/5/17/10.png
ClientException: Request to https://tile.openstreetmap.org/5/16/9.png failed with status 400: ., uri=https://tile.openstreetmap.org/5/16/9.png
ClientException: Request to https://tile.openstreetmap.org/5/17/9.png failed with status 400: ., uri=https://tile.openstreetmap.org/5/17/9.png
ClientException: Request to https://tile.openstreetmap.org/5/16/11.png failed with status 400: ., uri=https://tile.openstreetmap.org/5/16/11.png
ClientException: Request to https://tile.openstreetmap.org/5/17/11.png failed with status 400: ., uri=https://tile.openstreetmap.org/5/17/11.png
ClientException: Request to https://tile.openstreetmap.org/5/15/10.png failed with status 400: ., uri=https://tile.openstreetmap.org/5/15/10.png
ClientException: Request to https://tile.openstreetmap.org/5/18/10.png failed with status 400: ., uri=https://tile.openstreetmap.org/5/18/10.png
ClientException: Request to https://tile.openstreetmap.org/5/15/9.png failed with status 400: ., uri=https://tile.openstreetmap.org/5/15/9.png
ClientException: Request to https://tile.openstreetmap.org/5/18/9.png failed with status 400: ., uri=https://tile.openstreetmap.org/5/18/9.png
ClientException: Request to https://tile.openstreetmap.org/5/15/11.png failed with status 400: ., uri=https://tile.openstreetmap.org/5/15/11.png
ClientException: Request to https://tile.openstreetmap.org/5/18/11.png failed with status 400: ., uri=https://tile.openstreetmap.org/5/18/11.png
ClientException: Request to https://tile.openstreetmap.org/5/16/8.png failed with status 400: ., uri=https://tile.openstreetmap.org/5/16/8.png
ClientException: Request to https://tile.openstreetmap.org/5/17/8.png failed with status 400: ., uri=https://tile.openstreetmap.org/5/17/8.png
ClientException: Request to https://tile.openstreetmap.org/5/16/12.png failed with status 400: ., uri=https://tile.openstreetmap.org/5/16/12.png
ClientException: Request to https://tile.openstreetmap.org/5/17/12.png failed with status 400: ., uri=https://tile.openstreetmap.org/5/17/12.png
ClientException: Request to https://tile.openstreetmap.org/5/15/8.png failed with status 400: ., uri=https://tile.openstreetmap.org/5/15/8.png
ClientException: Request to https://tile.openstreetmap.org/5/18/8.png failed with status 400: ., uri=https://tile.openstreetmap.org/5/18/8.png
ClientException: Request to https://tile.openstreetmap.org/5/14/10.png failed with status 400: ., uri=https://tile.openstreetmap.org/5/14/10.png
ClientException: Request to https://tile.openstreetmap.org/5/19/10.png failed with status 400: ., uri=https://tile.openstreetmap.org/5/19/10.png
ClientException: Request to https://tile.openstreetmap.org/5/15/12.png failed with status 400: ., uri=https://tile.openstreetmap.org/5/15/12.png
ClientException: Request to https://tile.openstreetmap.org/5/18/12.png failed with status 400: ., uri=https://tile.openstreetmap.org/5/18/12.png
ClientException: Request to https://tile.openstreetmap.org/5/14/9.png failed with status 400: ., uri=https://tile.openstreetmap.org/5/14/9.png
ClientException: Request to https://tile.openstreetmap.org/5/19/9.png failed with status 400: ., uri=https://tile.openstreetmap.org/5/19/9.png
ClientException: Request to https://tile.openstreetmap.org/5/14/11.png failed with status 400: ., uri=https://tile.openstreetmap.org/5/14/11.png
ClientException: Request to https://tile.openstreetmap.org/5/19/11.png failed with status 400: ., uri=https://tile.openstreetmap.org/5/19/11.png
ClientException: Request to https://tile.openstreetmap.org/5/14/8.png failed with status 400: ., uri=https://tile.openstreetmap.org/5/14/8.png
ClientException: Request to https://tile.openstreetmap.org/5/19/8.png failed with status 400: ., uri=https://tile.openstreetmap.org/5/19/8.png
ClientException: Request to https://tile.openstreetmap.org/5/14/12.png failed with status 400: ., uri=https://tile.openstreetmap.org/5/14/12.png
ClientException: Request to https://tile.openstreetmap.org/5/19/12.png failed with status 400: ., uri=https://tile.openstreetmap.org/5/19/12.png
00:48 +676: /Users/alexandermessinger/dev/claudvibes/reflexjourney/test/features/onboarding/pre_payoff_step_dots_test.dart: fills dots up to the 1-based currentStep                                   00:48 +676: /Users/alexandermessinger/dev/claudvibes/reflexjourney/test/features/trainer/trainer_discovery_screen_test.dart: Umkreis leer → eigener Empty-State, CTA wechselt zu „Alle“                
ClientException: Request to https://tile.openstreetmap.org/5/16/10.png failed with status 400: ., uri=https://tile.openstreetmap.org/5/16/10.png
ClientException: Request to https://tile.openstreetmap.org/5/17/10.png failed with status 400: ., uri=https://tile.openstreetmap.org/5/17/10.png
ClientException: Request to https://tile.openstreetmap.org/5/16/9.png failed with status 400: ., uri=https://tile.openstreetmap.org/5/16/9.png
ClientException: Request to https://tile.openstreetmap.org/5/17/9.png failed with status 400: ., uri=https://tile.openstreetmap.org/5/17/9.png
ClientException: Request to https://tile.openstreetmap.org/5/16/11.png failed with status 400: ., uri=https://tile.openstreetmap.org/5/16/11.png
ClientException: Request to https://tile.openstreetmap.org/5/17/11.png failed with status 400: ., uri=https://tile.openstreetmap.org/5/17/11.png
ClientException: Request to https://tile.openstreetmap.org/5/15/10.png failed with status 400: ., uri=https://tile.openstreetmap.org/5/15/10.png
ClientException: Request to https://tile.openstreetmap.org/5/18/10.png failed with status 400: ., uri=https://tile.openstreetmap.org/5/18/10.png
ClientException: Request to https://tile.openstreetmap.org/5/15/9.png failed with status 400: ., uri=https://tile.openstreetmap.org/5/15/9.png
ClientException: Request to https://tile.openstreetmap.org/5/18/9.png failed with status 400: ., uri=https://tile.openstreetmap.org/5/18/9.png
ClientException: Request to https://tile.openstreetmap.org/5/15/11.png failed with status 400: ., uri=https://tile.openstreetmap.org/5/15/11.png
ClientException: Request to https://tile.openstreetmap.org/5/18/11.png failed with status 400: ., uri=https://tile.openstreetmap.org/5/18/11.png
ClientException: Request to https://tile.openstreetmap.org/5/16/8.png failed with status 400: ., uri=https://tile.openstreetmap.org/5/16/8.png
ClientException: Request to https://tile.openstreetmap.org/5/17/8.png failed with status 400: ., uri=https://tile.openstreetmap.org/5/17/8.png
ClientException: Request to https://tile.openstreetmap.org/5/16/12.png failed with status 400: ., uri=https://tile.openstreetmap.org/5/16/12.png
ClientException: Request to https://tile.openstreetmap.org/5/17/12.png failed with status 400: ., uri=https://tile.openstreetmap.org/5/17/12.png
ClientException: Request to https://tile.openstreetmap.org/5/15/8.png failed with status 400: ., uri=https://tile.openstreetmap.org/5/15/8.png
ClientException: Request to https://tile.openstreetmap.org/5/18/8.png failed with status 400: ., uri=https://tile.openstreetmap.org/5/18/8.png
ClientException: Request to https://tile.openstreetmap.org/5/14/10.png failed with status 400: ., uri=https://tile.openstreetmap.org/5/14/10.png
ClientException: Request to https://tile.openstreetmap.org/5/19/10.png failed with status 400: ., uri=https://tile.openstreetmap.org/5/19/10.png
ClientException: Request to https://tile.openstreetmap.org/5/15/12.png failed with status 400: ., uri=https://tile.openstreetmap.org/5/15/12.png
ClientException: Request to https://tile.openstreetmap.org/5/18/12.png failed with status 400: ., uri=https://tile.openstreetmap.org/5/18/12.png
ClientException: Request to https://tile.openstreetmap.org/5/14/9.png failed with status 400: ., uri=https://tile.openstreetmap.org/5/14/9.png
ClientException: Request to https://tile.openstreetmap.org/5/19/9.png failed with status 400: ., uri=https://tile.openstreetmap.org/5/19/9.png
ClientException: Request to https://tile.openstreetmap.org/5/14/11.png failed with status 400: ., uri=https://tile.openstreetmap.org/5/14/11.png
ClientException: Request to https://tile.openstreetmap.org/5/19/11.png failed with status 400: ., uri=https://tile.openstreetmap.org/5/19/11.png
ClientException: Request to https://tile.openstreetmap.org/5/14/8.png failed with status 400: ., uri=https://tile.openstreetmap.org/5/14/8.png
ClientException: Request to https://tile.openstreetmap.org/5/19/8.png failed with status 400: ., uri=https://tile.openstreetmap.org/5/19/8.png
ClientException: Request to https://tile.openstreetmap.org/5/14/12.png failed with status 400: ., uri=https://tile.openstreetmap.org/5/14/12.png
ClientException: Request to https://tile.openstreetmap.org/5/19/12.png failed with status 400: ., uri=https://tile.openstreetmap.org/5/19/12.png
00:48 +677: /Users/alexandermessinger/dev/claudvibes/reflexjourney/test/features/trainer/trainer_discovery_screen_test.dart: Umkreis leer → eigener Empty-State, CTA wechselt zu „Alle“                00:48 +677: /Users/alexandermessinger/dev/claudvibes/reflexjourney/test/features/trainer/trainer_discovery_screen_test.dart: Umkreis leer → eigener Empty-State, CTA wechselt zu „Alle“                
ClientException: Request to https://tile.openstreetmap.org/5/16/10.png failed with status 400: ., uri=https://tile.openstreetmap.org/5/16/10.png
ClientException: Request to https://tile.openstreetmap.org/5/17/10.png failed with status 400: ., uri=https://tile.openstreetmap.org/5/17/10.png
ClientException: Request to https://tile.openstreetmap.org/5/16/11.png failed with status 400: ., uri=https://tile.openstreetmap.org/5/16/11.png
ClientException: Request to https://tile.openstreetmap.org/5/17/11.png failed with status 400: ., uri=https://tile.openstreetmap.org/5/17/11.png
ClientException: Request to https://tile.openstreetmap.org/5/16/9.png failed with status 400: ., uri=https://tile.openstreetmap.org/5/16/9.png
ClientException: Request to https://tile.openstreetmap.org/5/17/9.png failed with status 400: ., uri=https://tile.openstreetmap.org/5/17/9.png
ClientException: Request to https://tile.openstreetmap.org/5/15/10.png failed with status 400: ., uri=https://tile.openstreetmap.org/5/15/10.png
ClientException: Request to https://tile.openstreetmap.org/5/18/10.png failed with status 400: ., uri=https://tile.openstreetmap.org/5/18/10.png
ClientException: Request to https://tile.openstreetmap.org/5/15/11.png failed with status 400: ., uri=https://tile.openstreetmap.org/5/15/11.png
ClientException: Request to https://tile.openstreetmap.org/5/18/11.png failed with status 400: ., uri=https://tile.openstreetmap.org/5/18/11.png
ClientException: Request to https://tile.openstreetmap.org/5/16/12.png failed with status 400: ., uri=https://tile.openstreetmap.org/5/16/12.png
ClientException: Request to https://tile.openstreetmap.org/5/17/12.png failed with status 400: ., uri=https://tile.openstreetmap.org/5/17/12.png
ClientException: Request to https://tile.openstreetmap.org/5/15/9.png failed with status 400: ., uri=https://tile.openstreetmap.org/5/15/9.png
ClientException: Request to https://tile.openstreetmap.org/5/18/9.png failed with status 400: ., uri=https://tile.openstreetmap.org/5/18/9.png
ClientException: Request to https://tile.openstreetmap.org/5/15/12.png failed with status 400: ., uri=https://tile.openstreetmap.org/5/15/12.png
ClientException: Request to https://tile.openstreetmap.org/5/18/12.png failed with status 400: ., uri=https://tile.openstreetmap.org/5/18/12.png
ClientException: Request to https://tile.openstreetmap.org/5/14/10.png failed with status 400: ., uri=https://tile.openstreetmap.org/5/14/10.png
ClientException: Request to https://tile.openstreetmap.org/5/19/10.png failed with status 400: ., uri=https://tile.openstreetmap.org/5/19/10.png
ClientException: Request to https://tile.openstreetmap.org/5/14/11.png failed with status 400: ., uri=https://tile.openstreetmap.org/5/14/11.png
ClientException: Request to https://tile.openstreetmap.org/5/19/11.png failed with status 400: ., uri=https://tile.openstreetmap.org/5/19/11.png
ClientException: Request to https://tile.openstreetmap.org/5/14/9.png failed with status 400: ., uri=https://tile.openstreetmap.org/5/14/9.png
ClientException: Request to https://tile.openstreetmap.org/5/19/9.png failed with status 400: ., uri=https://tile.openstreetmap.org/5/19/9.png
ClientException: Request to https://tile.openstreetmap.org/5/14/12.png failed with status 400: ., uri=https://tile.openstreetmap.org/5/14/12.png
ClientException: Request to https://tile.openstreetmap.org/5/19/12.png failed with status 400: ., uri=https://tile.openstreetmap.org/5/19/12.png
00:48 +678: /Users/alexandermessinger/dev/claudvibes/reflexjourney/test/features/trainer/trainer_discovery_screen_test.dart: Umkreis leer → eigener Empty-State, CTA wechselt zu „Alle“                00:48 +678: /Users/alexandermessinger/dev/claudvibes/reflexjourney/test/features/trainer/trainer_discovery_screen_test.dart: Ladefehler → gestalteter Error-State, Retry lädt neu                      00:48 +678: /Users/alexandermessinger/dev/claudvibes/reflexjourney/test/features/trainer/trainer_discovery_screen_test.dart: Ladefehler → gestalteter Error-State, Retry lädt neu                      
ClientException: Request to https://tile.openstreetmap.org/5/16/10.png failed with status 400: ., uri=https://tile.openstreetmap.org/5/16/10.png
ClientException: Request to https://tile.openstreetmap.org/5/17/10.png failed with status 400: ., uri=https://tile.openstreetmap.org/5/17/10.png
ClientException: Request to https://tile.openstreetmap.org/5/16/9.png failed with status 400: ., uri=https://tile.openstreetmap.org/5/16/9.png
ClientException: Request to https://tile.openstreetmap.org/5/17/9.png failed with status 400: ., uri=https://tile.openstreetmap.org/5/17/9.png
ClientException: Request to https://tile.openstreetmap.org/5/16/11.png failed with status 400: ., uri=https://tile.openstreetmap.org/5/16/11.png
ClientException: Request to https://tile.openstreetmap.org/5/17/11.png failed with status 400: ., uri=https://tile.openstreetmap.org/5/17/11.png
ClientException: Request to https://tile.openstreetmap.org/5/15/10.png failed with status 400: ., uri=https://tile.openstreetmap.org/5/15/10.png
ClientException: Request to https://tile.openstreetmap.org/5/18/10.png failed with status 400: ., uri=https://tile.openstreetmap.org/5/18/10.png
ClientException: Request to https://tile.openstreetmap.org/5/15/9.png failed with status 400: ., uri=https://tile.openstreetmap.org/5/15/9.png
ClientException: Request to https://tile.openstreetmap.org/5/18/9.png failed with status 400: ., uri=https://tile.openstreetmap.org/5/18/9.png
ClientException: Request to https://tile.openstreetmap.org/5/15/11.png failed with status 400: ., uri=https://tile.openstreetmap.org/5/15/11.png
ClientException: Request to https://tile.openstreetmap.org/5/18/11.png failed with status 400: ., uri=https://tile.openstreetmap.org/5/18/11.png
ClientException: Request to https://tile.openstreetmap.org/5/16/8.png failed with status 400: ., uri=https://tile.openstreetmap.org/5/16/8.png
ClientException: Request to https://tile.openstreetmap.org/5/17/8.png failed with status 400: ., uri=https://tile.openstreetmap.org/5/17/8.png
ClientException: Request to https://tile.openstreetmap.org/5/16/12.png failed with status 400: ., uri=https://tile.openstreetmap.org/5/16/12.png
ClientException: Request to https://tile.openstreetmap.org/5/17/12.png failed with status 400: ., uri=https://tile.openstreetmap.org/5/17/12.png
ClientException: Request to https://tile.openstreetmap.org/5/15/8.png failed with status 400: ., uri=https://tile.openstreetmap.org/5/15/8.png
ClientException: Request to https://tile.openstreetmap.org/5/18/8.png failed with status 400: ., uri=https://tile.openstreetmap.org/5/18/8.png
ClientException: Request to https://tile.openstreetmap.org/5/14/10.png failed with status 400: ., uri=https://tile.openstreetmap.org/5/14/10.png
ClientException: Request to https://tile.openstreetmap.org/5/19/10.png failed with status 400: ., uri=https://tile.openstreetmap.org/5/19/10.png
ClientException: Request to https://tile.openstreetmap.org/5/15/12.png failed with status 400: ., uri=https://tile.openstreetmap.org/5/15/12.png
ClientException: Request to https://tile.openstreetmap.org/5/18/12.png failed with status 400: ., uri=https://tile.openstreetmap.org/5/18/12.png
ClientException: Request to https://tile.openstreetmap.org/5/14/9.png failed with status 400: ., uri=https://tile.openstreetmap.org/5/14/9.png
ClientException: Request to https://tile.openstreetmap.org/5/19/9.png failed with status 400: ., uri=https://tile.openstreetmap.org/5/19/9.png
ClientException: Request to https://tile.openstreetmap.org/5/14/11.png failed with status 400: ., uri=https://tile.openstreetmap.org/5/14/11.png
ClientException: Request to https://tile.openstreetmap.org/5/19/11.png failed with status 400: ., uri=https://tile.openstreetmap.org/5/19/11.png
ClientException: Request to https://tile.openstreetmap.org/5/14/8.png failed with status 400: ., uri=https://tile.openstreetmap.org/5/14/8.png
ClientException: Request to https://tile.openstreetmap.org/5/19/8.png failed with status 400: ., uri=https://tile.openstreetmap.org/5/19/8.png
ClientException: Request to https://tile.openstreetmap.org/5/14/12.png failed with status 400: ., uri=https://tile.openstreetmap.org/5/14/12.png
ClientException: Request to https://tile.openstreetmap.org/5/19/12.png failed with status 400: ., uri=https://tile.openstreetmap.org/5/19/12.png
00:48 +679: /Users/alexandermessinger/dev/claudvibes/reflexjourney/test/features/trainer/trainer_discovery_screen_test.dart: Ladefehler → gestalteter Error-State, Retry lädt neu                      00:49 +679: /Users/alexandermessinger/dev/claudvibes/reflexjourney/test/features/trainer/trainer_discovery_screen_test.dart: Ladefehler → gestalteter Error-State, Retry lädt neu                      00:49 +679: loading /Users/alexandermessinger/dev/claudvibes/reflexjourney/test/features/onboarding/presentation/providers/entry_points_provider_test.dart                                             00:49 +679: /Users/alexandermessinger/dev/claudvibes/reflexjourney/test/features/onboarding/presentation/providers/entry_points_provider_test.dart: starts empty                                       00:49 +680: /Users/alexandermessinger/dev/claudvibes/reflexjourney/test/features/onboarding/presentation/providers/entry_points_provider_test.dart: starts empty                                       00:49 +680: /Users/alexandermessinger/dev/claudvibes/reflexjourney/test/features/onboarding/presentation/providers/entry_points_provider_test.dart: toggle adds key                                    00:49 +681: /Users/alexandermessinger/dev/claudvibes/reflexjourney/test/features/onboarding/presentation/providers/entry_points_provider_test.dart: toggle adds key                                    00:49 +681: /Users/alexandermessinger/dev/claudvibes/reflexjourney/test/features/onboarding/presentation/providers/entry_points_provider_test.dart: toggle removes already-selected key                00:49 +682: /Users/alexandermessinger/dev/claudvibes/reflexjourney/test/features/onboarding/presentation/providers/entry_points_provider_test.dart: toggle removes already-selected key                00:49 +682: /Users/alexandermessinger/dev/claudvibes/reflexjourney/test/features/onboarding/presentation/providers/entry_points_provider_test.dart: multiple keys selectable simultaneously            00:49 +683: /Users/alexandermessinger/dev/claudvibes/reflexjourney/test/features/onboarding/presentation/providers/entry_points_provider_test.dart: multiple keys selectable simultaneously            00:49 +683: loading /Users/alexandermessinger/dev/claudvibes/reflexjourney/test/widget_test.dart                                                                                                       00:49 +683: loading /Users/alexandermessinger/dev/claudvibes/reflexjourney/test/features/onboarding/presentation/screens/entry_points_screen_test.dart                                                 00:49 +683: /Users/alexandermessinger/dev/claudvibes/reflexjourney/test/features/onboarding/presentation/screens/entry_points_screen_test.dart: renders all 5 area cards                               00:50 +683: /Users/alexandermessinger/dev/claudvibes/reflexjourney/test/features/onboarding/presentation/screens/entry_points_screen_test.dart: renders all 5 area cards                               00:50 +684: /Users/alexandermessinger/dev/claudvibes/reflexjourney/test/features/onboarding/presentation/screens/entry_points_screen_test.dart: renders all 5 area cards                               00:50 +684: /Users/alexandermessinger/dev/claudvibes/reflexjourney/test/features/onboarding/presentation/screens/entry_points_screen_test.dart: card detail hidden by default, shown after tap         00:50 +685: /Users/alexandermessinger/dev/claudvibes/reflexjourney/test/features/onboarding/presentation/screens/entry_points_screen_test.dart: card detail hidden by default, shown after tap         00:50 +685: /Users/alexandermessinger/dev/claudvibes/reflexjourney/test/features/onboarding/presentation/screens/entry_points_screen_test.dart: chip tap updates provider selection                    00:50 +686: /Users/alexandermessinger/dev/claudvibes/reflexjourney/test/features/onboarding/presentation/screens/entry_points_screen_test.dart: chip tap updates provider selection                    00:50 +686: /Users/alexandermessinger/dev/claudvibes/reflexjourney/test/features/onboarding/presentation/screens/entry_points_screen_test.dart: Weiter button is always active                         00:50 +687: /Users/alexandermessinger/dev/claudvibes/reflexjourney/test/features/onboarding/presentation/screens/entry_points_screen_test.dart: Weiter button is always active                         00:50 +687: /Users/alexandermessinger/dev/claudvibes/reflexjourney/test/features/onboarding/presentation/screens/entry_points_screen_test.dart: Weiter button navigates to dashboard                   00:50 +688: /Users/alexandermessinger/dev/claudvibes/reflexjourney/test/features/onboarding/presentation/screens/entry_points_screen_test.dart: Weiter button navigates to dashboard                   00:50 +688: All tests passed!                                                                                                                                                                          

✅ Automated release-readiness checks passed.
   Continue with the manual smoke section in docs/RELEASE_READINESS_CHECKLIST.md
